[11:30:51] [trace] vge: Already included: Lib/Math.glsl, skipping
[11:30:51] [trace] vge: Already included: Lib/Frustum.glsl, skipping
[11:30:51] [trace] vge: Already included: Lib/Math.glsl, skipping
[11:30:51] [trace] vge: Already included: Lib/SpaceTraversal.glsl, skipping
[11:30:51] [trace] vge: Already included: Lib/BRDF.glsl, skipping
[11:30:51] [trace] vge: Already included: Lib/Math.glsl, skipping
[11:30:51] [trace] vge: Already included: Lib/Math.glsl, skipping
[11:30:51] [trace] vge: Already included: Lib/Math.glsl, skipping
[11:30:51] [info] vge: Created VAO: 18321423570139020029
[11:30:52] [info] vge: Created buffer: 0x1f109df9fa0
[11:30:52] [info] vge: Created texture: 0x1f109df9f70
[11:30:52] [info] vge: Created VAO: 4117590628754083159
[11:30:52] [info] vge: Created pipeline: 12186128667742980927
[11:30:52] [info] vge: Created pipeline: 13125131774341278748
[11:30:52] [info] vge: Created pipeline: 8796793445778038305
[11:30:52] [info] vge: Created pipeline: 4119747156148558671
[11:30:52] [info] vge: Created VAO: 7784144130630303761
[11:30:52] [info] vge: Created pipeline: 4053593842808065131
[11:30:52] [info] vge: Created pipeline: 7237818210155839156
[11:30:52] [info] vge: Created pipeline: 3461767134746994559
[11:30:52] [info] vge: Created texture: 0x1f109dfa0c0
[11:30:52] [info] vge: Created texture: 0x1f109df9e50
[11:30:52] [info] vge: Created texture: 0x1f109df9ca0
[11:30:52] [info] vge: Created texture: 0x1f109dfa180
[11:30:52] [info] vge: Created texture: 0x1f109df9d00
[11:30:52] [info] vge: Created pipeline: 13125131774341278748
[11:30:52] [info] vge: Created pipeline: 8796793445778038305
[11:30:52] [info] vge: Created pipeline: 7237818210155839156
[11:30:52] [info] vge: Created pipeline: 4053593842808065131
[11:30:52] [info] vge: Created pipeline: 3461767134746994559
[11:30:52] [info] vge: Created pipeline: 4119747156148558671
[11:30:52] [info] vge: Created pipeline: 12186128667742980927
[11:30:52] [info] vge: Created buffer: 0x1f109df9d60
[11:30:52] [info] vge: Created buffer: 0x1f109df9d90
[11:30:52] [info] vge: Created buffer: 0x1f109dfa150
[11:30:52] [info] vge: Created texture: 0x1f109fab380
[11:30:52] [info] vge: Created buffer: 0x1f109fab3b0
[11:30:52] [info] vge: Created texture: 0x1f109fab020
[11:30:52] [info] vge: Created texture: 0x1f109fab200
[11:30:52] [info] vge: Created texture: 0x1f109fab3e0
[11:30:52] [info] vge: Created texture: 0x1f109fab170
[11:30:52] [info] vge: Created texture: 0x1f109fab320
[11:30:52] [info] vge: Created texture: 0x1f109faaff0
[11:30:52] [info] vge: Created texture: 0x1f109fab4a0
[11:30:52] [info] vge: Created texture: 0x1f109fab470
[11:30:52] [info] vge: Created texture: 0x1f109faaf00
[11:30:52] [info] vge: Created texture: 0x1f109fab290
[11:30:52] [info] vge: Created texture: 0x1f109faae40
[11:30:52] [info] vge: Created texture: 0x1f109fab260
[11:30:52] [info] vge: Created texture: 0x1f109faae70
[11:30:52] [info] vge: Created texture: 0x1f109fab0b0
[11:30:52] [info] vge: Created texture: 0x1f109faade0
[11:30:52] [info] vge: Created texture: 0x1f109faae10
[11:30:52] [info] vge: Created texture: 0x1f109faad20
[11:30:52] [info] vge: Created texture: 0x1f109fab440
[11:30:52] [info] vge: Created texture: 0x1f109faaea0
[11:31:01] [info] vge: Body=world_link, Parent=robot_trans, Pos=(0,0,0), Quat=(1,0,0,0)
[11:31:01] [info] vge: Body=pelvis_link, Parent=world_link, Pos=(0,0,0), Quat=(1,0,0,0)
[11:31:01] [error] vge: Failed to load mesh: Unable to open file "D:/Git/robot_retarget_tool/post-eba工具/post-eba20260107/robots/h1\pelvis.STL".
[11:31:01] [error] vge: Failed to load mesh D:/Git/robot_retarget_tool/post-eba工具/post-eba20260107/robots/h1\pelvis.STL
[11:31:01] [error] vge: Failed to load mesh: pelvis.STL
[11:31:01] [info] vge: Geo=, Body=pelvis_link, Pos=(0,0,0), Quat=(1,0,0,0)
[11:31:01] [info] vge: Geo=, Body=pelvis_link, Pos=(0,0,0), Quat=(1,0,0,0)
[11:31:01] [info] vge: Body=left_hip_yaw_link_link, Parent=pelvis_link, Pos=(0,0.0875,-0.1742), Quat=(1,0,0,0)
[11:31:01] [error] vge: Failed to load mesh: Unable to open file "D:/Git/robot_retarget_tool/post-eba工具/post-eba20260107/robots/h1\left_hip_yaw_link.STL".
[11:31:01] [error] vge: Failed to load mesh D:/Git/robot_retarget_tool/post-eba工具/post-eba20260107/robots/h1\left_hip_yaw_link.STL
[11:31:01] [error] vge: Failed to load mesh: left_hip_yaw_link.STL
[11:31:01] [info] vge: Geo=, Body=left_hip_yaw_link_link, Pos=(0,0,0), Quat=(1,0,0,0)
[11:31:01] [info] vge: Geo=, Body=left_hip_yaw_link_link, Pos=(0.02,0,0), Quat=(0.7071067811865476,0,0.7071067811865476,0)
[11:31:01] [info] vge: Body=left_hip_roll_link_link, Parent=left_hip_yaw_link_link, Pos=(0.039468,0,0), Quat=(1,0,0,0)
[11:31:01] [error] vge: Failed to load mesh: Unable to open file "D:/Git/robot_retarget_tool/post-eba工具/post-eba20260107/robots/h1\left_hip_roll_link.STL".
[11:31:01] [error] vge: Failed to load mesh D:/Git/robot_retarget_tool/post-eba工具/post-eba20260107/robots/h1\left_hip_roll_link.STL
[11:31:01] [error] vge: Failed to load mesh: left_hip_roll_link.STL
[11:31:01] [info] vge: Geo=, Body=left_hip_roll_link_link, Pos=(0,0,0), Quat=(1,0,0,0)
[11:31:01] [warning] vge: Duplicate entity name stl_objects/cylinder.stl, replace with stl_objects/cylinder.stl1
[11:31:01] [info] vge: Geo=, Body=left_hip_roll_link_link, Pos=(0,0.06,0), Quat=(0.7071067811865476,0.7071067811865476,0,0)
[11:31:01] [info] vge: Body=left_hip_pitch_link_link, Parent=left_hip_roll_link_link, Pos=(0,0.11536,0), Quat=(1,0,0,0)
[11:31:01] [error] vge: Failed to load mesh: Unable to open file "D:/Git/robot_retarget_tool/post-eba工具/post-eba20260107/robots/h1\left_hip_pitch_link.STL".
[11:31:01] [error] vge: Failed to load mesh D:/Git/robot_retarget_tool/post-eba工具/post-eba20260107/robots/h1\left_hip_pitch_link.STL
[11:31:01] [error] vge: Failed to load mesh: left_hip_pitch_link.STL
[11:31:01] [info] vge: Geo=, Body=left_hip_pitch_link_link, Pos=(0,0,0), Quat=(1,0,0,0)
[11:31:01] [warning] vge: Duplicate entity name stl_objects/cylinder.stl, replace with stl_objects/cylinder.stl2
[11:31:01] [info] vge: Geo=, Body=left_hip_pitch_link_link, Pos=(0,0,-0.2), Quat=(1,0,0,0)
[11:31:01] [info] vge: Body=left_knee_link_link, Parent=left_hip_pitch_link_link, Pos=(0,0,-0.4), Quat=(1,0,0,0)
[11:31:01] [error] vge: Failed to load mesh: Unable to open file "D:/Git/robot_retarget_tool/post-eba工具/post-eba20260107/robots/h1\left_knee_link.STL".
[11:31:01] [error] vge: Failed to load mesh D:/Git/robot_retarget_tool/post-eba工具/post-eba20260107/robots/h1\left_knee_link.STL
[11:31:01] [error] vge: Failed to load mesh: left_knee_link.STL
[11:31:01] [info] vge: Geo=, Body=left_knee_link_link, Pos=(0,0,0), Quat=(1,0,0,0)
[11:31:01] [warning] vge: Duplicate entity name stl_objects/cylinder.stl, replace with stl_objects/cylinder.stl3
[11:31:01] [info] vge: Geo=, Body=left_knee_link_link, Pos=(0,0,-0.2), Quat=(1,0,0,0)
[11:31:01] [info] vge: Body=left_ankle_link_link, Parent=left_knee_link_link, Pos=(0,0,-0.4), Quat=(1,0,0,0)
[11:31:01] [error] vge: Failed to load mesh: Unable to open file "D:/Git/robot_retarget_tool/post-eba工具/post-eba20260107/robots/h1\left_ankle_link.STL".
[11:31:01] [error] vge: Failed to load mesh D:/Git/robot_retarget_tool/post-eba工具/post-eba20260107/robots/h1\left_ankle_link.STL
[11:31:01] [error] vge: Failed to load mesh: left_ankle_link.STL
[11:31:01] [info] vge: Geo=, Body=left_ankle_link_link, Pos=(0,0,0), Quat=(1,0,0,0)
[11:31:01] [info] vge: Geo=, Body=left_ankle_link_link, Pos=(0.05,0,-0.05), Quat=(1,0,0,0)
[11:31:01] [info] vge: Body=right_hip_yaw_link_link, Parent=pelvis_link, Pos=(0,-0.0875,-0.1742), Quat=(1,0,0,0)
[11:31:01] [error] vge: Failed to load mesh: Unable to open file "D:/Git/robot_retarget_tool/post-eba工具/post-eba20260107/robots/h1\right_hip_yaw_link.STL".
[11:31:01] [error] vge: Failed to load mesh D:/Git/robot_retarget_tool/post-eba工具/post-eba20260107/robots/h1\right_hip_yaw_link.STL
[11:31:01] [error] vge: Failed to load mesh: right_hip_yaw_link.STL
[11:31:01] [info] vge: Geo=, Body=right_hip_yaw_link_link, Pos=(0,0,0), Quat=(1,0,0,0)
[11:31:01] [warning] vge: Duplicate entity name stl_objects/cylinder.stl, replace with stl_objects/cylinder.stl4
[11:31:01] [info] vge: Geo=, Body=right_hip_yaw_link_link, Pos=(0.02,0,0), Quat=(0.7071067811865476,0,0.7071067811865476,0)
[11:31:01] [info] vge: Body=right_hip_roll_link_link, Parent=right_hip_yaw_link_link, Pos=(0.039468,0,0), Quat=(1,0,0,0)
[11:31:01] [error] vge: Failed to load mesh: Unable to open file "D:/Git/robot_retarget_tool/post-eba工具/post-eba20260107/robots/h1\right_hip_roll_link.STL".
[11:31:01] [error] vge: Failed to load mesh D:/Git/robot_retarget_tool/post-eba工具/post-eba20260107/robots/h1\right_hip_roll_link.STL
[11:31:01] [error] vge: Failed to load mesh: right_hip_roll_link.STL
[11:31:01] [info] vge: Geo=, Body=right_hip_roll_link_link, Pos=(0,0,0), Quat=(1,0,0,0)
[11:31:01] [warning] vge: Duplicate entity name stl_objects/cylinder.stl, replace with stl_objects/cylinder.stl5
[11:31:01] [info] vge: Geo=, Body=right_hip_roll_link_link, Pos=(0,-0.06,0), Quat=(0.7071067811865476,0.7071067811865476,0,0)
[11:31:01] [info] vge: Body=right_hip_pitch_link_link, Parent=right_hip_roll_link_link, Pos=(0,-0.11536,0), Quat=(1,0,0,0)
[11:31:01] [error] vge: Failed to load mesh: Unable to open file "D:/Git/robot_retarget_tool/post-eba工具/post-eba20260107/robots/h1\right_hip_pitch_link.STL".
[11:31:01] [error] vge: Failed to load mesh D:/Git/robot_retarget_tool/post-eba工具/post-eba20260107/robots/h1\right_hip_pitch_link.STL
[11:31:01] [error] vge: Failed to load mesh: right_hip_pitch_link.STL
[11:31:01] [info] vge: Geo=, Body=right_hip_pitch_link_link, Pos=(0,0,0), Quat=(1,0,0,0)
[11:31:01] [warning] vge: Duplicate entity name stl_objects/cylinder.stl, replace with stl_objects/cylinder.stl6
[11:31:01] [info] vge: Geo=, Body=right_hip_pitch_link_link, Pos=(0,0,-0.2), Quat=(1,0,0,0)
[11:31:01] [info] vge: Body=right_knee_link_link, Parent=right_hip_pitch_link_link, Pos=(0,0,-0.4), Quat=(1,0,0,0)
[11:31:01] [error] vge: Failed to load mesh: Unable to open file "D:/Git/robot_retarget_tool/post-eba工具/post-eba20260107/robots/h1\right_knee_link.STL".
[11:31:01] [error] vge: Failed to load mesh D:/Git/robot_retarget_tool/post-eba工具/post-eba20260107/robots/h1\right_knee_link.STL
[11:31:01] [error] vge: Failed to load mesh: right_knee_link.STL
[11:31:01] [info] vge: Geo=, Body=right_knee_link_link, Pos=(0,0,0), Quat=(1,0,0,0)
[11:31:01] [warning] vge: Duplicate entity name stl_objects/cylinder.stl, replace with stl_objects/cylinder.stl7
[11:31:01] [info] vge: Geo=, Body=right_knee_link_link, Pos=(0,0,-0.2), Quat=(1,0,0,0)
[11:31:01] [info] vge: Body=right_ankle_link_link, Parent=right_knee_link_link, Pos=(0,0,-0.4), Quat=(1,0,0,0)
[11:31:01] [error] vge: Failed to load mesh: Unable to open file "D:/Git/robot_retarget_tool/post-eba工具/post-eba20260107/robots/h1\right_ankle_link.STL".
[11:31:01] [error] vge: Failed to load mesh D:/Git/robot_retarget_tool/post-eba工具/post-eba20260107/robots/h1\right_ankle_link.STL
[11:31:01] [error] vge: Failed to load mesh: right_ankle_link.STL
[11:31:01] [info] vge: Geo=, Body=right_ankle_link_link, Pos=(0,0,0), Quat=(1,0,0,0)
[11:31:01] [warning] vge: Duplicate entity name stl_objects/box.stl, replace with stl_objects/box.stl8
[11:31:01] [info] vge: Geo=, Body=right_ankle_link_link, Pos=(0.05,0,-0.05), Quat=(1,0,0,0)
[11:31:01] [info] vge: Body=torso_link_link, Parent=pelvis_link, Pos=(0,0,0), Quat=(1,0,0,0)
[11:31:01] [error] vge: Failed to load mesh: Unable to open file "D:/Git/robot_retarget_tool/post-eba工具/post-eba20260107/robots/h1\torso_link.STL".
[11:31:01] [error] vge: Failed to load mesh D:/Git/robot_retarget_tool/post-eba工具/post-eba20260107/robots/h1\torso_link.STL
[11:31:01] [error] vge: Failed to load mesh: torso_link.STL
[11:31:01] [info] vge: Geo=, Body=torso_link_link, Pos=(0,0,0), Quat=(1,0,0,0)
[11:31:01] [warning] vge: Duplicate entity name stl_objects/box.stl, replace with stl_objects/box.stl9
[11:31:01] [info] vge: Geo=, Body=torso_link_link, Pos=(0,0,0.15), Quat=(1,0,0,0)
[11:31:01] [info] vge: Body=left_shoulder_pitch_link_link, Parent=torso_link_link, Pos=(0.0055,0.15535,0.42999), Quat=(0.9762962574315406,0.2164384848523179,0,0)
[11:31:01] [error] vge: Failed to load mesh: Unable to open file "D:/Git/robot_retarget_tool/post-eba工具/post-eba20260107/robots/h1\left_shoulder_pitch_link.STL".
[11:31:01] [error] vge: Failed to load mesh D:/Git/robot_retarget_tool/post-eba工具/post-eba20260107/robots/h1\left_shoulder_pitch_link.STL
[11:31:01] [error] vge: Failed to load mesh: left_shoulder_pitch_link.STL
[11:31:01] [info] vge: Geo=, Body=left_shoulder_pitch_link_link, Pos=(0,0,0), Quat=(1,0,0,0)
[11:31:01] [warning] vge: Duplicate entity name stl_objects/cylinder.stl, replace with stl_objects/cylinder.stl10
[11:31:01] [info] vge: Geo=, Body=left_shoulder_pitch_link_link, Pos=(0,-0.05,0), Quat=(0.7071067811865476,0.7071067811865476,0,0)
[11:31:01] [info] vge: Body=left_shoulder_roll_link_link, Parent=left_shoulder_pitch_link_link, Pos=(-0.0055,0.0565,-0.0165), Quat=(0.9762962574315406,-0.2164384848523179,0,0)
[11:31:01] [error] vge: Failed to load mesh: Unable to open file "D:/Git/robot_retarget_tool/post-eba工具/post-eba20260107/robots/h1\left_shoulder_roll_link.STL".
[11:31:01] [error] vge: Failed to load mesh D:/Git/robot_retarget_tool/post-eba工具/post-eba20260107/robots/h1\left_shoulder_roll_link.STL
[11:31:01] [error] vge: Failed to load mesh: left_shoulder_roll_link.STL
[11:31:01] [info] vge: Geo=, Body=left_shoulder_roll_link_link, Pos=(0,0,0), Quat=(1,0,0,0)
[11:31:01] [warning] vge: Duplicate entity name stl_objects/cylinder.stl, replace with stl_objects/cylinder.stl11
[11:31:01] [info] vge: Geo=, Body=left_shoulder_roll_link_link, Pos=(0,0,-0.04), Quat=(1,0,0,0)
[11:31:01] [info] vge: Body=left_shoulder_yaw_link_link, Parent=left_shoulder_roll_link_link, Pos=(0,0,-0.1343), Quat=(1,0,0,0)
[11:31:01] [error] vge: Failed to load mesh: Unable to open file "D:/Git/robot_retarget_tool/post-eba工具/post-eba20260107/robots/h1\left_shoulder_yaw_link.STL".
[11:31:01] [error] vge: Failed to load mesh D:/Git/robot_retarget_tool/post-eba工具/post-eba20260107/robots/h1\left_shoulder_yaw_link.STL
[11:31:01] [error] vge: Failed to load mesh: left_shoulder_yaw_link.STL
[11:31:01] [info] vge: Geo=, Body=left_shoulder_yaw_link_link, Pos=(0,0,0), Quat=(1,0,0,0)
[11:31:01] [warning] vge: Duplicate entity name stl_objects/cylinder.stl, replace with stl_objects/cylinder.stl12
[11:31:01] [info] vge: Geo=, Body=left_shoulder_yaw_link_link, Pos=(0,0,-0.11), Quat=(1,0,0,0)
[11:31:01] [info] vge: Body=left_elbow_link_link, Parent=left_shoulder_yaw_link_link, Pos=(0.0185,0,-0.198), Quat=(1,0,0,0)
[11:31:01] [error] vge: Failed to load mesh: Unable to open file "D:/Git/robot_retarget_tool/post-eba工具/post-eba20260107/robots/h1\left_elbow_link.STL".
[11:31:01] [error] vge: Failed to load mesh D:/Git/robot_retarget_tool/post-eba工具/post-eba20260107/robots/h1\left_elbow_link.STL
[11:31:01] [error] vge: Failed to load mesh: left_elbow_link.STL
[11:31:01] [info] vge: Geo=, Body=left_elbow_link_link, Pos=(0,0,0), Quat=(1,0,0,0)
[11:31:01] [warning] vge: Duplicate entity name stl_objects/cylinder.stl, replace with stl_objects/cylinder.stl13
[11:31:01] [info] vge: Geo=, Body=left_elbow_link_link, Pos=(0.125,0,0), Quat=(0.7073882691671998,0,0.706825181105366,0)
[11:31:01] [info] vge: Body=right_shoulder_pitch_link_link, Parent=torso_link_link, Pos=(0.0055,-0.15535,0.42999), Quat=(0.9762962574315406,-0.2164384848523179,0,0)
[11:31:01] [error] vge: Failed to load mesh: Unable to open file "D:/Git/robot_retarget_tool/post-eba工具/post-eba20260107/robots/h1\right_shoulder_pitch_link.STL".
[11:31:01] [error] vge: Failed to load mesh D:/Git/robot_retarget_tool/post-eba工具/post-eba20260107/robots/h1\right_shoulder_pitch_link.STL
[11:31:01] [error] vge: Failed to load mesh: right_shoulder_pitch_link.STL
[11:31:01] [info] vge: Geo=, Body=right_shoulder_pitch_link_link, Pos=(0,0,0), Quat=(1,0,0,0)
[11:31:01] [warning] vge: Duplicate entity name stl_objects/cylinder.stl, replace with stl_objects/cylinder.stl14
[11:31:01] [info] vge: Geo=, Body=right_shoulder_pitch_link_link, Pos=(0,0.05,0), Quat=(0.7071067811865476,-0.7071067811865476,0,0)
[11:31:01] [info] vge: Body=right_shoulder_roll_link_link, Parent=right_shoulder_pitch_link_link, Pos=(-0.0055,-0.0565,-0.0165), Quat=(0.9762962574315406,0.2164384848523179,0,0)
[11:31:01] [error] vge: Failed to load mesh: Unable to open file "D:/Git/robot_retarget_tool/post-eba工具/post-eba20260107/robots/h1\right_shoulder_roll_link.STL".
[11:31:01] [error] vge: Failed to load mesh D:/Git/robot_retarget_tool/post-eba工具/post-eba20260107/robots/h1\right_shoulder_roll_link.STL
[11:31:01] [error] vge: Failed to load mesh: right_shoulder_roll_link.STL
[11:31:01] [info] vge: Geo=, Body=right_shoulder_roll_link_link, Pos=(0,0,0), Quat=(1,0,0,0)
[11:31:01] [warning] vge: Duplicate entity name stl_objects/cylinder.stl, replace with stl_objects/cylinder.stl15
[11:31:01] [info] vge: Geo=, Body=right_shoulder_roll_link_link, Pos=(0,0,-0.04), Quat=(1,0,0,0)
[11:31:01] [info] vge: Body=right_shoulder_yaw_link_link, Parent=right_shoulder_roll_link_link, Pos=(0,0,-0.1343), Quat=(1,0,0,0)
[11:31:01] [error] vge: Failed to load mesh: Unable to open file "D:/Git/robot_retarget_tool/post-eba工具/post-eba20260107/robots/h1\right_shoulder_yaw_link.STL".
[11:31:01] [error] vge: Failed to load mesh D:/Git/robot_retarget_tool/post-eba工具/post-eba20260107/robots/h1\right_shoulder_yaw_link.STL
[11:31:01] [error] vge: Failed to load mesh: right_shoulder_yaw_link.STL
[11:31:01] [info] vge: Geo=, Body=right_shoulder_yaw_link_link, Pos=(0,0,0), Quat=(1,0,0,0)
[11:31:01] [warning] vge: Duplicate entity name stl_objects/cylinder.stl, replace with stl_objects/cylinder.stl16
[11:31:01] [info] vge: Geo=, Body=right_shoulder_yaw_link_link, Pos=(0,0,-0.11), Quat=(1,0,0,0)
[11:31:01] [info] vge: Body=right_elbow_link_link, Parent=right_shoulder_yaw_link_link, Pos=(0.0185,0,-0.198), Quat=(1,0,0,0)
[11:31:01] [error] vge: Failed to load mesh: Unable to open file "D:/Git/robot_retarget_tool/post-eba工具/post-eba20260107/robots/h1\right_elbow_link.STL".
[11:31:01] [error] vge: Failed to load mesh D:/Git/robot_retarget_tool/post-eba工具/post-eba20260107/robots/h1\right_elbow_link.STL
[11:31:01] [error] vge: Failed to load mesh: right_elbow_link.STL
[11:31:01] [info] vge: Geo=, Body=right_elbow_link_link, Pos=(0,0,0), Quat=(1,0,0,0)
[11:31:01] [warning] vge: Duplicate entity name stl_objects/cylinder.stl, replace with stl_objects/cylinder.stl17
[11:31:01] [info] vge: Geo=, Body=right_elbow_link_link, Pos=(0.125,0,0), Quat=(0.7073882691671998,0,0.706825181105366,0)
[11:31:01] [info] vge: Body=imu_link_link, Parent=torso_link_link, Pos=(-0.04452,-0.01891,0.27756), Quat=(1,0,0,0)
[11:31:01] [info] vge: Body=logo_link_link, Parent=torso_link_link, Pos=(0,0,0), Quat=(1,0,0,0)
[11:31:01] [error] vge: Failed to load mesh: Unable to open file "D:/Git/robot_retarget_tool/post-eba工具/post-eba20260107/robots/h1\logo_link.STL".
[11:31:01] [error] vge: Failed to load mesh D:/Git/robot_retarget_tool/post-eba工具/post-eba20260107/robots/h1\logo_link.STL
[11:31:01] [error] vge: Failed to load mesh: logo_link.STL
[11:31:01] [info] vge: Geo=, Body=logo_link_link, Pos=(0,0,0), Quat=(1,0,0,0)
[11:31:01] [info] vge: Body=d435_left_imager_link_link, Parent=torso_link_link, Pos=(0.10848474394,0.0175,0.69317107367), Quat=(0.23722415326385188,-0.6661252618732432,0.6661277086924484,-0.23722502463842265)
[11:31:01] [warning] vge: Duplicate entity name stl_objects/sphere.stl, replace with stl_objects/sphere.stl18
[11:31:01] [info] vge: Geo=, Body=d435_left_imager_link_link, Pos=(0,0,0), Quat=(1,0,0,0)
[11:31:01] [warning] vge: Duplicate entity name stl_objects/sphere.stl, replace with stl_objects/sphere.stl19
[11:31:01] [info] vge: Geo=, Body=d435_left_imager_link_link, Pos=(0,0,0), Quat=(1,0,0,0)
[11:31:01] [info] vge: Body=d435_rgb_module_link_link, Parent=torso_link_link, Pos=(0.10848474394,0.0325,0.69317107367), Quat=(0.23722415326385188,-0.6661252618732432,0.6661277086924484,-0.23722502463842265)
[11:31:01] [warning] vge: Duplicate entity name stl_objects/sphere.stl, replace with stl_objects/sphere.stl20
[11:31:01] [info] vge: Geo=, Body=d435_rgb_module_link_link, Pos=(0,0,0), Quat=(1,0,0,0)
[11:31:01] [warning] vge: Duplicate entity name stl_objects/sphere.stl, replace with stl_objects/sphere.stl21
[11:31:01] [info] vge: Geo=, Body=d435_rgb_module_link_link, Pos=(0,0,0), Quat=(1,0,0,0)
[11:31:01] [info] vge: Body=mid360_link_link, Parent=torso_link_link, Pos=(0.0472999018,0,0.67492878653), Quat=(0.9926204343132684,0,0.12126282770799257,0)
[11:31:01] [warning] vge: Duplicate entity name stl_objects/sphere.stl, replace with stl_objects/sphere.stl22
[11:31:01] [info] vge: Geo=, Body=mid360_link_link, Pos=(0,0,0), Quat=(1,0,0,0)
[11:31:01] [warning] vge: Duplicate entity name stl_objects/sphere.stl, replace with stl_objects/sphere.stl23
[11:31:01] [info] vge: Geo=, Body=mid360_link_link, Pos=(0,0,0), Quat=(1,0,0,0)
[11:31:01] [info] vge: left_hip_yaw_joint: pos=(0,0.0875,-0.1742, rot=(1,0,0,0)
[11:31:01] [info] vge: left_hip_roll_joint: pos=(0.039468,0.0875,-0.1742, rot=(1,0,0,0)
[11:31:01] [info] vge: left_hip_pitch_joint: pos=(0.039468,0.20286,-0.1742, rot=(1,0,0,0)
[11:31:01] [info] vge: left_knee_joint: pos=(0.039468,0.20286,-0.57420003, rot=(1,0,0,0)
[11:31:01] [info] vge: left_ankle_joint: pos=(0.039468,0.20286,-0.9742, rot=(1,0,0,0)
[11:31:01] [info] vge: right_hip_yaw_joint: pos=(0,-0.0875,-0.1742, rot=(1,0,0,0)
[11:31:01] [info] vge: right_hip_roll_joint: pos=(0.039468,-0.0875,-0.1742, rot=(1,0,0,0)
[11:31:01] [info] vge: right_hip_pitch_joint: pos=(0.039468,-0.20286,-0.1742, rot=(1,0,0,0)
[11:31:01] [info] vge: right_knee_joint: pos=(0.039468,-0.20286,-0.57420003, rot=(1,0,0,0)
[11:31:01] [info] vge: right_ankle_joint: pos=(0.039468,-0.20286,-0.9742, rot=(1,0,0,0)
[11:31:01] [info] vge: torso_joint: pos=(0,0,0, rot=(1,0,0,0)
[11:31:01] [info] vge: left_shoulder_pitch_joint: pos=(0.0055,0.15535,0.42999, rot=(0.97629625,0.21643849,0,0)
[11:31:01] [info] vge: left_shoulder_roll_joint: pos=(0,0.21352962,0.4389137, rot=(1,0,0,0)
[11:31:01] [info] vge: left_shoulder_yaw_joint: pos=(0,0.21352962,0.3046137, rot=(1,0,0,0)
[11:31:01] [info] vge: left_elbow_joint: pos=(0.0185,0.21352962,0.10661371, rot=(1,0,0,0)
[11:31:01] [info] vge: right_shoulder_pitch_joint: pos=(0.0055,-0.15535,0.42999, rot=(0.97629625,-0.21643849,0,0)
[11:31:01] [info] vge: right_shoulder_roll_joint: pos=(0,-0.21352962,0.4389137, rot=(1,0,0,0)
[11:31:01] [info] vge: right_shoulder_yaw_joint: pos=(0,-0.21352962,0.3046137, rot=(1,0,0,0)
[11:31:01] [info] vge: right_elbow_joint: pos=(0.0185,-0.21352962,0.10661371, rot=(1,0,0,0)
[11:31:01] [info] vge: Created VAO: 10989998421479126538
[11:31:01] [info] vge: Created pipeline: 6951005034478401311
[11:31:01] [info] vge: Created pipeline: 6951005034478401311
[11:31:03] [info] vge: MocapApi Version: 0.0.68.1d96a300
[11:31:48] [error] vge: %s(%d) : GL_CORE_ERROR=0x%X - %s
[11:31:48] [error] vge: %s(%d) : GL_CORE_ERROR=0x%X - %s
[11:31:48] [error] vge: %s(%d) : GL_CORE_ERROR=0x%X - %s
[11:31:48] [error] vge: %s(%d) : GL_CORE_ERROR=0x%X - %s
[11:31:48] [error] vge: %s(%d) : GL_CORE_ERROR=0x%X - %s
[11:31:48] [error] vge: %s(%d) : GL_CORE_ERROR=0x%X - %s
[11:31:48] [error] vge: %s(%d) : GL_CORE_ERROR=0x%X - %s
[11:31:48] [error] vge: %s(%d) : GL_CORE_ERROR=0x%X - %s
[11:31:48] [error] vge: %s(%d) : GL_CORE_ERROR=0x%X - %s
[11:31:48] [error] vge: %s(%d) : GL_CORE_ERROR=0x%X - %s
[11:31:48] [error] vge: %s(%d) : GL_CORE_ERROR=0x%X - %s
[11:31:48] [error] vge: %s(%d) : GL_CORE_ERROR=0x%X - %s
[11:31:48] [error] vge: %s(%d) : GL_CORE_ERROR=0x%X - %s
[11:31:48] [error] vge: %s(%d) : GL_CORE_ERROR=0x%X - %s
[11:31:48] [error] vge: %s(%d) : GL_CORE_ERROR=0x%X - %s
[11:31:48] [error] vge: %s(%d) : GL_CORE_ERROR=0x%X - %s
[11:31:48] [error] vge: %s(%d) : GL_CORE_ERROR=0x%X - %s
[11:31:48] [error] vge: %s(%d) : GL_CORE_ERROR=0x%X - %s
[11:31:48] [error] vge: %s(%d) : GL_CORE_ERROR=0x%X - %s
[11:31:48] [error] vge: %s(%d) : GL_CORE_ERROR=0x%X - %s
[11:31:48] [error] vge: %s(%d) : GL_CORE_ERROR=0x%X - %s
[11:31:48] [error] vge: %s(%d) : GL_CORE_ERROR=0x%X - %s
[11:31:48] [error] vge: %s(%d) : GL_CORE_ERROR=0x%X - %s
[11:31:48] [error] vge: %s(%d) : GL_CORE_ERROR=0x%X - %s
[11:31:48] [error] vge: %s(%d) : GL_CORE_ERROR=0x%X - %s
[11:31:48] [error] vge: %s(%d) : GL_CORE_ERROR=0x%X - %s
[11:31:48] [error] vge: %s(%d) : GL_CORE_ERROR=0x%X - %s
[11:31:48] [error] vge: %s(%d) : GL_CORE_ERROR=0x%X - %s
[11:31:48] [error] vge: %s(%d) : GL_CORE_ERROR=0x%X - %s
[11:31:48] [error] vge: %s(%d) : GL_CORE_ERROR=0x%X - %s
[11:31:48] [error] vge: %s(%d) : GL_CORE_ERROR=0x%X - %s
[11:31:48] [error] vge: %s(%d) : GL_CORE_ERROR=0x%X - %s
[11:31:48] [error] vge: %s(%d) : GL_CORE_ERROR=0x%X - %s
[11:31:48] [error] vge: %s(%d) : GL_CORE_ERROR=0x%X - %s
[11:31:48] [error] vge: %s(%d) : GL_CORE_ERROR=0x%X - %s
[11:31:48] [error] vge: %s(%d) : GL_CORE_ERROR=0x%X - %s
[11:31:48] [error] vge: %s(%d) : GL_CORE_ERROR=0x%X - %s
[11:31:48] [error] vge: %s(%d) : GL_CORE_ERROR=0x%X - %s
[11:31:48] [error] vge: %s(%d) : GL_CORE_ERROR=0x%X - %s
[11:31:48] [error] vge: %s(%d) : GL_CORE_ERROR=0x%X - %s
[11:31:48] [error] vge: %s(%d) : GL_CORE_ERROR=0x%X - %s
[11:31:48] [error] vge: %s(%d) : GL_CORE_ERROR=0x%X - %s
[11:31:48] [error] vge: %s(%d) : GL_CORE_ERROR=0x%X - %s
[11:31:48] [error] vge: %s(%d) : GL_CORE_ERROR=0x%X - %s
[11:31:48] [error] vge: %s(%d) : GL_CORE_ERROR=0x%X - %s
[11:31:48] [error] vge: %s(%d) : GL_CORE_ERROR=0x%X - %s
[11:31:48] [error] vge: %s(%d) : GL_CORE_ERROR=0x%X - %s
[11:31:48] [error] vge: %s(%d) : GL_CORE_ERROR=0x%X - %s
[11:31:48] [error] vge: %s(%d) : GL_CORE_ERROR=0x%X - %s
[11:31:48] [error] vge: %s(%d) : GL_CORE_ERROR=0x%X - %s
[11:31:48] [error] vge: %s(%d) : GL_CORE_ERROR=0x%X - %s
[11:31:48] [error] vge: %s(%d) : GL_CORE_ERROR=0x%X - %s
[11:31:48] [error] vge: %s(%d) : GL_CORE_ERROR=0x%X - %s
[11:31:48] [error] vge: %s(%d) : GL_CORE_ERROR=0x%X - %s
[11:31:48] [error] vge: %s(%d) : GL_CORE_ERROR=0x%X - %s
[11:31:48] [error] vge: %s(%d) : GL_CORE_ERROR=0x%X - %s
[11:31:48] [error] vge: %s(%d) : GL_CORE_ERROR=0x%X - %s
[11:31:48] [error] vge: %s(%d) : GL_CORE_ERROR=0x%X - %s
[11:31:48] [error] vge: %s(%d) : GL_CORE_ERROR=0x%X - %s
[11:31:48] [error] vge: %s(%d) : GL_CORE_ERROR=0x%X - %s
[11:31:48] [error] vge: %s(%d) : GL_CORE_ERROR=0x%X - %s
[11:31:48] [error] vge: %s(%d) : GL_CORE_ERROR=0x%X - %s
[11:31:48] [error] vge: %s(%d) : GL_CORE_ERROR=0x%X - %s
[11:31:48] [error] vge: %s(%d) : GL_CORE_ERROR=0x%X - %s
[11:31:48] [error] vge: %s(%d) : GL_CORE_ERROR=0x%X - %s
[11:31:48] [error] vge: %s(%d) : GL_CORE_ERROR=0x%X - %s
[11:31:48] [error] vge: %s(%d) : GL_CORE_ERROR=0x%X - %s
[11:31:48] [error] vge: %s(%d) : GL_CORE_ERROR=0x%X - %s
[11:31:48] [error] vge: %s(%d) : GL_CORE_ERROR=0x%X - %s
[11:31:48] [error] vge: %s(%d) : GL_CORE_ERROR=0x%X - %s
[11:31:48] [error] vge: %s(%d) : GL_CORE_ERROR=0x%X - %s
[11:31:48] [error] vge: %s(%d) : GL_CORE_ERROR=0x%X - %s
[11:31:48] [error] vge: %s(%d) : GL_CORE_ERROR=0x%X - %s
[11:31:48] [error] vge: %s(%d) : GL_CORE_ERROR=0x%X - %s
[11:31:48] [error] vge: %s(%d) : GL_CORE_ERROR=0x%X - %s
[11:31:48] [error] vge: %s(%d) : GL_CORE_ERROR=0x%X - %s
[11:31:48] [error] vge: %s(%d) : GL_CORE_ERROR=0x%X - %s
[11:31:48] [error] vge: %s(%d) : GL_CORE_ERROR=0x%X - %s
[11:31:48] [error] vge: %s(%d) : GL_CORE_ERROR=0x%X - %s
[11:31:48] [error] vge: %s(%d) : GL_CORE_ERROR=0x%X - %s
[11:31:48] [error] vge: %s(%d) : GL_CORE_ERROR=0x%X - %s
[11:31:48] [error] vge: %s(%d) : GL_CORE_ERROR=0x%X - %s
[11:31:48] [error] vge: %s(%d) : GL_CORE_ERROR=0x%X - %s
[11:31:48] [error] vge: %s(%d) : GL_CORE_ERROR=0x%X - %s
[11:31:48] [error] vge: %s(%d) : GL_CORE_ERROR=0x%X - %s
[11:31:48] [error] vge: %s(%d) : GL_CORE_ERROR=0x%X - %s
[11:31:48] [error] vge: %s(%d) : GL_CORE_ERROR=0x%X - %s
[11:31:48] [error] vge: %s(%d) : GL_CORE_ERROR=0x%X - %s
[11:31:49] [error] vge: %s(%d) : GL_CORE_ERROR=0x%X - %s
[11:31:49] [error] vge: %s(%d) : GL_CORE_ERROR=0x%X - %s
[11:31:49] [error] vge: %s(%d) : GL_CORE_ERROR=0x%X - %s
[11:31:49] [error] vge: %s(%d) : GL_CORE_ERROR=0x%X - %s
[11:31:49] [error] vge: %s(%d) : GL_CORE_ERROR=0x%X - %s
[11:31:49] [error] vge: %s(%d) : GL_CORE_ERROR=0x%X - %s
[11:31:49] [error] vge: %s(%d) : GL_CORE_ERROR=0x%X - %s
[11:31:49] [error] vge: %s(%d) : GL_CORE_ERROR=0x%X - %s
[11:31:49] [error] vge: %s(%d) : GL_CORE_ERROR=0x%X - %s
[11:31:49] [error] vge: %s(%d) : GL_CORE_ERROR=0x%X - %s
[11:31:49] [error] vge: %s(%d) : GL_CORE_ERROR=0x%X - %s
[11:31:49] [error] vge: %s(%d) : GL_CORE_ERROR=0x%X - %s
[11:31:49] [error] vge: %s(%d) : GL_CORE_ERROR=0x%X - %s
[11:31:49] [error] vge: %s(%d) : GL_CORE_ERROR=0x%X - %s
[11:31:49] [error] vge: %s(%d) : GL_CORE_ERROR=0x%X - %s
[11:31:49] [error] vge: %s(%d) : GL_CORE_ERROR=0x%X - %s
[11:31:49] [error] vge: %s(%d) : GL_CORE_ERROR=0x%X - %s
[11:31:49] [error] vge: %s(%d) : GL_CORE_ERROR=0x%X - %s
[11:31:49] [error] vge: %s(%d) : GL_CORE_ERROR=0x%X - %s
[11:31:49] [error] vge: %s(%d) : GL_CORE_ERROR=0x%X - %s
[11:31:49] [error] vge: %s(%d) : GL_CORE_ERROR=0x%X - %s
[11:31:49] [error] vge: %s(%d) : GL_CORE_ERROR=0x%X - %s
[11:31:49] [error] vge: %s(%d) : GL_CORE_ERROR=0x%X - %s
[11:31:49] [error] vge: %s(%d) : GL_CORE_ERROR=0x%X - %s
[11:31:49] [error] vge: %s(%d) : GL_CORE_ERROR=0x%X - %s
[11:31:49] [error] vge: %s(%d) : GL_CORE_ERROR=0x%X - %s
[11:31:49] [error] vge: %s(%d) : GL_CORE_ERROR=0x%X - %s
[11:31:49] [error] vge: %s(%d) : GL_CORE_ERROR=0x%X - %s
[11:31:49] [error] vge: %s(%d) : GL_CORE_ERROR=0x%X - %s
[11:31:49] [error] vge: %s(%d) : GL_CORE_ERROR=0x%X - %s
[11:31:49] [error] vge: %s(%d) : GL_CORE_ERROR=0x%X - %s
[11:31:49] [error] vge: %s(%d) : GL_CORE_ERROR=0x%X - %s
[11:31:49] [error] vge: %s(%d) : GL_CORE_ERROR=0x%X - %s
[11:31:49] [error] vge: %s(%d) : GL_CORE_ERROR=0x%X - %s
[11:31:49] [error] vge: %s(%d) : GL_CORE_ERROR=0x%X - %s
[11:31:49] [error] vge: %s(%d) : GL_CORE_ERROR=0x%X - %s
[11:31:49] [error] vge: %s(%d) : GL_CORE_ERROR=0x%X - %s
[11:31:49] [error] vge: %s(%d) : GL_CORE_ERROR=0x%X - %s
[11:31:49] [error] vge: %s(%d) : GL_CORE_ERROR=0x%X - %s
[11:31:49] [error] vge: %s(%d) : GL_CORE_ERROR=0x%X - %s
[11:31:49] [error] vge: %s(%d) : GL_CORE_ERROR=0x%X - %s
[11:31:49] [error] vge: %s(%d) : GL_CORE_ERROR=0x%X - %s
[11:31:49] [error] vge: %s(%d) : GL_CORE_ERROR=0x%X - %s
[11:31:49] [error] vge: %s(%d) : GL_CORE_ERROR=0x%X - %s
[11:31:49] [error] vge: %s(%d) : GL_CORE_ERROR=0x%X - %s
[11:31:49] [error] vge: %s(%d) : GL_CORE_ERROR=0x%X - %s
[11:31:49] [error] vge: %s(%d) : GL_CORE_ERROR=0x%X - %s
[11:31:49] [error] vge: %s(%d) : GL_CORE_ERROR=0x%X - %s
[11:31:49] [error] vge: %s(%d) : GL_CORE_ERROR=0x%X - %s
[11:31:49] [error] vge: %s(%d) : GL_CORE_ERROR=0x%X - %s
[11:31:49] [error] vge: %s(%d) : GL_CORE_ERROR=0x%X - %s
[11:31:49] [error] vge: %s(%d) : GL_CORE_ERROR=0x%X - %s
[11:31:49] [error] vge: %s(%d) : GL_CORE_ERROR=0x%X - %s
[11:31:49] [error] vge: %s(%d) : GL_CORE_ERROR=0x%X - %s
[11:31:49] [error] vge: %s(%d) : GL_CORE_ERROR=0x%X - %s
[11:31:49] [error] vge: %s(%d) : GL_CORE_ERROR=0x%X - %s
[11:31:49] [error] vge: %s(%d) : GL_CORE_ERROR=0x%X - %s
[11:31:49] [error] vge: %s(%d) : GL_CORE_ERROR=0x%X - %s
[11:31:49] [error] vge: %s(%d) : GL_CORE_ERROR=0x%X - %s
[11:31:49] [error] vge: %s(%d) : GL_CORE_ERROR=0x%X - %s
[11:31:49] [error] vge: %s(%d) : GL_CORE_ERROR=0x%X - %s
[11:31:49] [error] vge: %s(%d) : GL_CORE_ERROR=0x%X - %s
[11:31:49] [error] vge: %s(%d) : GL_CORE_ERROR=0x%X - %s
[11:31:49] [error] vge: %s(%d) : GL_CORE_ERROR=0x%X - %s
[11:31:49] [error] vge: %s(%d) : GL_CORE_ERROR=0x%X - %s
[11:31:49] [error] vge: %s(%d) : GL_CORE_ERROR=0x%X - %s
[11:31:49] [error] vge: %s(%d) : GL_CORE_ERROR=0x%X - %s
[11:31:49] [error] vge: %s(%d) : GL_CORE_ERROR=0x%X - %s
[11:31:49] [error] vge: %s(%d) : GL_CORE_ERROR=0x%X - %s
[11:31:49] [error] vge: %s(%d) : GL_CORE_ERROR=0x%X - %s
[11:31:49] [error] vge: %s(%d) : GL_CORE_ERROR=0x%X - %s
[11:31:49] [error] vge: %s(%d) : GL_CORE_ERROR=0x%X - %s
[11:31:49] [error] vge: %s(%d) : GL_CORE_ERROR=0x%X - %s
[11:31:49] [error] vge: %s(%d) : GL_CORE_ERROR=0x%X - %s
[11:31:49] [error] vge: %s(%d) : GL_CORE_ERROR=0x%X - %s
[11:31:49] [error] vge: %s(%d) : GL_CORE_ERROR=0x%X - %s
[11:31:49] [error] vge: %s(%d) : GL_CORE_ERROR=0x%X - %s
[11:31:49] [error] vge: %s(%d) : GL_CORE_ERROR=0x%X - %s
[11:31:49] [error] vge: %s(%d) : GL_CORE_ERROR=0x%X - %s
[11:31:49] [error] vge: %s(%d) : GL_CORE_ERROR=0x%X - %s
[11:31:49] [error] vge: %s(%d) : GL_CORE_ERROR=0x%X - %s
[11:31:49] [error] vge: %s(%d) : GL_CORE_ERROR=0x%X - %s
[11:31:49] [error] vge: %s(%d) : GL_CORE_ERROR=0x%X - %s
[11:31:49] [error] vge: %s(%d) : GL_CORE_ERROR=0x%X - %s
[11:31:49] [error] vge: %s(%d) : GL_CORE_ERROR=0x%X - %s
[11:31:49] [error] vge: %s(%d) : GL_CORE_ERROR=0x%X - %s
[11:31:49] [error] vge: %s(%d) : GL_CORE_ERROR=0x%X - %s
[11:31:49] [error] vge: %s(%d) : GL_CORE_ERROR=0x%X - %s
[11:31:49] [error] vge: %s(%d) : GL_CORE_ERROR=0x%X - %s
[11:31:50] [error] vge: %s(%d) : GL_CORE_ERROR=0x%X - %s
[11:31:50] [error] vge: %s(%d) : GL_CORE_ERROR=0x%X - %s
[11:31:50] [error] vge: %s(%d) : GL_CORE_ERROR=0x%X - %s
[11:31:50] [error] vge: %s(%d) : GL_CORE_ERROR=0x%X - %s
[11:31:50] [error] vge: %s(%d) : GL_CORE_ERROR=0x%X - %s
[11:31:50] [error] vge: %s(%d) : GL_CORE_ERROR=0x%X - %s
[11:31:50] [error] vge: %s(%d) : GL_CORE_ERROR=0x%X - %s
[11:31:50] [error] vge: %s(%d) : GL_CORE_ERROR=0x%X - %s
[11:31:50] [error] vge: %s(%d) : GL_CORE_ERROR=0x%X - %s
[11:31:50] [error] vge: %s(%d) : GL_CORE_ERROR=0x%X - %s
[11:31:50] [error] vge: %s(%d) : GL_CORE_ERROR=0x%X - %s
[11:31:50] [error] vge: %s(%d) : GL_CORE_ERROR=0x%X - %s
[11:31:50] [error] vge: %s(%d) : GL_CORE_ERROR=0x%X - %s
[11:31:50] [error] vge: %s(%d) : GL_CORE_ERROR=0x%X - %s
[11:31:50] [error] vge: %s(%d) : GL_CORE_ERROR=0x%X - %s
[11:31:50] [error] vge: %s(%d) : GL_CORE_ERROR=0x%X - %s
[11:31:50] [error] vge: %s(%d) : GL_CORE_ERROR=0x%X - %s
[11:31:50] [error] vge: %s(%d) : GL_CORE_ERROR=0x%X - %s
[11:31:50] [error] vge: %s(%d) : GL_CORE_ERROR=0x%X - %s
[11:31:50] [error] vge: %s(%d) : GL_CORE_ERROR=0x%X - %s
[11:31:50] [error] vge: %s(%d) : GL_CORE_ERROR=0x%X - %s
[11:31:50] [error] vge: %s(%d) : GL_CORE_ERROR=0x%X - %s
[11:31:50] [error] vge: %s(%d) : GL_CORE_ERROR=0x%X - %s
[11:31:50] [error] vge: %s(%d) : GL_CORE_ERROR=0x%X - %s
[11:31:50] [error] vge: %s(%d) : GL_CORE_ERROR=0x%X - %s
[11:31:50] [error] vge: %s(%d) : GL_CORE_ERROR=0x%X - %s
[11:31:50] [error] vge: %s(%d) : GL_CORE_ERROR=0x%X - %s
[11:31:50] [error] vge: %s(%d) : GL_CORE_ERROR=0x%X - %s
[11:31:50] [error] vge: %s(%d) : GL_CORE_ERROR=0x%X - %s
[11:31:50] [error] vge: %s(%d) : GL_CORE_ERROR=0x%X - %s
[11:31:50] [error] vge: %s(%d) : GL_CORE_ERROR=0x%X - %s
[11:31:50] [error] vge: %s(%d) : GL_CORE_ERROR=0x%X - %s
[11:31:50] [error] vge: %s(%d) : GL_CORE_ERROR=0x%X - %s
[11:31:50] [error] vge: %s(%d) : GL_CORE_ERROR=0x%X - %s
[11:31:50] [error] vge: %s(%d) : GL_CORE_ERROR=0x%X - %s
[11:31:50] [error] vge: %s(%d) : GL_CORE_ERROR=0x%X - %s
[11:31:50] [error] vge: %s(%d) : GL_CORE_ERROR=0x%X - %s
[11:31:50] [error] vge: %s(%d) : GL_CORE_ERROR=0x%X - %s
[11:31:50] [error] vge: %s(%d) : GL_CORE_ERROR=0x%X - %s
[11:31:50] [error] vge: %s(%d) : GL_CORE_ERROR=0x%X - %s
[11:31:50] [error] vge: %s(%d) : GL_CORE_ERROR=0x%X - %s
[11:31:50] [error] vge: %s(%d) : GL_CORE_ERROR=0x%X - %s
[11:31:50] [error] vge: %s(%d) : GL_CORE_ERROR=0x%X - %s
[11:31:50] [error] vge: %s(%d) : GL_CORE_ERROR=0x%X - %s
[11:31:50] [error] vge: %s(%d) : GL_CORE_ERROR=0x%X - %s
[11:31:50] [error] vge: %s(%d) : GL_CORE_ERROR=0x%X - %s
[11:31:50] [error] vge: %s(%d) : GL_CORE_ERROR=0x%X - %s
[11:31:50] [error] vge: %s(%d) : GL_CORE_ERROR=0x%X - %s
[11:31:50] [error] vge: %s(%d) : GL_CORE_ERROR=0x%X - %s
[11:31:50] [error] vge: %s(%d) : GL_CORE_ERROR=0x%X - %s
[11:31:50] [error] vge: %s(%d) : GL_CORE_ERROR=0x%X - %s
[11:31:50] [error] vge: %s(%d) : GL_CORE_ERROR=0x%X - %s
[11:31:50] [error] vge: %s(%d) : GL_CORE_ERROR=0x%X - %s
[11:31:50] [error] vge: %s(%d) : GL_CORE_ERROR=0x%X - %s
[11:31:50] [error] vge: %s(%d) : GL_CORE_ERROR=0x%X - %s
[11:31:50] [error] vge: %s(%d) : GL_CORE_ERROR=0x%X - %s
[11:31:50] [error] vge: %s(%d) : GL_CORE_ERROR=0x%X - %s
[11:31:50] [error] vge: %s(%d) : GL_CORE_ERROR=0x%X - %s
[11:31:50] [error] vge: %s(%d) : GL_CORE_ERROR=0x%X - %s
[11:31:50] [error] vge: %s(%d) : GL_CORE_ERROR=0x%X - %s
[11:31:50] [error] vge: %s(%d) : GL_CORE_ERROR=0x%X - %s
[11:31:50] [error] vge: %s(%d) : GL_CORE_ERROR=0x%X - %s
[11:31:50] [error] vge: %s(%d) : GL_CORE_ERROR=0x%X - %s
[11:31:50] [error] vge: %s(%d) : GL_CORE_ERROR=0x%X - %s
[11:31:50] [error] vge: %s(%d) : GL_CORE_ERROR=0x%X - %s
[11:31:50] [error] vge: %s(%d) : GL_CORE_ERROR=0x%X - %s
[11:31:50] [error] vge: %s(%d) : GL_CORE_ERROR=0x%X - %s
[11:31:50] [error] vge: %s(%d) : GL_CORE_ERROR=0x%X - %s
[11:31:50] [error] vge: %s(%d) : GL_CORE_ERROR=0x%X - %s
[11:31:50] [error] vge: %s(%d) : GL_CORE_ERROR=0x%X - %s
[11:31:50] [error] vge: %s(%d) : GL_CORE_ERROR=0x%X - %s
[11:31:50] [error] vge: %s(%d) : GL_CORE_ERROR=0x%X - %s
[11:31:50] [error] vge: %s(%d) : GL_CORE_ERROR=0x%X - %s
[11:31:50] [error] vge: %s(%d) : GL_CORE_ERROR=0x%X - %s
[11:31:50] [error] vge: %s(%d) : GL_CORE_ERROR=0x%X - %s
[11:31:50] [error] vge: %s(%d) : GL_CORE_ERROR=0x%X - %s
[11:31:50] [error] vge: %s(%d) : GL_CORE_ERROR=0x%X - %s
[11:31:50] [error] vge: %s(%d) : GL_CORE_ERROR=0x%X - %s
[11:31:50] [error] vge: %s(%d) : GL_CORE_ERROR=0x%X - %s
[11:31:50] [error] vge: %s(%d) : GL_CORE_ERROR=0x%X - %s
[11:31:50] [error] vge: %s(%d) : GL_CORE_ERROR=0x%X - %s
[11:31:50] [error] vge: %s(%d) : GL_CORE_ERROR=0x%X - %s
[11:31:50] [error] vge: %s(%d) : GL_CORE_ERROR=0x%X - %s
[11:31:50] [error] vge: %s(%d) : GL_CORE_ERROR=0x%X - %s
[11:31:50] [error] vge: %s(%d) : GL_CORE_ERROR=0x%X - %s
[11:31:50] [error] vge: %s(%d) : GL_CORE_ERROR=0x%X - %s
[11:31:50] [error] vge: %s(%d) : GL_CORE_ERROR=0x%X - %s
[11:31:50] [error] vge: %s(%d) : GL_CORE_ERROR=0x%X - %s
[11:31:50] [error] vge: %s(%d) : GL_CORE_ERROR=0x%X - %s
[11:31:51] [error] vge: %s(%d) : GL_CORE_ERROR=0x%X - %s
[11:31:51] [error] vge: %s(%d) : GL_CORE_ERROR=0x%X - %s
[11:31:51] [error] vge: %s(%d) : GL_CORE_ERROR=0x%X - %s
[11:31:51] [error] vge: %s(%d) : GL_CORE_ERROR=0x%X - %s
[11:31:51] [error] vge: %s(%d) : GL_CORE_ERROR=0x%X - %s
[11:31:51] [error] vge: %s(%d) : GL_CORE_ERROR=0x%X - %s
[11:31:51] [error] vge: %s(%d) : GL_CORE_ERROR=0x%X - %s
[11:31:51] [error] vge: %s(%d) : GL_CORE_ERROR=0x%X - %s
[11:31:51] [error] vge: %s(%d) : GL_CORE_ERROR=0x%X - %s
[11:31:51] [error] vge: %s(%d) : GL_CORE_ERROR=0x%X - %s
[11:31:51] [error] vge: %s(%d) : GL_CORE_ERROR=0x%X - %s
[11:31:51] [error] vge: %s(%d) : GL_CORE_ERROR=0x%X - %s
[11:31:51] [error] vge: %s(%d) : GL_CORE_ERROR=0x%X - %s
[11:31:51] [error] vge: %s(%d) : GL_CORE_ERROR=0x%X - %s
[11:31:51] [error] vge: %s(%d) : GL_CORE_ERROR=0x%X - %s
[11:31:51] [error] vge: %s(%d) : GL_CORE_ERROR=0x%X - %s
[11:31:51] [error] vge: %s(%d) : GL_CORE_ERROR=0x%X - %s
[11:31:51] [error] vge: %s(%d) : GL_CORE_ERROR=0x%X - %s
[11:31:51] [error] vge: %s(%d) : GL_CORE_ERROR=0x%X - %s
[11:31:51] [error] vge: %s(%d) : GL_CORE_ERROR=0x%X - %s
[11:31:51] [error] vge: %s(%d) : GL_CORE_ERROR=0x%X - %s
[11:31:51] [error] vge: %s(%d) : GL_CORE_ERROR=0x%X - %s
[11:31:51] [error] vge: %s(%d) : GL_CORE_ERROR=0x%X - %s
[11:31:51] [error] vge: %s(%d) : GL_CORE_ERROR=0x%X - %s
[11:31:51] [error] vge: %s(%d) : GL_CORE_ERROR=0x%X - %s
[11:31:51] [error] vge: %s(%d) : GL_CORE_ERROR=0x%X - %s
[11:31:51] [error] vge: %s(%d) : GL_CORE_ERROR=0x%X - %s
[11:31:51] [error] vge: %s(%d) : GL_CORE_ERROR=0x%X - %s
[11:31:51] [error] vge: %s(%d) : GL_CORE_ERROR=0x%X - %s
[11:31:51] [error] vge: %s(%d) : GL_CORE_ERROR=0x%X - %s
[11:31:51] [error] vge: %s(%d) : GL_CORE_ERROR=0x%X - %s
[11:31:51] [error] vge: %s(%d) : GL_CORE_ERROR=0x%X - %s
[11:31:51] [error] vge: %s(%d) : GL_CORE_ERROR=0x%X - %s
[11:31:51] [error] vge: %s(%d) : GL_CORE_ERROR=0x%X - %s
[11:31:51] [error] vge: %s(%d) : GL_CORE_ERROR=0x%X - %s
[11:31:51] [error] vge: %s(%d) : GL_CORE_ERROR=0x%X - %s
[11:31:51] [error] vge: %s(%d) : GL_CORE_ERROR=0x%X - %s
[11:31:51] [error] vge: %s(%d) : GL_CORE_ERROR=0x%X - %s
[11:31:51] [error] vge: %s(%d) : GL_CORE_ERROR=0x%X - %s
[11:31:51] [error] vge: %s(%d) : GL_CORE_ERROR=0x%X - %s
[11:31:51] [error] vge: %s(%d) : GL_CORE_ERROR=0x%X - %s
[11:31:51] [error] vge: %s(%d) : GL_CORE_ERROR=0x%X - %s
[11:31:51] [error] vge: %s(%d) : GL_CORE_ERROR=0x%X - %s
[11:31:51] [error] vge: %s(%d) : GL_CORE_ERROR=0x%X - %s
[11:31:51] [error] vge: %s(%d) : GL_CORE_ERROR=0x%X - %s
[11:31:51] [error] vge: %s(%d) : GL_CORE_ERROR=0x%X - %s
[11:31:51] [error] vge: %s(%d) : GL_CORE_ERROR=0x%X - %s
[11:31:51] [error] vge: %s(%d) : GL_CORE_ERROR=0x%X - %s
[11:31:51] [error] vge: %s(%d) : GL_CORE_ERROR=0x%X - %s
[11:31:51] [error] vge: %s(%d) : GL_CORE_ERROR=0x%X - %s
[11:31:51] [error] vge: %s(%d) : GL_CORE_ERROR=0x%X - %s
[11:31:51] [error] vge: %s(%d) : GL_CORE_ERROR=0x%X - %s
[11:31:51] [error] vge: %s(%d) : GL_CORE_ERROR=0x%X - %s
[11:31:51] [error] vge: %s(%d) : GL_CORE_ERROR=0x%X - %s
[11:31:51] [error] vge: %s(%d) : GL_CORE_ERROR=0x%X - %s
[11:31:51] [error] vge: %s(%d) : GL_CORE_ERROR=0x%X - %s
[11:31:51] [error] vge: %s(%d) : GL_CORE_ERROR=0x%X - %s
[11:31:51] [error] vge: %s(%d) : GL_CORE_ERROR=0x%X - %s
[11:31:51] [error] vge: %s(%d) : GL_CORE_ERROR=0x%X - %s
[11:31:51] [error] vge: %s(%d) : GL_CORE_ERROR=0x%X - %s
[11:31:51] [error] vge: %s(%d) : GL_CORE_ERROR=0x%X - %s
[11:31:51] [error] vge: %s(%d) : GL_CORE_ERROR=0x%X - %s
[11:31:51] [error] vge: %s(%d) : GL_CORE_ERROR=0x%X - %s
[11:31:51] [error] vge: %s(%d) : GL_CORE_ERROR=0x%X - %s
[11:31:51] [error] vge: %s(%d) : GL_CORE_ERROR=0x%X - %s
[11:31:51] [error] vge: %s(%d) : GL_CORE_ERROR=0x%X - %s
[11:31:51] [error] vge: %s(%d) : GL_CORE_ERROR=0x%X - %s
[11:31:51] [error] vge: %s(%d) : GL_CORE_ERROR=0x%X - %s
[11:31:51] [error] vge: %s(%d) : GL_CORE_ERROR=0x%X - %s
[11:31:51] [error] vge: %s(%d) : GL_CORE_ERROR=0x%X - %s
[11:31:51] [error] vge: %s(%d) : GL_CORE_ERROR=0x%X - %s
[11:31:51] [error] vge: %s(%d) : GL_CORE_ERROR=0x%X - %s
[11:31:51] [error] vge: %s(%d) : GL_CORE_ERROR=0x%X - %s
[11:31:51] [error] vge: %s(%d) : GL_CORE_ERROR=0x%X - %s
[11:31:51] [error] vge: %s(%d) : GL_CORE_ERROR=0x%X - %s
[11:31:51] [error] vge: %s(%d) : GL_CORE_ERROR=0x%X - %s
[11:31:51] [error] vge: %s(%d) : GL_CORE_ERROR=0x%X - %s
[11:31:51] [error] vge: %s(%d) : GL_CORE_ERROR=0x%X - %s
[11:31:51] [error] vge: %s(%d) : GL_CORE_ERROR=0x%X - %s
[11:31:51] [error] vge: %s(%d) : GL_CORE_ERROR=0x%X - %s
[11:31:51] [error] vge: %s(%d) : GL_CORE_ERROR=0x%X - %s
[11:31:51] [error] vge: %s(%d) : GL_CORE_ERROR=0x%X - %s
[11:31:51] [error] vge: %s(%d) : GL_CORE_ERROR=0x%X - %s
[11:31:51] [error] vge: %s(%d) : GL_CORE_ERROR=0x%X - %s
[11:31:51] [error] vge: %s(%d) : GL_CORE_ERROR=0x%X - %s
[11:31:51] [error] vge: %s(%d) : GL_CORE_ERROR=0x%X - %s
[11:31:51] [error] vge: %s(%d) : GL_CORE_ERROR=0x%X - %s
[11:31:51] [error] vge: %s(%d) : GL_CORE_ERROR=0x%X - %s
[11:31:51] [error] vge: %s(%d) : GL_CORE_ERROR=0x%X - %s
[11:31:52] [error] vge: %s(%d) : GL_CORE_ERROR=0x%X - %s
[11:31:52] [error] vge: %s(%d) : GL_CORE_ERROR=0x%X - %s
[11:31:52] [error] vge: %s(%d) : GL_CORE_ERROR=0x%X - %s
[11:31:52] [error] vge: %s(%d) : GL_CORE_ERROR=0x%X - %s
[11:31:52] [error] vge: %s(%d) : GL_CORE_ERROR=0x%X - %s
[11:31:52] [error] vge: %s(%d) : GL_CORE_ERROR=0x%X - %s
[11:31:52] [error] vge: %s(%d) : GL_CORE_ERROR=0x%X - %s
[11:31:52] [error] vge: %s(%d) : GL_CORE_ERROR=0x%X - %s
[11:31:52] [error] vge: %s(%d) : GL_CORE_ERROR=0x%X - %s
[11:31:52] [error] vge: %s(%d) : GL_CORE_ERROR=0x%X - %s
[11:31:52] [error] vge: %s(%d) : GL_CORE_ERROR=0x%X - %s
[11:31:52] [error] vge: %s(%d) : GL_CORE_ERROR=0x%X - %s
[11:31:52] [error] vge: %s(%d) : GL_CORE_ERROR=0x%X - %s
[11:31:52] [error] vge: %s(%d) : GL_CORE_ERROR=0x%X - %s
[11:31:52] [error] vge: %s(%d) : GL_CORE_ERROR=0x%X - %s
[11:31:52] [error] vge: %s(%d) : GL_CORE_ERROR=0x%X - %s
[11:31:52] [error] vge: %s(%d) : GL_CORE_ERROR=0x%X - %s
[11:31:52] [error] vge: %s(%d) : GL_CORE_ERROR=0x%X - %s
[11:31:52] [error] vge: %s(%d) : GL_CORE_ERROR=0x%X - %s
[11:31:52] [error] vge: %s(%d) : GL_CORE_ERROR=0x%X - %s
[11:31:52] [error] vge: %s(%d) : GL_CORE_ERROR=0x%X - %s
[11:31:52] [error] vge: %s(%d) : GL_CORE_ERROR=0x%X - %s
[11:31:52] [error] vge: %s(%d) : GL_CORE_ERROR=0x%X - %s
[11:31:52] [error] vge: %s(%d) : GL_CORE_ERROR=0x%X - %s
[11:31:52] [error] vge: %s(%d) : GL_CORE_ERROR=0x%X - %s
[11:31:52] [error] vge: %s(%d) : GL_CORE_ERROR=0x%X - %s
[11:31:52] [error] vge: %s(%d) : GL_CORE_ERROR=0x%X - %s
[11:31:52] [error] vge: %s(%d) : GL_CORE_ERROR=0x%X - %s
[11:31:52] [error] vge: %s(%d) : GL_CORE_ERROR=0x%X - %s
[11:31:52] [error] vge: %s(%d) : GL_CORE_ERROR=0x%X - %s
[11:31:52] [error] vge: %s(%d) : GL_CORE_ERROR=0x%X - %s
[11:31:52] [error] vge: %s(%d) : GL_CORE_ERROR=0x%X - %s
[11:31:52] [error] vge: %s(%d) : GL_CORE_ERROR=0x%X - %s
[11:31:52] [error] vge: %s(%d) : GL_CORE_ERROR=0x%X - %s
[11:31:52] [error] vge: %s(%d) : GL_CORE_ERROR=0x%X - %s
[11:31:52] [error] vge: %s(%d) : GL_CORE_ERROR=0x%X - %s
[11:31:52] [error] vge: %s(%d) : GL_CORE_ERROR=0x%X - %s
[11:31:52] [error] vge: %s(%d) : GL_CORE_ERROR=0x%X - %s
[11:31:52] [error] vge: %s(%d) : GL_CORE_ERROR=0x%X - %s
[11:31:52] [error] vge: %s(%d) : GL_CORE_ERROR=0x%X - %s
[11:31:52] [error] vge: %s(%d) : GL_CORE_ERROR=0x%X - %s
[11:31:52] [error] vge: %s(%d) : GL_CORE_ERROR=0x%X - %s
[11:31:52] [error] vge: %s(%d) : GL_CORE_ERROR=0x%X - %s
[11:31:52] [error] vge: %s(%d) : GL_CORE_ERROR=0x%X - %s
[11:31:52] [error] vge: %s(%d) : GL_CORE_ERROR=0x%X - %s
[11:31:52] [error] vge: %s(%d) : GL_CORE_ERROR=0x%X - %s
[11:31:52] [error] vge: %s(%d) : GL_CORE_ERROR=0x%X - %s
[11:31:52] [error] vge: %s(%d) : GL_CORE_ERROR=0x%X - %s
[11:31:52] [error] vge: %s(%d) : GL_CORE_ERROR=0x%X - %s
[11:31:52] [error] vge: %s(%d) : GL_CORE_ERROR=0x%X - %s
[11:31:52] [error] vge: %s(%d) : GL_CORE_ERROR=0x%X - %s
[11:31:52] [error] vge: %s(%d) : GL_CORE_ERROR=0x%X - %s
[11:31:52] [error] vge: %s(%d) : GL_CORE_ERROR=0x%X - %s
[11:31:52] [error] vge: %s(%d) : GL_CORE_ERROR=0x%X - %s
[11:31:52] [error] vge: %s(%d) : GL_CORE_ERROR=0x%X - %s
[11:31:52] [error] vge: %s(%d) : GL_CORE_ERROR=0x%X - %s
[11:31:52] [error] vge: %s(%d) : GL_CORE_ERROR=0x%X - %s
[11:31:52] [error] vge: %s(%d) : GL_CORE_ERROR=0x%X - %s
[11:31:52] [error] vge: %s(%d) : GL_CORE_ERROR=0x%X - %s
[11:31:52] [error] vge: %s(%d) : GL_CORE_ERROR=0x%X - %s
[11:31:52] [error] vge: %s(%d) : GL_CORE_ERROR=0x%X - %s
[11:31:52] [error] vge: %s(%d) : GL_CORE_ERROR=0x%X - %s
[11:31:52] [error] vge: %s(%d) : GL_CORE_ERROR=0x%X - %s
[11:31:52] [error] vge: %s(%d) : GL_CORE_ERROR=0x%X - %s
[11:31:52] [error] vge: %s(%d) : GL_CORE_ERROR=0x%X - %s
[11:31:52] [error] vge: %s(%d) : GL_CORE_ERROR=0x%X - %s
[11:31:52] [error] vge: %s(%d) : GL_CORE_ERROR=0x%X - %s
[11:31:52] [error] vge: %s(%d) : GL_CORE_ERROR=0x%X - %s
[11:31:52] [error] vge: %s(%d) : GL_CORE_ERROR=0x%X - %s
[11:31:52] [error] vge: %s(%d) : GL_CORE_ERROR=0x%X - %s
[11:31:52] [error] vge: %s(%d) : GL_CORE_ERROR=0x%X - %s
[11:31:52] [error] vge: %s(%d) : GL_CORE_ERROR=0x%X - %s
[11:31:52] [error] vge: %s(%d) : GL_CORE_ERROR=0x%X - %s
[11:31:52] [error] vge: %s(%d) : GL_CORE_ERROR=0x%X - %s
[11:31:52] [error] vge: %s(%d) : GL_CORE_ERROR=0x%X - %s
[11:31:52] [error] vge: %s(%d) : GL_CORE_ERROR=0x%X - %s
[11:31:52] [error] vge: %s(%d) : GL_CORE_ERROR=0x%X - %s
[11:31:52] [error] vge: %s(%d) : GL_CORE_ERROR=0x%X - %s
[11:31:52] [error] vge: %s(%d) : GL_CORE_ERROR=0x%X - %s
[11:31:52] [error] vge: %s(%d) : GL_CORE_ERROR=0x%X - %s
[11:31:52] [error] vge: %s(%d) : GL_CORE_ERROR=0x%X - %s
[11:31:52] [error] vge: %s(%d) : GL_CORE_ERROR=0x%X - %s
[11:31:52] [error] vge: %s(%d) : GL_CORE_ERROR=0x%X - %s
[11:31:52] [error] vge: %s(%d) : GL_CORE_ERROR=0x%X - %s
[11:31:52] [error] vge: %s(%d) : GL_CORE_ERROR=0x%X - %s
[11:31:52] [error] vge: %s(%d) : GL_CORE_ERROR=0x%X - %s
[11:31:52] [error] vge: %s(%d) : GL_CORE_ERROR=0x%X - %s
[11:31:52] [error] vge: %s(%d) : GL_CORE_ERROR=0x%X - %s
[11:31:52] [error] vge: %s(%d) : GL_CORE_ERROR=0x%X - %s
[11:31:52] [error] vge: %s(%d) : GL_CORE_ERROR=0x%X - %s
[11:31:53] [error] vge: %s(%d) : GL_CORE_ERROR=0x%X - %s
[11:31:53] [error] vge: %s(%d) : GL_CORE_ERROR=0x%X - %s
[11:31:53] [error] vge: %s(%d) : GL_CORE_ERROR=0x%X - %s
[11:31:53] [error] vge: %s(%d) : GL_CORE_ERROR=0x%X - %s
[11:31:53] [error] vge: %s(%d) : GL_CORE_ERROR=0x%X - %s
[11:31:53] [error] vge: %s(%d) : GL_CORE_ERROR=0x%X - %s
[11:31:53] [error] vge: %s(%d) : GL_CORE_ERROR=0x%X - %s
[11:31:53] [error] vge: %s(%d) : GL_CORE_ERROR=0x%X - %s
[11:31:53] [error] vge: %s(%d) : GL_CORE_ERROR=0x%X - %s
[11:31:53] [error] vge: %s(%d) : GL_CORE_ERROR=0x%X - %s
[11:31:53] [error] vge: %s(%d) : GL_CORE_ERROR=0x%X - %s
[11:31:53] [error] vge: %s(%d) : GL_CORE_ERROR=0x%X - %s
[11:31:53] [error] vge: %s(%d) : GL_CORE_ERROR=0x%X - %s
[11:31:53] [error] vge: %s(%d) : GL_CORE_ERROR=0x%X - %s
[11:31:53] [error] vge: %s(%d) : GL_CORE_ERROR=0x%X - %s
[11:31:53] [error] vge: %s(%d) : GL_CORE_ERROR=0x%X - %s
[11:31:53] [error] vge: %s(%d) : GL_CORE_ERROR=0x%X - %s
[11:31:53] [error] vge: %s(%d) : GL_CORE_ERROR=0x%X - %s
[11:31:53] [error] vge: %s(%d) : GL_CORE_ERROR=0x%X - %s
[11:31:53] [error] vge: %s(%d) : GL_CORE_ERROR=0x%X - %s
[11:31:53] [error] vge: %s(%d) : GL_CORE_ERROR=0x%X - %s
[11:31:53] [error] vge: %s(%d) : GL_CORE_ERROR=0x%X - %s
[11:31:53] [error] vge: %s(%d) : GL_CORE_ERROR=0x%X - %s
[11:31:53] [error] vge: %s(%d) : GL_CORE_ERROR=0x%X - %s
[11:31:53] [error] vge: %s(%d) : GL_CORE_ERROR=0x%X - %s
[11:31:53] [error] vge: %s(%d) : GL_CORE_ERROR=0x%X - %s
[11:31:53] [error] vge: %s(%d) : GL_CORE_ERROR=0x%X - %s
[11:31:53] [error] vge: %s(%d) : GL_CORE_ERROR=0x%X - %s
[11:31:53] [error] vge: %s(%d) : GL_CORE_ERROR=0x%X - %s
[11:31:53] [error] vge: %s(%d) : GL_CORE_ERROR=0x%X - %s
[11:31:53] [error] vge: %s(%d) : GL_CORE_ERROR=0x%X - %s
[11:31:53] [error] vge: %s(%d) : GL_CORE_ERROR=0x%X - %s
[11:31:53] [error] vge: %s(%d) : GL_CORE_ERROR=0x%X - %s
[11:31:53] [error] vge: %s(%d) : GL_CORE_ERROR=0x%X - %s
[11:31:53] [error] vge: %s(%d) : GL_CORE_ERROR=0x%X - %s
[11:31:53] [error] vge: %s(%d) : GL_CORE_ERROR=0x%X - %s
[11:31:53] [error] vge: %s(%d) : GL_CORE_ERROR=0x%X - %s
[11:31:53] [error] vge: %s(%d) : GL_CORE_ERROR=0x%X - %s
[11:31:53] [error] vge: %s(%d) : GL_CORE_ERROR=0x%X - %s
[11:31:53] [error] vge: %s(%d) : GL_CORE_ERROR=0x%X - %s
[11:31:53] [error] vge: %s(%d) : GL_CORE_ERROR=0x%X - %s
[11:31:53] [error] vge: %s(%d) : GL_CORE_ERROR=0x%X - %s
[11:31:53] [error] vge: %s(%d) : GL_CORE_ERROR=0x%X - %s
[11:31:53] [error] vge: %s(%d) : GL_CORE_ERROR=0x%X - %s
[11:31:53] [error] vge: %s(%d) : GL_CORE_ERROR=0x%X - %s
[11:31:53] [error] vge: %s(%d) : GL_CORE_ERROR=0x%X - %s
[11:31:53] [error] vge: %s(%d) : GL_CORE_ERROR=0x%X - %s
[11:31:53] [error] vge: %s(%d) : GL_CORE_ERROR=0x%X - %s
[11:31:53] [error] vge: %s(%d) : GL_CORE_ERROR=0x%X - %s
[11:31:53] [error] vge: %s(%d) : GL_CORE_ERROR=0x%X - %s
[11:31:53] [error] vge: %s(%d) : GL_CORE_ERROR=0x%X - %s
[11:31:53] [error] vge: %s(%d) : GL_CORE_ERROR=0x%X - %s
[11:31:53] [error] vge: %s(%d) : GL_CORE_ERROR=0x%X - %s
[11:31:53] [error] vge: %s(%d) : GL_CORE_ERROR=0x%X - %s
[11:31:53] [error] vge: %s(%d) : GL_CORE_ERROR=0x%X - %s
[11:31:53] [error] vge: %s(%d) : GL_CORE_ERROR=0x%X - %s
[11:31:53] [error] vge: %s(%d) : GL_CORE_ERROR=0x%X - %s
[11:31:53] [error] vge: %s(%d) : GL_CORE_ERROR=0x%X - %s
[11:31:53] [error] vge: %s(%d) : GL_CORE_ERROR=0x%X - %s
[11:31:53] [error] vge: %s(%d) : GL_CORE_ERROR=0x%X - %s
[11:31:53] [error] vge: %s(%d) : GL_CORE_ERROR=0x%X - %s
[11:31:53] [error] vge: %s(%d) : GL_CORE_ERROR=0x%X - %s
[11:31:53] [error] vge: %s(%d) : GL_CORE_ERROR=0x%X - %s
[11:31:53] [error] vge: %s(%d) : GL_CORE_ERROR=0x%X - %s
[11:31:53] [error] vge: %s(%d) : GL_CORE_ERROR=0x%X - %s
[11:31:53] [error] vge: %s(%d) : GL_CORE_ERROR=0x%X - %s
[11:31:53] [error] vge: %s(%d) : GL_CORE_ERROR=0x%X - %s
[11:31:53] [error] vge: %s(%d) : GL_CORE_ERROR=0x%X - %s
[11:31:53] [error] vge: %s(%d) : GL_CORE_ERROR=0x%X - %s
[11:31:53] [error] vge: %s(%d) : GL_CORE_ERROR=0x%X - %s
[11:31:53] [error] vge: %s(%d) : GL_CORE_ERROR=0x%X - %s
[11:31:53] [error] vge: %s(%d) : GL_CORE_ERROR=0x%X - %s
[11:31:53] [error] vge: %s(%d) : GL_CORE_ERROR=0x%X - %s
[11:31:53] [error] vge: %s(%d) : GL_CORE_ERROR=0x%X - %s
[11:31:53] [error] vge: %s(%d) : GL_CORE_ERROR=0x%X - %s
[11:31:53] [error] vge: %s(%d) : GL_CORE_ERROR=0x%X - %s
[11:31:53] [error] vge: %s(%d) : GL_CORE_ERROR=0x%X - %s
[11:31:53] [error] vge: %s(%d) : GL_CORE_ERROR=0x%X - %s
[11:31:53] [error] vge: %s(%d) : GL_CORE_ERROR=0x%X - %s
[11:31:53] [error] vge: %s(%d) : GL_CORE_ERROR=0x%X - %s
[11:31:53] [error] vge: %s(%d) : GL_CORE_ERROR=0x%X - %s
[11:31:53] [error] vge: %s(%d) : GL_CORE_ERROR=0x%X - %s
[11:31:53] [error] vge: %s(%d) : GL_CORE_ERROR=0x%X - %s
[11:31:53] [error] vge: %s(%d) : GL_CORE_ERROR=0x%X - %s
[11:31:53] [error] vge: %s(%d) : GL_CORE_ERROR=0x%X - %s
[11:31:53] [error] vge: %s(%d) : GL_CORE_ERROR=0x%X - %s
[11:31:53] [error] vge: %s(%d) : GL_CORE_ERROR=0x%X - %s
[11:31:53] [error] vge: %s(%d) : GL_CORE_ERROR=0x%X - %s
[11:31:53] [error] vge: %s(%d) : GL_CORE_ERROR=0x%X - %s
[11:31:54] [error] vge: %s(%d) : GL_CORE_ERROR=0x%X - %s
[11:31:54] [error] vge: %s(%d) : GL_CORE_ERROR=0x%X - %s
[11:31:54] [error] vge: %s(%d) : GL_CORE_ERROR=0x%X - %s
[11:31:54] [error] vge: %s(%d) : GL_CORE_ERROR=0x%X - %s
[11:31:54] [error] vge: %s(%d) : GL_CORE_ERROR=0x%X - %s
[11:31:54] [error] vge: %s(%d) : GL_CORE_ERROR=0x%X - %s
[11:31:54] [error] vge: %s(%d) : GL_CORE_ERROR=0x%X - %s
[11:31:54] [error] vge: %s(%d) : GL_CORE_ERROR=0x%X - %s
[11:31:54] [error] vge: %s(%d) : GL_CORE_ERROR=0x%X - %s
[11:31:54] [error] vge: %s(%d) : GL_CORE_ERROR=0x%X - %s
[11:31:54] [error] vge: %s(%d) : GL_CORE_ERROR=0x%X - %s
[11:31:54] [error] vge: %s(%d) : GL_CORE_ERROR=0x%X - %s
[11:31:54] [error] vge: %s(%d) : GL_CORE_ERROR=0x%X - %s
[11:31:54] [error] vge: %s(%d) : GL_CORE_ERROR=0x%X - %s
[11:31:54] [error] vge: %s(%d) : GL_CORE_ERROR=0x%X - %s
[11:31:54] [error] vge: %s(%d) : GL_CORE_ERROR=0x%X - %s
[11:31:54] [error] vge: %s(%d) : GL_CORE_ERROR=0x%X - %s
[11:31:54] [error] vge: %s(%d) : GL_CORE_ERROR=0x%X - %s
[11:31:54] [error] vge: %s(%d) : GL_CORE_ERROR=0x%X - %s
[11:31:54] [error] vge: %s(%d) : GL_CORE_ERROR=0x%X - %s
[11:31:54] [error] vge: %s(%d) : GL_CORE_ERROR=0x%X - %s
[11:31:54] [error] vge: %s(%d) : GL_CORE_ERROR=0x%X - %s
[11:31:54] [error] vge: %s(%d) : GL_CORE_ERROR=0x%X - %s
[11:31:54] [error] vge: %s(%d) : GL_CORE_ERROR=0x%X - %s
[11:31:54] [error] vge: %s(%d) : GL_CORE_ERROR=0x%X - %s
[11:31:54] [error] vge: %s(%d) : GL_CORE_ERROR=0x%X - %s
[11:31:54] [error] vge: %s(%d) : GL_CORE_ERROR=0x%X - %s
[11:31:54] [error] vge: %s(%d) : GL_CORE_ERROR=0x%X - %s
[11:31:54] [error] vge: %s(%d) : GL_CORE_ERROR=0x%X - %s
[11:31:54] [error] vge: %s(%d) : GL_CORE_ERROR=0x%X - %s
[11:31:54] [error] vge: %s(%d) : GL_CORE_ERROR=0x%X - %s
[11:31:54] [error] vge: %s(%d) : GL_CORE_ERROR=0x%X - %s
[11:31:54] [error] vge: %s(%d) : GL_CORE_ERROR=0x%X - %s
[11:31:54] [error] vge: %s(%d) : GL_CORE_ERROR=0x%X - %s
[11:31:54] [error] vge: %s(%d) : GL_CORE_ERROR=0x%X - %s
[11:31:54] [error] vge: %s(%d) : GL_CORE_ERROR=0x%X - %s
[11:31:54] [error] vge: %s(%d) : GL_CORE_ERROR=0x%X - %s
[11:31:54] [error] vge: %s(%d) : GL_CORE_ERROR=0x%X - %s
[11:31:54] [error] vge: %s(%d) : GL_CORE_ERROR=0x%X - %s
[11:31:54] [error] vge: %s(%d) : GL_CORE_ERROR=0x%X - %s
[11:31:54] [error] vge: %s(%d) : GL_CORE_ERROR=0x%X - %s
[11:31:54] [error] vge: %s(%d) : GL_CORE_ERROR=0x%X - %s
[11:31:54] [error] vge: %s(%d) : GL_CORE_ERROR=0x%X - %s
[11:31:54] [error] vge: %s(%d) : GL_CORE_ERROR=0x%X - %s
[11:31:54] [error] vge: %s(%d) : GL_CORE_ERROR=0x%X - %s
[11:31:54] [error] vge: %s(%d) : GL_CORE_ERROR=0x%X - %s
[11:31:54] [error] vge: %s(%d) : GL_CORE_ERROR=0x%X - %s
[11:31:54] [error] vge: %s(%d) : GL_CORE_ERROR=0x%X - %s
[11:31:54] [error] vge: %s(%d) : GL_CORE_ERROR=0x%X - %s
[11:31:54] [error] vge: %s(%d) : GL_CORE_ERROR=0x%X - %s
[11:31:54] [error] vge: %s(%d) : GL_CORE_ERROR=0x%X - %s
[11:31:54] [error] vge: %s(%d) : GL_CORE_ERROR=0x%X - %s
[11:31:54] [error] vge: %s(%d) : GL_CORE_ERROR=0x%X - %s
[11:31:54] [error] vge: %s(%d) : GL_CORE_ERROR=0x%X - %s
[11:31:54] [error] vge: %s(%d) : GL_CORE_ERROR=0x%X - %s
[11:31:54] [error] vge: %s(%d) : GL_CORE_ERROR=0x%X - %s
[11:31:54] [error] vge: %s(%d) : GL_CORE_ERROR=0x%X - %s
[11:31:54] [error] vge: %s(%d) : GL_CORE_ERROR=0x%X - %s
[11:31:54] [error] vge: %s(%d) : GL_CORE_ERROR=0x%X - %s
[11:31:54] [error] vge: %s(%d) : GL_CORE_ERROR=0x%X - %s
[11:31:54] [error] vge: %s(%d) : GL_CORE_ERROR=0x%X - %s
[11:31:54] [error] vge: %s(%d) : GL_CORE_ERROR=0x%X - %s
[11:31:54] [error] vge: %s(%d) : GL_CORE_ERROR=0x%X - %s
[11:31:54] [error] vge: %s(%d) : GL_CORE_ERROR=0x%X - %s
[11:31:54] [error] vge: %s(%d) : GL_CORE_ERROR=0x%X - %s
[11:31:54] [error] vge: %s(%d) : GL_CORE_ERROR=0x%X - %s
[11:31:54] [error] vge: %s(%d) : GL_CORE_ERROR=0x%X - %s
[11:31:54] [error] vge: %s(%d) : GL_CORE_ERROR=0x%X - %s
[11:31:54] [error] vge: %s(%d) : GL_CORE_ERROR=0x%X - %s
[11:31:54] [error] vge: %s(%d) : GL_CORE_ERROR=0x%X - %s
[11:31:54] [error] vge: %s(%d) : GL_CORE_ERROR=0x%X - %s
[11:31:54] [error] vge: %s(%d) : GL_CORE_ERROR=0x%X - %s
[11:31:54] [error] vge: %s(%d) : GL_CORE_ERROR=0x%X - %s
[11:31:54] [error] vge: %s(%d) : GL_CORE_ERROR=0x%X - %s
[11:31:54] [error] vge: %s(%d) : GL_CORE_ERROR=0x%X - %s
[11:31:54] [error] vge: %s(%d) : GL_CORE_ERROR=0x%X - %s
[11:31:54] [error] vge: %s(%d) : GL_CORE_ERROR=0x%X - %s
[11:31:54] [error] vge: %s(%d) : GL_CORE_ERROR=0x%X - %s
[11:31:54] [error] vge: %s(%d) : GL_CORE_ERROR=0x%X - %s
[11:31:54] [error] vge: %s(%d) : GL_CORE_ERROR=0x%X - %s
[11:31:54] [error] vge: %s(%d) : GL_CORE_ERROR=0x%X - %s
[11:31:54] [error] vge: %s(%d) : GL_CORE_ERROR=0x%X - %s
[11:31:54] [error] vge: %s(%d) : GL_CORE_ERROR=0x%X - %s
[11:31:54] [error] vge: %s(%d) : GL_CORE_ERROR=0x%X - %s
[11:31:54] [error] vge: %s(%d) : GL_CORE_ERROR=0x%X - %s
[11:31:54] [error] vge: %s(%d) : GL_CORE_ERROR=0x%X - %s
[11:31:54] [error] vge: %s(%d) : GL_CORE_ERROR=0x%X - %s
[11:31:54] [error] vge: %s(%d) : GL_CORE_ERROR=0x%X - %s
[11:31:54] [error] vge: %s(%d) : GL_CORE_ERROR=0x%X - %s
[11:31:54] [error] vge: %s(%d) : GL_CORE_ERROR=0x%X - %s
[11:31:55] [error] vge: %s(%d) : GL_CORE_ERROR=0x%X - %s
[11:31:55] [error] vge: %s(%d) : GL_CORE_ERROR=0x%X - %s
[11:31:55] [error] vge: %s(%d) : GL_CORE_ERROR=0x%X - %s
[11:31:55] [error] vge: %s(%d) : GL_CORE_ERROR=0x%X - %s
[11:31:55] [error] vge: %s(%d) : GL_CORE_ERROR=0x%X - %s
[11:31:55] [error] vge: %s(%d) : GL_CORE_ERROR=0x%X - %s
[11:31:55] [error] vge: %s(%d) : GL_CORE_ERROR=0x%X - %s
[11:31:55] [error] vge: %s(%d) : GL_CORE_ERROR=0x%X - %s
[11:31:55] [error] vge: %s(%d) : GL_CORE_ERROR=0x%X - %s
[11:31:55] [error] vge: %s(%d) : GL_CORE_ERROR=0x%X - %s
[11:31:55] [error] vge: %s(%d) : GL_CORE_ERROR=0x%X - %s
[11:31:55] [error] vge: %s(%d) : GL_CORE_ERROR=0x%X - %s
[11:31:55] [error] vge: %s(%d) : GL_CORE_ERROR=0x%X - %s
[11:31:55] [error] vge: %s(%d) : GL_CORE_ERROR=0x%X - %s
[11:31:55] [error] vge: %s(%d) : GL_CORE_ERROR=0x%X - %s
[11:31:55] [error] vge: %s(%d) : GL_CORE_ERROR=0x%X - %s
[11:31:55] [error] vge: %s(%d) : GL_CORE_ERROR=0x%X - %s
[11:31:55] [error] vge: %s(%d) : GL_CORE_ERROR=0x%X - %s
[11:31:55] [error] vge: %s(%d) : GL_CORE_ERROR=0x%X - %s
[11:31:55] [error] vge: %s(%d) : GL_CORE_ERROR=0x%X - %s
[11:31:55] [error] vge: %s(%d) : GL_CORE_ERROR=0x%X - %s
[11:31:55] [error] vge: %s(%d) : GL_CORE_ERROR=0x%X - %s
[11:31:55] [error] vge: %s(%d) : GL_CORE_ERROR=0x%X - %s
[11:31:55] [error] vge: %s(%d) : GL_CORE_ERROR=0x%X - %s
[11:31:55] [error] vge: %s(%d) : GL_CORE_ERROR=0x%X - %s
[11:31:55] [error] vge: %s(%d) : GL_CORE_ERROR=0x%X - %s
[11:31:55] [error] vge: %s(%d) : GL_CORE_ERROR=0x%X - %s
[11:31:55] [error] vge: %s(%d) : GL_CORE_ERROR=0x%X - %s
[11:31:55] [error] vge: %s(%d) : GL_CORE_ERROR=0x%X - %s
[11:31:55] [error] vge: %s(%d) : GL_CORE_ERROR=0x%X - %s
[11:31:55] [error] vge: %s(%d) : GL_CORE_ERROR=0x%X - %s
[11:31:55] [error] vge: %s(%d) : GL_CORE_ERROR=0x%X - %s
[11:31:55] [error] vge: %s(%d) : GL_CORE_ERROR=0x%X - %s
[11:31:55] [error] vge: %s(%d) : GL_CORE_ERROR=0x%X - %s
[11:31:55] [error] vge: %s(%d) : GL_CORE_ERROR=0x%X - %s
[11:31:55] [error] vge: %s(%d) : GL_CORE_ERROR=0x%X - %s
[11:31:55] [error] vge: %s(%d) : GL_CORE_ERROR=0x%X - %s
[11:31:55] [error] vge: %s(%d) : GL_CORE_ERROR=0x%X - %s
[11:31:55] [error] vge: %s(%d) : GL_CORE_ERROR=0x%X - %s
[11:31:55] [error] vge: %s(%d) : GL_CORE_ERROR=0x%X - %s
[11:31:55] [error] vge: %s(%d) : GL_CORE_ERROR=0x%X - %s
[11:31:55] [error] vge: %s(%d) : GL_CORE_ERROR=0x%X - %s
[11:31:55] [error] vge: %s(%d) : GL_CORE_ERROR=0x%X - %s
[11:31:55] [error] vge: %s(%d) : GL_CORE_ERROR=0x%X - %s
[11:31:55] [error] vge: %s(%d) : GL_CORE_ERROR=0x%X - %s
[11:31:55] [error] vge: %s(%d) : GL_CORE_ERROR=0x%X - %s
[11:31:55] [error] vge: %s(%d) : GL_CORE_ERROR=0x%X - %s
[11:31:55] [error] vge: %s(%d) : GL_CORE_ERROR=0x%X - %s
[11:31:55] [error] vge: %s(%d) : GL_CORE_ERROR=0x%X - %s
[11:31:55] [error] vge: %s(%d) : GL_CORE_ERROR=0x%X - %s
[11:31:55] [error] vge: %s(%d) : GL_CORE_ERROR=0x%X - %s
[11:31:55] [error] vge: %s(%d) : GL_CORE_ERROR=0x%X - %s
[11:31:55] [error] vge: %s(%d) : GL_CORE_ERROR=0x%X - %s
[11:31:55] [error] vge: %s(%d) : GL_CORE_ERROR=0x%X - %s
[11:31:55] [error] vge: %s(%d) : GL_CORE_ERROR=0x%X - %s
[11:31:55] [error] vge: %s(%d) : GL_CORE_ERROR=0x%X - %s
[11:31:55] [error] vge: %s(%d) : GL_CORE_ERROR=0x%X - %s
[11:31:55] [error] vge: %s(%d) : GL_CORE_ERROR=0x%X - %s
[11:31:55] [error] vge: %s(%d) : GL_CORE_ERROR=0x%X - %s
[11:31:55] [error] vge: %s(%d) : GL_CORE_ERROR=0x%X - %s
[11:31:55] [error] vge: %s(%d) : GL_CORE_ERROR=0x%X - %s
[11:31:55] [error] vge: %s(%d) : GL_CORE_ERROR=0x%X - %s
[11:31:55] [error] vge: %s(%d) : GL_CORE_ERROR=0x%X - %s
[11:31:55] [error] vge: %s(%d) : GL_CORE_ERROR=0x%X - %s
[11:31:55] [error] vge: %s(%d) : GL_CORE_ERROR=0x%X - %s
[11:31:55] [error] vge: %s(%d) : GL_CORE_ERROR=0x%X - %s
[11:31:55] [error] vge: %s(%d) : GL_CORE_ERROR=0x%X - %s
[11:31:55] [error] vge: %s(%d) : GL_CORE_ERROR=0x%X - %s
[11:31:55] [error] vge: %s(%d) : GL_CORE_ERROR=0x%X - %s
[11:31:55] [error] vge: %s(%d) : GL_CORE_ERROR=0x%X - %s
[11:31:55] [error] vge: %s(%d) : GL_CORE_ERROR=0x%X - %s
[11:31:55] [error] vge: %s(%d) : GL_CORE_ERROR=0x%X - %s
[11:31:55] [error] vge: %s(%d) : GL_CORE_ERROR=0x%X - %s
[11:31:55] [error] vge: %s(%d) : GL_CORE_ERROR=0x%X - %s
[11:31:55] [error] vge: %s(%d) : GL_CORE_ERROR=0x%X - %s
[11:31:55] [error] vge: %s(%d) : GL_CORE_ERROR=0x%X - %s
[11:31:55] [error] vge: %s(%d) : GL_CORE_ERROR=0x%X - %s
[11:31:55] [error] vge: %s(%d) : GL_CORE_ERROR=0x%X - %s
[11:31:55] [error] vge: %s(%d) : GL_CORE_ERROR=0x%X - %s
[11:31:55] [error] vge: %s(%d) : GL_CORE_ERROR=0x%X - %s
[11:31:55] [error] vge: %s(%d) : GL_CORE_ERROR=0x%X - %s
[11:31:55] [error] vge: %s(%d) : GL_CORE_ERROR=0x%X - %s
[11:31:55] [error] vge: %s(%d) : GL_CORE_ERROR=0x%X - %s
[11:31:55] [error] vge: %s(%d) : GL_CORE_ERROR=0x%X - %s
[11:31:55] [error] vge: %s(%d) : GL_CORE_ERROR=0x%X - %s
[11:31:55] [error] vge: %s(%d) : GL_CORE_ERROR=0x%X - %s
[11:31:55] [error] vge: %s(%d) : GL_CORE_ERROR=0x%X - %s
[11:31:55] [error] vge: %s(%d) : GL_CORE_ERROR=0x%X - %s
[11:31:55] [error] vge: %s(%d) : GL_CORE_ERROR=0x%X - %s
[11:31:56] [error] vge: %s(%d) : GL_CORE_ERROR=0x%X - %s
[11:31:56] [error] vge: %s(%d) : GL_CORE_ERROR=0x%X - %s
[11:31:56] [error] vge: %s(%d) : GL_CORE_ERROR=0x%X - %s
[11:31:56] [error] vge: %s(%d) : GL_CORE_ERROR=0x%X - %s
[11:31:56] [error] vge: %s(%d) : GL_CORE_ERROR=0x%X - %s
[11:31:56] [error] vge: %s(%d) : GL_CORE_ERROR=0x%X - %s
[11:31:56] [error] vge: %s(%d) : GL_CORE_ERROR=0x%X - %s
[11:31:56] [error] vge: %s(%d) : GL_CORE_ERROR=0x%X - %s
[11:31:56] [error] vge: %s(%d) : GL_CORE_ERROR=0x%X - %s
[11:31:56] [error] vge: %s(%d) : GL_CORE_ERROR=0x%X - %s
[11:31:56] [error] vge: %s(%d) : GL_CORE_ERROR=0x%X - %s
[11:31:56] [error] vge: %s(%d) : GL_CORE_ERROR=0x%X - %s
[11:31:56] [error] vge: %s(%d) : GL_CORE_ERROR=0x%X - %s
[11:31:56] [error] vge: %s(%d) : GL_CORE_ERROR=0x%X - %s
[11:31:56] [error] vge: %s(%d) : GL_CORE_ERROR=0x%X - %s
[11:31:56] [error] vge: %s(%d) : GL_CORE_ERROR=0x%X - %s
[11:31:56] [error] vge: %s(%d) : GL_CORE_ERROR=0x%X - %s
[11:31:56] [error] vge: %s(%d) : GL_CORE_ERROR=0x%X - %s
[11:31:56] [error] vge: %s(%d) : GL_CORE_ERROR=0x%X - %s
[11:31:56] [error] vge: %s(%d) : GL_CORE_ERROR=0x%X - %s
[11:31:56] [error] vge: %s(%d) : GL_CORE_ERROR=0x%X - %s
[11:31:56] [error] vge: %s(%d) : GL_CORE_ERROR=0x%X - %s
[11:31:56] [error] vge: %s(%d) : GL_CORE_ERROR=0x%X - %s
[11:31:56] [error] vge: %s(%d) : GL_CORE_ERROR=0x%X - %s
[11:31:56] [error] vge: %s(%d) : GL_CORE_ERROR=0x%X - %s
[11:31:56] [error] vge: %s(%d) : GL_CORE_ERROR=0x%X - %s
[11:31:56] [error] vge: %s(%d) : GL_CORE_ERROR=0x%X - %s
[11:31:56] [error] vge: %s(%d) : GL_CORE_ERROR=0x%X - %s
[11:31:56] [error] vge: %s(%d) : GL_CORE_ERROR=0x%X - %s
[11:31:56] [error] vge: %s(%d) : GL_CORE_ERROR=0x%X - %s
[11:31:56] [error] vge: %s(%d) : GL_CORE_ERROR=0x%X - %s
[11:31:56] [error] vge: %s(%d) : GL_CORE_ERROR=0x%X - %s
[11:31:56] [error] vge: %s(%d) : GL_CORE_ERROR=0x%X - %s
[11:31:56] [error] vge: %s(%d) : GL_CORE_ERROR=0x%X - %s
[11:31:56] [error] vge: %s(%d) : GL_CORE_ERROR=0x%X - %s
[11:31:56] [error] vge: %s(%d) : GL_CORE_ERROR=0x%X - %s
[11:31:56] [error] vge: %s(%d) : GL_CORE_ERROR=0x%X - %s
[11:31:56] [error] vge: %s(%d) : GL_CORE_ERROR=0x%X - %s
[11:31:56] [error] vge: %s(%d) : GL_CORE_ERROR=0x%X - %s
[11:31:56] [error] vge: %s(%d) : GL_CORE_ERROR=0x%X - %s
[11:31:56] [error] vge: %s(%d) : GL_CORE_ERROR=0x%X - %s
[11:31:56] [error] vge: %s(%d) : GL_CORE_ERROR=0x%X - %s
[11:31:56] [error] vge: %s(%d) : GL_CORE_ERROR=0x%X - %s
[11:31:56] [error] vge: %s(%d) : GL_CORE_ERROR=0x%X - %s
[11:31:56] [error] vge: %s(%d) : GL_CORE_ERROR=0x%X - %s
[11:31:56] [error] vge: %s(%d) : GL_CORE_ERROR=0x%X - %s
[11:31:56] [error] vge: %s(%d) : GL_CORE_ERROR=0x%X - %s
[11:31:56] [error] vge: %s(%d) : GL_CORE_ERROR=0x%X - %s
[11:31:56] [error] vge: %s(%d) : GL_CORE_ERROR=0x%X - %s
[11:31:56] [error] vge: %s(%d) : GL_CORE_ERROR=0x%X - %s
[11:31:56] [error] vge: %s(%d) : GL_CORE_ERROR=0x%X - %s
[11:31:56] [error] vge: %s(%d) : GL_CORE_ERROR=0x%X - %s
[11:31:56] [error] vge: %s(%d) : GL_CORE_ERROR=0x%X - %s
[11:31:56] [error] vge: %s(%d) : GL_CORE_ERROR=0x%X - %s
[11:31:56] [error] vge: %s(%d) : GL_CORE_ERROR=0x%X - %s
[11:31:56] [error] vge: %s(%d) : GL_CORE_ERROR=0x%X - %s
[11:31:56] [error] vge: %s(%d) : GL_CORE_ERROR=0x%X - %s
[11:31:56] [error] vge: %s(%d) : GL_CORE_ERROR=0x%X - %s
[11:31:56] [error] vge: %s(%d) : GL_CORE_ERROR=0x%X - %s
[11:31:56] [error] vge: %s(%d) : GL_CORE_ERROR=0x%X - %s
[11:31:56] [error] vge: %s(%d) : GL_CORE_ERROR=0x%X - %s
[11:31:56] [error] vge: %s(%d) : GL_CORE_ERROR=0x%X - %s
[11:31:56] [error] vge: %s(%d) : GL_CORE_ERROR=0x%X - %s
[11:31:56] [error] vge: %s(%d) : GL_CORE_ERROR=0x%X - %s
[11:31:56] [error] vge: %s(%d) : GL_CORE_ERROR=0x%X - %s
[11:31:56] [error] vge: %s(%d) : GL_CORE_ERROR=0x%X - %s
[11:31:56] [error] vge: %s(%d) : GL_CORE_ERROR=0x%X - %s
[11:31:56] [error] vge: %s(%d) : GL_CORE_ERROR=0x%X - %s
[11:31:56] [error] vge: %s(%d) : GL_CORE_ERROR=0x%X - %s
[11:31:56] [error] vge: %s(%d) : GL_CORE_ERROR=0x%X - %s
[11:31:56] [error] vge: %s(%d) : GL_CORE_ERROR=0x%X - %s
[11:31:56] [error] vge: %s(%d) : GL_CORE_ERROR=0x%X - %s
[11:31:56] [error] vge: %s(%d) : GL_CORE_ERROR=0x%X - %s
[11:31:56] [error] vge: %s(%d) : GL_CORE_ERROR=0x%X - %s
[11:31:56] [error] vge: %s(%d) : GL_CORE_ERROR=0x%X - %s
[11:31:56] [error] vge: %s(%d) : GL_CORE_ERROR=0x%X - %s
[11:31:56] [error] vge: %s(%d) : GL_CORE_ERROR=0x%X - %s
[11:31:56] [error] vge: %s(%d) : GL_CORE_ERROR=0x%X - %s
[11:31:56] [error] vge: %s(%d) : GL_CORE_ERROR=0x%X - %s
[11:31:56] [error] vge: %s(%d) : GL_CORE_ERROR=0x%X - %s
[11:31:56] [error] vge: %s(%d) : GL_CORE_ERROR=0x%X - %s
[11:31:56] [error] vge: %s(%d) : GL_CORE_ERROR=0x%X - %s
[11:31:56] [error] vge: %s(%d) : GL_CORE_ERROR=0x%X - %s
[11:31:56] [error] vge: %s(%d) : GL_CORE_ERROR=0x%X - %s
[11:31:56] [error] vge: %s(%d) : GL_CORE_ERROR=0x%X - %s
[11:31:56] [error] vge: %s(%d) : GL_CORE_ERROR=0x%X - %s
[11:31:56] [error] vge: %s(%d) : GL_CORE_ERROR=0x%X - %s
[11:31:56] [error] vge: %s(%d) : GL_CORE_ERROR=0x%X - %s
[11:31:56] [error] vge: %s(%d) : GL_CORE_ERROR=0x%X - %s
[11:31:57] [error] vge: %s(%d) : GL_CORE_ERROR=0x%X - %s
[11:31:57] [error] vge: %s(%d) : GL_CORE_ERROR=0x%X - %s
[11:31:57] [error] vge: %s(%d) : GL_CORE_ERROR=0x%X - %s
[11:31:57] [error] vge: %s(%d) : GL_CORE_ERROR=0x%X - %s
[11:31:57] [error] vge: %s(%d) : GL_CORE_ERROR=0x%X - %s
[11:31:57] [error] vge: %s(%d) : GL_CORE_ERROR=0x%X - %s
[11:31:57] [error] vge: %s(%d) : GL_CORE_ERROR=0x%X - %s
[11:31:57] [error] vge: %s(%d) : GL_CORE_ERROR=0x%X - %s
[11:31:57] [error] vge: %s(%d) : GL_CORE_ERROR=0x%X - %s
[11:31:57] [error] vge: %s(%d) : GL_CORE_ERROR=0x%X - %s
[11:31:57] [error] vge: %s(%d) : GL_CORE_ERROR=0x%X - %s
[11:31:57] [error] vge: %s(%d) : GL_CORE_ERROR=0x%X - %s
[11:31:57] [error] vge: %s(%d) : GL_CORE_ERROR=0x%X - %s
[11:31:57] [error] vge: %s(%d) : GL_CORE_ERROR=0x%X - %s
[11:31:57] [error] vge: %s(%d) : GL_CORE_ERROR=0x%X - %s
[11:31:57] [error] vge: %s(%d) : GL_CORE_ERROR=0x%X - %s
[11:31:57] [error] vge: %s(%d) : GL_CORE_ERROR=0x%X - %s
[11:31:57] [error] vge: %s(%d) : GL_CORE_ERROR=0x%X - %s
[11:31:57] [error] vge: %s(%d) : GL_CORE_ERROR=0x%X - %s
[11:31:57] [error] vge: %s(%d) : GL_CORE_ERROR=0x%X - %s
[11:31:57] [error] vge: %s(%d) : GL_CORE_ERROR=0x%X - %s
[11:31:57] [error] vge: %s(%d) : GL_CORE_ERROR=0x%X - %s
[11:31:57] [error] vge: %s(%d) : GL_CORE_ERROR=0x%X - %s
[11:31:57] [error] vge: %s(%d) : GL_CORE_ERROR=0x%X - %s
[11:31:57] [error] vge: %s(%d) : GL_CORE_ERROR=0x%X - %s
[11:31:57] [error] vge: %s(%d) : GL_CORE_ERROR=0x%X - %s
[11:31:57] [error] vge: %s(%d) : GL_CORE_ERROR=0x%X - %s
[11:31:57] [error] vge: %s(%d) : GL_CORE_ERROR=0x%X - %s
[11:31:57] [error] vge: %s(%d) : GL_CORE_ERROR=0x%X - %s
[11:31:57] [error] vge: %s(%d) : GL_CORE_ERROR=0x%X - %s
[11:31:57] [error] vge: %s(%d) : GL_CORE_ERROR=0x%X - %s
[11:31:57] [error] vge: %s(%d) : GL_CORE_ERROR=0x%X - %s
[11:31:57] [error] vge: %s(%d) : GL_CORE_ERROR=0x%X - %s
[11:31:57] [error] vge: %s(%d) : GL_CORE_ERROR=0x%X - %s
[11:31:57] [error] vge: %s(%d) : GL_CORE_ERROR=0x%X - %s
[11:31:57] [error] vge: %s(%d) : GL_CORE_ERROR=0x%X - %s
[11:31:57] [error] vge: %s(%d) : GL_CORE_ERROR=0x%X - %s
[11:31:57] [error] vge: %s(%d) : GL_CORE_ERROR=0x%X - %s
[11:31:57] [error] vge: %s(%d) : GL_CORE_ERROR=0x%X - %s
[11:31:57] [error] vge: %s(%d) : GL_CORE_ERROR=0x%X - %s
[11:31:57] [error] vge: %s(%d) : GL_CORE_ERROR=0x%X - %s
[11:31:57] [error] vge: %s(%d) : GL_CORE_ERROR=0x%X - %s
[11:31:57] [error] vge: %s(%d) : GL_CORE_ERROR=0x%X - %s
[11:31:57] [error] vge: %s(%d) : GL_CORE_ERROR=0x%X - %s
[11:31:57] [error] vge: %s(%d) : GL_CORE_ERROR=0x%X - %s
[11:31:57] [error] vge: %s(%d) : GL_CORE_ERROR=0x%X - %s
[11:31:57] [error] vge: %s(%d) : GL_CORE_ERROR=0x%X - %s
[11:31:57] [error] vge: %s(%d) : GL_CORE_ERROR=0x%X - %s
[11:31:57] [error] vge: %s(%d) : GL_CORE_ERROR=0x%X - %s
[11:31:57] [error] vge: %s(%d) : GL_CORE_ERROR=0x%X - %s
[11:31:57] [error] vge: %s(%d) : GL_CORE_ERROR=0x%X - %s
[11:31:57] [error] vge: %s(%d) : GL_CORE_ERROR=0x%X - %s
[11:31:57] [error] vge: %s(%d) : GL_CORE_ERROR=0x%X - %s
[11:31:57] [error] vge: %s(%d) : GL_CORE_ERROR=0x%X - %s
[11:31:57] [error] vge: %s(%d) : GL_CORE_ERROR=0x%X - %s
[11:31:57] [error] vge: %s(%d) : GL_CORE_ERROR=0x%X - %s
[11:31:57] [error] vge: %s(%d) : GL_CORE_ERROR=0x%X - %s
[11:31:57] [error] vge: %s(%d) : GL_CORE_ERROR=0x%X - %s
[11:31:57] [error] vge: %s(%d) : GL_CORE_ERROR=0x%X - %s
[11:31:57] [error] vge: %s(%d) : GL_CORE_ERROR=0x%X - %s
[11:31:57] [error] vge: %s(%d) : GL_CORE_ERROR=0x%X - %s
[11:31:57] [error] vge: %s(%d) : GL_CORE_ERROR=0x%X - %s
[11:31:57] [error] vge: %s(%d) : GL_CORE_ERROR=0x%X - %s
[11:31:57] [error] vge: %s(%d) : GL_CORE_ERROR=0x%X - %s
[11:31:57] [error] vge: %s(%d) : GL_CORE_ERROR=0x%X - %s
[11:31:57] [error] vge: %s(%d) : GL_CORE_ERROR=0x%X - %s
[11:31:57] [error] vge: %s(%d) : GL_CORE_ERROR=0x%X - %s
[11:31:57] [error] vge: %s(%d) : GL_CORE_ERROR=0x%X - %s
[11:31:57] [error] vge: %s(%d) : GL_CORE_ERROR=0x%X - %s
[11:31:57] [error] vge: %s(%d) : GL_CORE_ERROR=0x%X - %s
[11:31:57] [error] vge: %s(%d) : GL_CORE_ERROR=0x%X - %s
[11:31:57] [error] vge: %s(%d) : GL_CORE_ERROR=0x%X - %s
[11:31:57] [error] vge: %s(%d) : GL_CORE_ERROR=0x%X - %s
[11:31:57] [error] vge: %s(%d) : GL_CORE_ERROR=0x%X - %s
[11:31:57] [error] vge: %s(%d) : GL_CORE_ERROR=0x%X - %s
[11:31:57] [error] vge: %s(%d) : GL_CORE_ERROR=0x%X - %s
[11:31:57] [error] vge: %s(%d) : GL_CORE_ERROR=0x%X - %s
[11:31:57] [error] vge: %s(%d) : GL_CORE_ERROR=0x%X - %s
[11:31:57] [error] vge: %s(%d) : GL_CORE_ERROR=0x%X - %s
[11:31:57] [error] vge: %s(%d) : GL_CORE_ERROR=0x%X - %s
[11:31:57] [error] vge: %s(%d) : GL_CORE_ERROR=0x%X - %s
[11:31:57] [error] vge: %s(%d) : GL_CORE_ERROR=0x%X - %s
[11:31:57] [error] vge: %s(%d) : GL_CORE_ERROR=0x%X - %s
[11:31:57] [error] vge: %s(%d) : GL_CORE_ERROR=0x%X - %s
[11:31:57] [error] vge: %s(%d) : GL_CORE_ERROR=0x%X - %s
[11:31:57] [error] vge: %s(%d) : GL_CORE_ERROR=0x%X - %s
[11:31:57] [error] vge: %s(%d) : GL_CORE_ERROR=0x%X - %s
[11:31:57] [error] vge: %s(%d) : GL_CORE_ERROR=0x%X - %s
[11:31:57] [error] vge: %s(%d) : GL_CORE_ERROR=0x%X - %s
[11:31:57] [error] vge: %s(%d) : GL_CORE_ERROR=0x%X - %s
[11:31:58] [error] vge: %s(%d) : GL_CORE_ERROR=0x%X - %s
[11:31:58] [error] vge: %s(%d) : GL_CORE_ERROR=0x%X - %s
[11:31:58] [error] vge: %s(%d) : GL_CORE_ERROR=0x%X - %s
[11:31:58] [error] vge: %s(%d) : GL_CORE_ERROR=0x%X - %s
[11:31:58] [error] vge: %s(%d) : GL_CORE_ERROR=0x%X - %s
[11:31:58] [error] vge: %s(%d) : GL_CORE_ERROR=0x%X - %s
[11:31:58] [error] vge: %s(%d) : GL_CORE_ERROR=0x%X - %s
[11:31:58] [error] vge: %s(%d) : GL_CORE_ERROR=0x%X - %s
[11:31:58] [error] vge: %s(%d) : GL_CORE_ERROR=0x%X - %s
[11:31:58] [error] vge: %s(%d) : GL_CORE_ERROR=0x%X - %s
[11:31:58] [error] vge: %s(%d) : GL_CORE_ERROR=0x%X - %s
[11:31:58] [error] vge: %s(%d) : GL_CORE_ERROR=0x%X - %s
[11:31:58] [error] vge: %s(%d) : GL_CORE_ERROR=0x%X - %s
[11:31:58] [error] vge: %s(%d) : GL_CORE_ERROR=0x%X - %s
[11:31:58] [error] vge: %s(%d) : GL_CORE_ERROR=0x%X - %s
[11:31:58] [error] vge: %s(%d) : GL_CORE_ERROR=0x%X - %s
[11:31:58] [error] vge: %s(%d) : GL_CORE_ERROR=0x%X - %s
[11:31:58] [error] vge: %s(%d) : GL_CORE_ERROR=0x%X - %s
[11:31:58] [error] vge: %s(%d) : GL_CORE_ERROR=0x%X - %s
[11:31:58] [error] vge: %s(%d) : GL_CORE_ERROR=0x%X - %s
[11:31:58] [error] vge: %s(%d) : GL_CORE_ERROR=0x%X - %s
[11:31:58] [error] vge: %s(%d) : GL_CORE_ERROR=0x%X - %s
[11:31:58] [error] vge: %s(%d) : GL_CORE_ERROR=0x%X - %s
[11:31:58] [error] vge: %s(%d) : GL_CORE_ERROR=0x%X - %s
[11:31:58] [error] vge: %s(%d) : GL_CORE_ERROR=0x%X - %s
[11:31:58] [error] vge: %s(%d) : GL_CORE_ERROR=0x%X - %s
[11:31:58] [error] vge: %s(%d) : GL_CORE_ERROR=0x%X - %s
[11:31:58] [error] vge: %s(%d) : GL_CORE_ERROR=0x%X - %s
[11:31:58] [error] vge: %s(%d) : GL_CORE_ERROR=0x%X - %s
[11:31:58] [error] vge: %s(%d) : GL_CORE_ERROR=0x%X - %s
[11:31:58] [error] vge: %s(%d) : GL_CORE_ERROR=0x%X - %s
[11:31:58] [error] vge: %s(%d) : GL_CORE_ERROR=0x%X - %s
[11:31:58] [error] vge: %s(%d) : GL_CORE_ERROR=0x%X - %s
[11:31:58] [error] vge: %s(%d) : GL_CORE_ERROR=0x%X - %s
[11:31:58] [error] vge: %s(%d) : GL_CORE_ERROR=0x%X - %s
[11:31:58] [error] vge: %s(%d) : GL_CORE_ERROR=0x%X - %s
[11:31:58] [error] vge: %s(%d) : GL_CORE_ERROR=0x%X - %s
[11:31:58] [error] vge: %s(%d) : GL_CORE_ERROR=0x%X - %s
[11:31:58] [error] vge: %s(%d) : GL_CORE_ERROR=0x%X - %s
[11:31:58] [error] vge: %s(%d) : GL_CORE_ERROR=0x%X - %s
[11:31:58] [error] vge: %s(%d) : GL_CORE_ERROR=0x%X - %s
[11:31:58] [error] vge: %s(%d) : GL_CORE_ERROR=0x%X - %s
[11:31:58] [error] vge: %s(%d) : GL_CORE_ERROR=0x%X - %s
[11:31:58] [error] vge: %s(%d) : GL_CORE_ERROR=0x%X - %s
[11:31:58] [error] vge: %s(%d) : GL_CORE_ERROR=0x%X - %s
[11:31:58] [error] vge: %s(%d) : GL_CORE_ERROR=0x%X - %s
[11:31:58] [error] vge: %s(%d) : GL_CORE_ERROR=0x%X - %s
[11:31:58] [error] vge: %s(%d) : GL_CORE_ERROR=0x%X - %s
[11:31:58] [error] vge: %s(%d) : GL_CORE_ERROR=0x%X - %s
[11:31:58] [error] vge: %s(%d) : GL_CORE_ERROR=0x%X - %s
[11:31:58] [error] vge: %s(%d) : GL_CORE_ERROR=0x%X - %s
[11:31:58] [error] vge: %s(%d) : GL_CORE_ERROR=0x%X - %s
[11:31:58] [error] vge: %s(%d) : GL_CORE_ERROR=0x%X - %s
[11:31:58] [error] vge: %s(%d) : GL_CORE_ERROR=0x%X - %s
[11:31:58] [error] vge: %s(%d) : GL_CORE_ERROR=0x%X - %s
[11:31:58] [error] vge: %s(%d) : GL_CORE_ERROR=0x%X - %s
[11:31:58] [error] vge: %s(%d) : GL_CORE_ERROR=0x%X - %s
[11:31:58] [error] vge: %s(%d) : GL_CORE_ERROR=0x%X - %s
[11:31:58] [error] vge: %s(%d) : GL_CORE_ERROR=0x%X - %s
[11:31:58] [error] vge: %s(%d) : GL_CORE_ERROR=0x%X - %s
[11:31:58] [error] vge: %s(%d) : GL_CORE_ERROR=0x%X - %s
[11:31:58] [error] vge: %s(%d) : GL_CORE_ERROR=0x%X - %s
[11:31:58] [error] vge: %s(%d) : GL_CORE_ERROR=0x%X - %s
[11:31:58] [error] vge: %s(%d) : GL_CORE_ERROR=0x%X - %s
[11:31:58] [error] vge: %s(%d) : GL_CORE_ERROR=0x%X - %s
[11:31:58] [error] vge: %s(%d) : GL_CORE_ERROR=0x%X - %s
[11:31:58] [error] vge: %s(%d) : GL_CORE_ERROR=0x%X - %s
[11:31:58] [error] vge: %s(%d) : GL_CORE_ERROR=0x%X - %s
[11:31:58] [error] vge: %s(%d) : GL_CORE_ERROR=0x%X - %s
[11:31:58] [error] vge: %s(%d) : GL_CORE_ERROR=0x%X - %s
[11:31:58] [error] vge: %s(%d) : GL_CORE_ERROR=0x%X - %s
[11:31:58] [error] vge: %s(%d) : GL_CORE_ERROR=0x%X - %s
[11:31:58] [error] vge: %s(%d) : GL_CORE_ERROR=0x%X - %s
[11:31:58] [error] vge: %s(%d) : GL_CORE_ERROR=0x%X - %s
[11:31:58] [error] vge: %s(%d) : GL_CORE_ERROR=0x%X - %s
[11:31:58] [error] vge: %s(%d) : GL_CORE_ERROR=0x%X - %s
[11:31:58] [error] vge: %s(%d) : GL_CORE_ERROR=0x%X - %s
[11:31:58] [error] vge: %s(%d) : GL_CORE_ERROR=0x%X - %s
[11:31:58] [error] vge: %s(%d) : GL_CORE_ERROR=0x%X - %s
[11:31:58] [error] vge: %s(%d) : GL_CORE_ERROR=0x%X - %s
[11:31:58] [error] vge: %s(%d) : GL_CORE_ERROR=0x%X - %s
[11:31:58] [error] vge: %s(%d) : GL_CORE_ERROR=0x%X - %s
[11:31:58] [error] vge: %s(%d) : GL_CORE_ERROR=0x%X - %s
[11:31:58] [error] vge: %s(%d) : GL_CORE_ERROR=0x%X - %s
[11:31:58] [error] vge: %s(%d) : GL_CORE_ERROR=0x%X - %s
[11:31:58] [error] vge: %s(%d) : GL_CORE_ERROR=0x%X - %s
[11:31:58] [error] vge: %s(%d) : GL_CORE_ERROR=0x%X - %s
[11:31:58] [error] vge: %s(%d) : GL_CORE_ERROR=0x%X - %s
[11:31:58] [error] vge: %s(%d) : GL_CORE_ERROR=0x%X - %s
[11:31:58] [error] vge: %s(%d) : GL_CORE_ERROR=0x%X - %s
[11:31:59] [error] vge: %s(%d) : GL_CORE_ERROR=0x%X - %s
[11:31:59] [error] vge: %s(%d) : GL_CORE_ERROR=0x%X - %s
[11:31:59] [error] vge: %s(%d) : GL_CORE_ERROR=0x%X - %s
[11:31:59] [error] vge: %s(%d) : GL_CORE_ERROR=0x%X - %s
[11:31:59] [error] vge: %s(%d) : GL_CORE_ERROR=0x%X - %s
[11:31:59] [error] vge: %s(%d) : GL_CORE_ERROR=0x%X - %s
[11:31:59] [error] vge: %s(%d) : GL_CORE_ERROR=0x%X - %s
[11:31:59] [error] vge: %s(%d) : GL_CORE_ERROR=0x%X - %s
[11:31:59] [error] vge: %s(%d) : GL_CORE_ERROR=0x%X - %s
[11:31:59] [error] vge: %s(%d) : GL_CORE_ERROR=0x%X - %s
[11:31:59] [error] vge: %s(%d) : GL_CORE_ERROR=0x%X - %s
[11:31:59] [error] vge: %s(%d) : GL_CORE_ERROR=0x%X - %s
[11:31:59] [error] vge: %s(%d) : GL_CORE_ERROR=0x%X - %s
[11:31:59] [error] vge: %s(%d) : GL_CORE_ERROR=0x%X - %s
[11:31:59] [error] vge: %s(%d) : GL_CORE_ERROR=0x%X - %s
[11:31:59] [error] vge: %s(%d) : GL_CORE_ERROR=0x%X - %s
[11:31:59] [error] vge: %s(%d) : GL_CORE_ERROR=0x%X - %s
[11:31:59] [error] vge: %s(%d) : GL_CORE_ERROR=0x%X - %s
[11:31:59] [error] vge: %s(%d) : GL_CORE_ERROR=0x%X - %s
[11:31:59] [error] vge: %s(%d) : GL_CORE_ERROR=0x%X - %s
[11:31:59] [error] vge: %s(%d) : GL_CORE_ERROR=0x%X - %s
[11:31:59] [error] vge: %s(%d) : GL_CORE_ERROR=0x%X - %s
[11:31:59] [error] vge: %s(%d) : GL_CORE_ERROR=0x%X - %s
[11:31:59] [error] vge: %s(%d) : GL_CORE_ERROR=0x%X - %s
[11:31:59] [error] vge: %s(%d) : GL_CORE_ERROR=0x%X - %s
[11:31:59] [error] vge: %s(%d) : GL_CORE_ERROR=0x%X - %s
[11:31:59] [error] vge: %s(%d) : GL_CORE_ERROR=0x%X - %s
[11:31:59] [error] vge: %s(%d) : GL_CORE_ERROR=0x%X - %s
[11:31:59] [error] vge: %s(%d) : GL_CORE_ERROR=0x%X - %s
[11:31:59] [error] vge: %s(%d) : GL_CORE_ERROR=0x%X - %s
[11:31:59] [error] vge: %s(%d) : GL_CORE_ERROR=0x%X - %s
[11:31:59] [error] vge: %s(%d) : GL_CORE_ERROR=0x%X - %s
[11:31:59] [error] vge: %s(%d) : GL_CORE_ERROR=0x%X - %s
[11:31:59] [error] vge: %s(%d) : GL_CORE_ERROR=0x%X - %s
[11:31:59] [error] vge: %s(%d) : GL_CORE_ERROR=0x%X - %s
[11:31:59] [error] vge: %s(%d) : GL_CORE_ERROR=0x%X - %s
[11:31:59] [error] vge: %s(%d) : GL_CORE_ERROR=0x%X - %s
[11:31:59] [error] vge: %s(%d) : GL_CORE_ERROR=0x%X - %s
[11:31:59] [error] vge: %s(%d) : GL_CORE_ERROR=0x%X - %s
[11:31:59] [error] vge: %s(%d) : GL_CORE_ERROR=0x%X - %s
[11:31:59] [error] vge: %s(%d) : GL_CORE_ERROR=0x%X - %s
[11:31:59] [error] vge: %s(%d) : GL_CORE_ERROR=0x%X - %s
[11:31:59] [error] vge: %s(%d) : GL_CORE_ERROR=0x%X - %s
[11:31:59] [error] vge: %s(%d) : GL_CORE_ERROR=0x%X - %s
[11:31:59] [error] vge: %s(%d) : GL_CORE_ERROR=0x%X - %s
[11:31:59] [error] vge: %s(%d) : GL_CORE_ERROR=0x%X - %s
[11:31:59] [error] vge: %s(%d) : GL_CORE_ERROR=0x%X - %s
[11:31:59] [error] vge: %s(%d) : GL_CORE_ERROR=0x%X - %s
[11:31:59] [error] vge: %s(%d) : GL_CORE_ERROR=0x%X - %s
[11:31:59] [error] vge: %s(%d) : GL_CORE_ERROR=0x%X - %s
[11:31:59] [error] vge: %s(%d) : GL_CORE_ERROR=0x%X - %s
[11:31:59] [error] vge: %s(%d) : GL_CORE_ERROR=0x%X - %s
[11:31:59] [error] vge: %s(%d) : GL_CORE_ERROR=0x%X - %s
[11:31:59] [error] vge: %s(%d) : GL_CORE_ERROR=0x%X - %s
[11:31:59] [error] vge: %s(%d) : GL_CORE_ERROR=0x%X - %s
[11:31:59] [error] vge: %s(%d) : GL_CORE_ERROR=0x%X - %s
[11:31:59] [error] vge: %s(%d) : GL_CORE_ERROR=0x%X - %s
[11:31:59] [error] vge: %s(%d) : GL_CORE_ERROR=0x%X - %s
[11:31:59] [error] vge: %s(%d) : GL_CORE_ERROR=0x%X - %s
[11:31:59] [error] vge: %s(%d) : GL_CORE_ERROR=0x%X - %s
[11:31:59] [error] vge: %s(%d) : GL_CORE_ERROR=0x%X - %s
[11:31:59] [error] vge: %s(%d) : GL_CORE_ERROR=0x%X - %s
[11:31:59] [error] vge: %s(%d) : GL_CORE_ERROR=0x%X - %s
[11:31:59] [error] vge: %s(%d) : GL_CORE_ERROR=0x%X - %s
[11:31:59] [error] vge: %s(%d) : GL_CORE_ERROR=0x%X - %s
[11:31:59] [error] vge: %s(%d) : GL_CORE_ERROR=0x%X - %s
[11:31:59] [error] vge: %s(%d) : GL_CORE_ERROR=0x%X - %s
[11:31:59] [error] vge: %s(%d) : GL_CORE_ERROR=0x%X - %s
[11:31:59] [error] vge: %s(%d) : GL_CORE_ERROR=0x%X - %s
[11:31:59] [error] vge: %s(%d) : GL_CORE_ERROR=0x%X - %s
[11:31:59] [error] vge: %s(%d) : GL_CORE_ERROR=0x%X - %s
[11:31:59] [error] vge: %s(%d) : GL_CORE_ERROR=0x%X - %s
[11:31:59] [error] vge: %s(%d) : GL_CORE_ERROR=0x%X - %s
[11:31:59] [error] vge: %s(%d) : GL_CORE_ERROR=0x%X - %s
[11:31:59] [error] vge: %s(%d) : GL_CORE_ERROR=0x%X - %s
[11:31:59] [error] vge: %s(%d) : GL_CORE_ERROR=0x%X - %s
[11:31:59] [error] vge: %s(%d) : GL_CORE_ERROR=0x%X - %s
[11:31:59] [error] vge: %s(%d) : GL_CORE_ERROR=0x%X - %s
[11:31:59] [error] vge: %s(%d) : GL_CORE_ERROR=0x%X - %s
[11:31:59] [error] vge: %s(%d) : GL_CORE_ERROR=0x%X - %s
[11:31:59] [error] vge: %s(%d) : GL_CORE_ERROR=0x%X - %s
[11:31:59] [error] vge: %s(%d) : GL_CORE_ERROR=0x%X - %s
[11:31:59] [error] vge: %s(%d) : GL_CORE_ERROR=0x%X - %s
[11:31:59] [error] vge: %s(%d) : GL_CORE_ERROR=0x%X - %s
[11:31:59] [error] vge: %s(%d) : GL_CORE_ERROR=0x%X - %s
[11:31:59] [error] vge: %s(%d) : GL_CORE_ERROR=0x%X - %s
[11:31:59] [error] vge: %s(%d) : GL_CORE_ERROR=0x%X - %s
[11:31:59] [error] vge: %s(%d) : GL_CORE_ERROR=0x%X - %s
[11:31:59] [error] vge: %s(%d) : GL_CORE_ERROR=0x%X - %s
[11:32:00] [error] vge: %s(%d) : GL_CORE_ERROR=0x%X - %s
[11:32:00] [error] vge: %s(%d) : GL_CORE_ERROR=0x%X - %s
[11:32:00] [error] vge: %s(%d) : GL_CORE_ERROR=0x%X - %s
[11:32:00] [error] vge: %s(%d) : GL_CORE_ERROR=0x%X - %s
[11:32:00] [error] vge: %s(%d) : GL_CORE_ERROR=0x%X - %s
[11:32:00] [error] vge: %s(%d) : GL_CORE_ERROR=0x%X - %s
[11:32:00] [error] vge: %s(%d) : GL_CORE_ERROR=0x%X - %s
[11:32:00] [error] vge: %s(%d) : GL_CORE_ERROR=0x%X - %s
[11:32:00] [error] vge: %s(%d) : GL_CORE_ERROR=0x%X - %s
[11:32:00] [error] vge: %s(%d) : GL_CORE_ERROR=0x%X - %s
[11:32:00] [error] vge: %s(%d) : GL_CORE_ERROR=0x%X - %s
[11:32:00] [error] vge: %s(%d) : GL_CORE_ERROR=0x%X - %s
[11:32:00] [error] vge: %s(%d) : GL_CORE_ERROR=0x%X - %s
[11:32:00] [error] vge: %s(%d) : GL_CORE_ERROR=0x%X - %s
[11:32:00] [error] vge: %s(%d) : GL_CORE_ERROR=0x%X - %s
[11:32:00] [error] vge: %s(%d) : GL_CORE_ERROR=0x%X - %s
[11:32:00] [error] vge: %s(%d) : GL_CORE_ERROR=0x%X - %s
[11:32:00] [error] vge: %s(%d) : GL_CORE_ERROR=0x%X - %s
[11:32:00] [error] vge: %s(%d) : GL_CORE_ERROR=0x%X - %s
[11:32:00] [error] vge: %s(%d) : GL_CORE_ERROR=0x%X - %s
[11:32:00] [error] vge: %s(%d) : GL_CORE_ERROR=0x%X - %s
[11:32:00] [error] vge: %s(%d) : GL_CORE_ERROR=0x%X - %s
[11:32:00] [error] vge: %s(%d) : GL_CORE_ERROR=0x%X - %s
[11:32:00] [error] vge: %s(%d) : GL_CORE_ERROR=0x%X - %s
[11:32:00] [error] vge: %s(%d) : GL_CORE_ERROR=0x%X - %s
[11:32:00] [error] vge: %s(%d) : GL_CORE_ERROR=0x%X - %s
[11:32:00] [error] vge: %s(%d) : GL_CORE_ERROR=0x%X - %s
[11:32:00] [error] vge: %s(%d) : GL_CORE_ERROR=0x%X - %s
[11:32:00] [error] vge: %s(%d) : GL_CORE_ERROR=0x%X - %s
[11:32:00] [error] vge: %s(%d) : GL_CORE_ERROR=0x%X - %s
[11:32:00] [error] vge: %s(%d) : GL_CORE_ERROR=0x%X - %s
[11:32:00] [error] vge: %s(%d) : GL_CORE_ERROR=0x%X - %s
[11:32:00] [error] vge: %s(%d) : GL_CORE_ERROR=0x%X - %s
[11:32:00] [error] vge: %s(%d) : GL_CORE_ERROR=0x%X - %s
[11:32:00] [error] vge: %s(%d) : GL_CORE_ERROR=0x%X - %s
[11:32:00] [error] vge: %s(%d) : GL_CORE_ERROR=0x%X - %s
[11:32:00] [error] vge: %s(%d) : GL_CORE_ERROR=0x%X - %s
[11:32:00] [error] vge: %s(%d) : GL_CORE_ERROR=0x%X - %s
[11:32:00] [error] vge: %s(%d) : GL_CORE_ERROR=0x%X - %s
[11:32:00] [error] vge: %s(%d) : GL_CORE_ERROR=0x%X - %s
[11:32:00] [error] vge: %s(%d) : GL_CORE_ERROR=0x%X - %s
[11:32:00] [error] vge: %s(%d) : GL_CORE_ERROR=0x%X - %s
[11:32:00] [error] vge: %s(%d) : GL_CORE_ERROR=0x%X - %s
[11:32:00] [error] vge: %s(%d) : GL_CORE_ERROR=0x%X - %s
[11:32:00] [error] vge: %s(%d) : GL_CORE_ERROR=0x%X - %s
[11:32:00] [error] vge: %s(%d) : GL_CORE_ERROR=0x%X - %s
[11:32:00] [error] vge: %s(%d) : GL_CORE_ERROR=0x%X - %s
[11:32:00] [error] vge: %s(%d) : GL_CORE_ERROR=0x%X - %s
[11:32:00] [error] vge: %s(%d) : GL_CORE_ERROR=0x%X - %s
[11:32:00] [error] vge: %s(%d) : GL_CORE_ERROR=0x%X - %s
[11:32:00] [error] vge: %s(%d) : GL_CORE_ERROR=0x%X - %s
[11:32:00] [error] vge: %s(%d) : GL_CORE_ERROR=0x%X - %s
[11:32:00] [error] vge: %s(%d) : GL_CORE_ERROR=0x%X - %s
[11:32:00] [error] vge: %s(%d) : GL_CORE_ERROR=0x%X - %s
[11:32:00] [error] vge: %s(%d) : GL_CORE_ERROR=0x%X - %s
[11:32:00] [error] vge: %s(%d) : GL_CORE_ERROR=0x%X - %s
[11:32:00] [error] vge: %s(%d) : GL_CORE_ERROR=0x%X - %s
[11:32:00] [error] vge: %s(%d) : GL_CORE_ERROR=0x%X - %s
[11:32:00] [error] vge: %s(%d) : GL_CORE_ERROR=0x%X - %s
[11:32:00] [error] vge: %s(%d) : GL_CORE_ERROR=0x%X - %s
[11:32:00] [error] vge: %s(%d) : GL_CORE_ERROR=0x%X - %s
[11:32:00] [error] vge: %s(%d) : GL_CORE_ERROR=0x%X - %s
[11:32:00] [error] vge: %s(%d) : GL_CORE_ERROR=0x%X - %s
[11:32:00] [error] vge: %s(%d) : GL_CORE_ERROR=0x%X - %s
[11:32:00] [error] vge: %s(%d) : GL_CORE_ERROR=0x%X - %s
[11:32:00] [error] vge: %s(%d) : GL_CORE_ERROR=0x%X - %s
[11:32:00] [error] vge: %s(%d) : GL_CORE_ERROR=0x%X - %s
[11:32:00] [error] vge: %s(%d) : GL_CORE_ERROR=0x%X - %s
[11:32:00] [error] vge: %s(%d) : GL_CORE_ERROR=0x%X - %s
[11:32:00] [error] vge: %s(%d) : GL_CORE_ERROR=0x%X - %s
[11:32:00] [error] vge: %s(%d) : GL_CORE_ERROR=0x%X - %s
[11:32:00] [error] vge: %s(%d) : GL_CORE_ERROR=0x%X - %s
[11:32:00] [error] vge: %s(%d) : GL_CORE_ERROR=0x%X - %s
[11:32:00] [error] vge: %s(%d) : GL_CORE_ERROR=0x%X - %s
[11:32:00] [error] vge: %s(%d) : GL_CORE_ERROR=0x%X - %s
[11:32:00] [error] vge: %s(%d) : GL_CORE_ERROR=0x%X - %s
[11:32:00] [error] vge: %s(%d) : GL_CORE_ERROR=0x%X - %s
[11:32:00] [error] vge: %s(%d) : GL_CORE_ERROR=0x%X - %s
[11:32:00] [error] vge: %s(%d) : GL_CORE_ERROR=0x%X - %s
[11:32:00] [error] vge: %s(%d) : GL_CORE_ERROR=0x%X - %s
[11:32:00] [error] vge: %s(%d) : GL_CORE_ERROR=0x%X - %s
[11:32:00] [error] vge: %s(%d) : GL_CORE_ERROR=0x%X - %s
[11:32:00] [error] vge: %s(%d) : GL_CORE_ERROR=0x%X - %s
[11:32:00] [error] vge: %s(%d) : GL_CORE_ERROR=0x%X - %s
[11:32:00] [error] vge: %s(%d) : GL_CORE_ERROR=0x%X - %s
[11:32:00] [error] vge: %s(%d) : GL_CORE_ERROR=0x%X - %s
[11:32:00] [error] vge: %s(%d) : GL_CORE_ERROR=0x%X - %s
[11:32:00] [error] vge: %s(%d) : GL_CORE_ERROR=0x%X - %s
[11:32:00] [error] vge: %s(%d) : GL_CORE_ERROR=0x%X - %s
[11:32:00] [error] vge: %s(%d) : GL_CORE_ERROR=0x%X - %s
[11:32:01] [error] vge: %s(%d) : GL_CORE_ERROR=0x%X - %s
[11:32:01] [error] vge: %s(%d) : GL_CORE_ERROR=0x%X - %s
[11:32:01] [error] vge: %s(%d) : GL_CORE_ERROR=0x%X - %s
[11:32:01] [error] vge: %s(%d) : GL_CORE_ERROR=0x%X - %s
[11:32:01] [error] vge: %s(%d) : GL_CORE_ERROR=0x%X - %s
[11:32:01] [error] vge: %s(%d) : GL_CORE_ERROR=0x%X - %s
[11:32:01] [error] vge: %s(%d) : GL_CORE_ERROR=0x%X - %s
[11:32:01] [error] vge: %s(%d) : GL_CORE_ERROR=0x%X - %s
[11:32:01] [error] vge: %s(%d) : GL_CORE_ERROR=0x%X - %s
[11:32:01] [error] vge: %s(%d) : GL_CORE_ERROR=0x%X - %s
[11:32:01] [error] vge: %s(%d) : GL_CORE_ERROR=0x%X - %s
[11:32:01] [error] vge: %s(%d) : GL_CORE_ERROR=0x%X - %s
[11:32:01] [error] vge: %s(%d) : GL_CORE_ERROR=0x%X - %s
[11:32:01] [error] vge: %s(%d) : GL_CORE_ERROR=0x%X - %s
[11:32:01] [error] vge: %s(%d) : GL_CORE_ERROR=0x%X - %s
[11:32:01] [error] vge: %s(%d) : GL_CORE_ERROR=0x%X - %s
[11:32:01] [error] vge: %s(%d) : GL_CORE_ERROR=0x%X - %s
[11:32:01] [error] vge: %s(%d) : GL_CORE_ERROR=0x%X - %s
[11:32:01] [error] vge: %s(%d) : GL_CORE_ERROR=0x%X - %s
[11:32:01] [error] vge: %s(%d) : GL_CORE_ERROR=0x%X - %s
[11:32:01] [error] vge: %s(%d) : GL_CORE_ERROR=0x%X - %s
[11:32:01] [error] vge: %s(%d) : GL_CORE_ERROR=0x%X - %s
[11:32:01] [error] vge: %s(%d) : GL_CORE_ERROR=0x%X - %s
[11:32:01] [error] vge: %s(%d) : GL_CORE_ERROR=0x%X - %s
[11:32:01] [error] vge: %s(%d) : GL_CORE_ERROR=0x%X - %s
[11:32:01] [error] vge: %s(%d) : GL_CORE_ERROR=0x%X - %s
[11:32:01] [error] vge: %s(%d) : GL_CORE_ERROR=0x%X - %s
[11:32:01] [error] vge: %s(%d) : GL_CORE_ERROR=0x%X - %s
[11:32:01] [error] vge: %s(%d) : GL_CORE_ERROR=0x%X - %s
[11:32:01] [error] vge: %s(%d) : GL_CORE_ERROR=0x%X - %s
[11:32:01] [error] vge: %s(%d) : GL_CORE_ERROR=0x%X - %s
[11:32:01] [error] vge: %s(%d) : GL_CORE_ERROR=0x%X - %s
[11:32:01] [error] vge: %s(%d) : GL_CORE_ERROR=0x%X - %s
[11:32:01] [error] vge: %s(%d) : GL_CORE_ERROR=0x%X - %s
[11:32:01] [error] vge: %s(%d) : GL_CORE_ERROR=0x%X - %s
[11:32:01] [error] vge: %s(%d) : GL_CORE_ERROR=0x%X - %s
[11:32:01] [error] vge: %s(%d) : GL_CORE_ERROR=0x%X - %s
[11:32:01] [error] vge: %s(%d) : GL_CORE_ERROR=0x%X - %s
[11:32:01] [error] vge: %s(%d) : GL_CORE_ERROR=0x%X - %s
[11:32:01] [error] vge: %s(%d) : GL_CORE_ERROR=0x%X - %s
[11:32:01] [error] vge: %s(%d) : GL_CORE_ERROR=0x%X - %s
[11:32:01] [error] vge: %s(%d) : GL_CORE_ERROR=0x%X - %s
[11:32:01] [error] vge: %s(%d) : GL_CORE_ERROR=0x%X - %s
[11:32:01] [error] vge: %s(%d) : GL_CORE_ERROR=0x%X - %s
[11:32:01] [error] vge: %s(%d) : GL_CORE_ERROR=0x%X - %s
[11:32:01] [error] vge: %s(%d) : GL_CORE_ERROR=0x%X - %s
[11:32:01] [error] vge: %s(%d) : GL_CORE_ERROR=0x%X - %s
[11:32:01] [error] vge: %s(%d) : GL_CORE_ERROR=0x%X - %s
[11:32:01] [error] vge: %s(%d) : GL_CORE_ERROR=0x%X - %s
[11:32:01] [error] vge: %s(%d) : GL_CORE_ERROR=0x%X - %s
[11:32:01] [error] vge: %s(%d) : GL_CORE_ERROR=0x%X - %s
[11:32:01] [error] vge: %s(%d) : GL_CORE_ERROR=0x%X - %s
[11:32:01] [error] vge: %s(%d) : GL_CORE_ERROR=0x%X - %s
[11:32:01] [error] vge: %s(%d) : GL_CORE_ERROR=0x%X - %s
[11:32:01] [error] vge: %s(%d) : GL_CORE_ERROR=0x%X - %s
[11:32:01] [error] vge: %s(%d) : GL_CORE_ERROR=0x%X - %s
[11:32:01] [error] vge: %s(%d) : GL_CORE_ERROR=0x%X - %s
[11:32:01] [error] vge: %s(%d) : GL_CORE_ERROR=0x%X - %s
[11:32:01] [error] vge: %s(%d) : GL_CORE_ERROR=0x%X - %s
[11:32:01] [error] vge: %s(%d) : GL_CORE_ERROR=0x%X - %s
[11:32:01] [error] vge: %s(%d) : GL_CORE_ERROR=0x%X - %s
[11:32:01] [error] vge: %s(%d) : GL_CORE_ERROR=0x%X - %s
[11:32:01] [error] vge: %s(%d) : GL_CORE_ERROR=0x%X - %s
[11:32:01] [error] vge: %s(%d) : GL_CORE_ERROR=0x%X - %s
[11:32:01] [error] vge: %s(%d) : GL_CORE_ERROR=0x%X - %s
[11:32:01] [error] vge: %s(%d) : GL_CORE_ERROR=0x%X - %s
[11:32:01] [error] vge: %s(%d) : GL_CORE_ERROR=0x%X - %s
[11:32:01] [error] vge: %s(%d) : GL_CORE_ERROR=0x%X - %s
[11:32:01] [error] vge: %s(%d) : GL_CORE_ERROR=0x%X - %s
[11:32:01] [error] vge: %s(%d) : GL_CORE_ERROR=0x%X - %s
[11:32:01] [error] vge: %s(%d) : GL_CORE_ERROR=0x%X - %s
[11:32:01] [error] vge: %s(%d) : GL_CORE_ERROR=0x%X - %s
[11:32:01] [error] vge: %s(%d) : GL_CORE_ERROR=0x%X - %s
[11:32:01] [error] vge: %s(%d) : GL_CORE_ERROR=0x%X - %s
[11:32:01] [error] vge: %s(%d) : GL_CORE_ERROR=0x%X - %s
[11:32:01] [error] vge: %s(%d) : GL_CORE_ERROR=0x%X - %s
[11:32:01] [error] vge: %s(%d) : GL_CORE_ERROR=0x%X - %s
[11:32:01] [error] vge: %s(%d) : GL_CORE_ERROR=0x%X - %s
[11:32:01] [error] vge: %s(%d) : GL_CORE_ERROR=0x%X - %s
[11:32:01] [error] vge: %s(%d) : GL_CORE_ERROR=0x%X - %s
[11:32:01] [error] vge: %s(%d) : GL_CORE_ERROR=0x%X - %s
[11:32:01] [error] vge: %s(%d) : GL_CORE_ERROR=0x%X - %s
[11:32:01] [error] vge: %s(%d) : GL_CORE_ERROR=0x%X - %s
[11:32:01] [error] vge: %s(%d) : GL_CORE_ERROR=0x%X - %s
[11:32:01] [error] vge: %s(%d) : GL_CORE_ERROR=0x%X - %s
[11:32:01] [error] vge: %s(%d) : GL_CORE_ERROR=0x%X - %s
[11:32:01] [error] vge: %s(%d) : GL_CORE_ERROR=0x%X - %s
[11:32:01] [error] vge: %s(%d) : GL_CORE_ERROR=0x%X - %s
[11:32:01] [error] vge: %s(%d) : GL_CORE_ERROR=0x%X - %s
[11:32:01] [error] vge: %s(%d) : GL_CORE_ERROR=0x%X - %s
[11:32:02] [error] vge: %s(%d) : GL_CORE_ERROR=0x%X - %s
[11:32:02] [error] vge: %s(%d) : GL_CORE_ERROR=0x%X - %s
[11:32:02] [error] vge: %s(%d) : GL_CORE_ERROR=0x%X - %s
[11:32:02] [error] vge: %s(%d) : GL_CORE_ERROR=0x%X - %s
[11:32:02] [error] vge: %s(%d) : GL_CORE_ERROR=0x%X - %s
[11:32:02] [error] vge: %s(%d) : GL_CORE_ERROR=0x%X - %s
[11:32:02] [error] vge: %s(%d) : GL_CORE_ERROR=0x%X - %s
[11:32:02] [error] vge: %s(%d) : GL_CORE_ERROR=0x%X - %s
[11:32:02] [error] vge: %s(%d) : GL_CORE_ERROR=0x%X - %s
[11:32:02] [error] vge: %s(%d) : GL_CORE_ERROR=0x%X - %s
[11:32:02] [error] vge: %s(%d) : GL_CORE_ERROR=0x%X - %s
[11:32:02] [error] vge: %s(%d) : GL_CORE_ERROR=0x%X - %s
[11:32:02] [error] vge: %s(%d) : GL_CORE_ERROR=0x%X - %s
[11:32:02] [error] vge: %s(%d) : GL_CORE_ERROR=0x%X - %s
[11:32:02] [error] vge: %s(%d) : GL_CORE_ERROR=0x%X - %s
[11:32:02] [error] vge: %s(%d) : GL_CORE_ERROR=0x%X - %s
[11:32:02] [error] vge: %s(%d) : GL_CORE_ERROR=0x%X - %s
[11:32:02] [error] vge: %s(%d) : GL_CORE_ERROR=0x%X - %s
[11:32:02] [error] vge: %s(%d) : GL_CORE_ERROR=0x%X - %s
[11:32:02] [error] vge: %s(%d) : GL_CORE_ERROR=0x%X - %s
[11:32:02] [error] vge: %s(%d) : GL_CORE_ERROR=0x%X - %s
[11:32:02] [error] vge: %s(%d) : GL_CORE_ERROR=0x%X - %s
[11:32:02] [error] vge: %s(%d) : GL_CORE_ERROR=0x%X - %s
[11:32:02] [error] vge: %s(%d) : GL_CORE_ERROR=0x%X - %s
[11:32:02] [error] vge: %s(%d) : GL_CORE_ERROR=0x%X - %s
[11:32:02] [error] vge: %s(%d) : GL_CORE_ERROR=0x%X - %s
[11:32:02] [error] vge: %s(%d) : GL_CORE_ERROR=0x%X - %s
[11:32:02] [error] vge: %s(%d) : GL_CORE_ERROR=0x%X - %s
[11:32:02] [error] vge: %s(%d) : GL_CORE_ERROR=0x%X - %s
[11:32:02] [error] vge: %s(%d) : GL_CORE_ERROR=0x%X - %s
[11:32:02] [error] vge: %s(%d) : GL_CORE_ERROR=0x%X - %s
[11:32:02] [error] vge: %s(%d) : GL_CORE_ERROR=0x%X - %s
[11:32:02] [error] vge: %s(%d) : GL_CORE_ERROR=0x%X - %s
[11:32:02] [error] vge: %s(%d) : GL_CORE_ERROR=0x%X - %s
[11:32:02] [error] vge: %s(%d) : GL_CORE_ERROR=0x%X - %s
[11:32:02] [error] vge: %s(%d) : GL_CORE_ERROR=0x%X - %s
[11:32:02] [error] vge: %s(%d) : GL_CORE_ERROR=0x%X - %s
[11:32:02] [error] vge: %s(%d) : GL_CORE_ERROR=0x%X - %s
[11:32:02] [error] vge: %s(%d) : GL_CORE_ERROR=0x%X - %s
[11:32:02] [error] vge: %s(%d) : GL_CORE_ERROR=0x%X - %s
[11:32:02] [error] vge: %s(%d) : GL_CORE_ERROR=0x%X - %s
[11:32:02] [error] vge: %s(%d) : GL_CORE_ERROR=0x%X - %s
[11:32:02] [error] vge: %s(%d) : GL_CORE_ERROR=0x%X - %s
[11:32:02] [error] vge: %s(%d) : GL_CORE_ERROR=0x%X - %s
[11:32:02] [error] vge: %s(%d) : GL_CORE_ERROR=0x%X - %s
[11:32:02] [error] vge: %s(%d) : GL_CORE_ERROR=0x%X - %s
[11:32:02] [error] vge: %s(%d) : GL_CORE_ERROR=0x%X - %s
[11:32:02] [error] vge: %s(%d) : GL_CORE_ERROR=0x%X - %s
[11:32:02] [error] vge: %s(%d) : GL_CORE_ERROR=0x%X - %s
[11:32:02] [error] vge: %s(%d) : GL_CORE_ERROR=0x%X - %s
[11:32:02] [error] vge: %s(%d) : GL_CORE_ERROR=0x%X - %s
[11:32:02] [error] vge: %s(%d) : GL_CORE_ERROR=0x%X - %s
[11:32:02] [error] vge: %s(%d) : GL_CORE_ERROR=0x%X - %s
[11:32:02] [error] vge: %s(%d) : GL_CORE_ERROR=0x%X - %s
[11:32:02] [error] vge: %s(%d) : GL_CORE_ERROR=0x%X - %s
[11:32:02] [error] vge: %s(%d) : GL_CORE_ERROR=0x%X - %s
[11:32:02] [error] vge: %s(%d) : GL_CORE_ERROR=0x%X - %s
[11:32:02] [error] vge: %s(%d) : GL_CORE_ERROR=0x%X - %s
[11:32:02] [error] vge: %s(%d) : GL_CORE_ERROR=0x%X - %s
[11:32:02] [error] vge: %s(%d) : GL_CORE_ERROR=0x%X - %s
[11:32:02] [error] vge: %s(%d) : GL_CORE_ERROR=0x%X - %s
[11:32:02] [error] vge: %s(%d) : GL_CORE_ERROR=0x%X - %s
[11:32:02] [error] vge: %s(%d) : GL_CORE_ERROR=0x%X - %s
[11:32:02] [error] vge: %s(%d) : GL_CORE_ERROR=0x%X - %s
[11:32:02] [error] vge: %s(%d) : GL_CORE_ERROR=0x%X - %s
[11:32:02] [error] vge: %s(%d) : GL_CORE_ERROR=0x%X - %s
[11:32:02] [error] vge: %s(%d) : GL_CORE_ERROR=0x%X - %s
[11:32:02] [error] vge: %s(%d) : GL_CORE_ERROR=0x%X - %s
[11:32:02] [error] vge: %s(%d) : GL_CORE_ERROR=0x%X - %s
[11:32:02] [error] vge: %s(%d) : GL_CORE_ERROR=0x%X - %s
[11:32:02] [error] vge: %s(%d) : GL_CORE_ERROR=0x%X - %s
[11:32:02] [error] vge: %s(%d) : GL_CORE_ERROR=0x%X - %s
[11:32:02] [error] vge: %s(%d) : GL_CORE_ERROR=0x%X - %s
[11:32:02] [error] vge: %s(%d) : GL_CORE_ERROR=0x%X - %s
[11:32:02] [error] vge: %s(%d) : GL_CORE_ERROR=0x%X - %s
[11:32:02] [error] vge: %s(%d) : GL_CORE_ERROR=0x%X - %s
[11:32:02] [error] vge: %s(%d) : GL_CORE_ERROR=0x%X - %s
[11:32:02] [error] vge: %s(%d) : GL_CORE_ERROR=0x%X - %s
[11:32:02] [error] vge: %s(%d) : GL_CORE_ERROR=0x%X - %s
[11:32:02] [error] vge: %s(%d) : GL_CORE_ERROR=0x%X - %s
[11:32:02] [error] vge: %s(%d) : GL_CORE_ERROR=0x%X - %s
[11:32:02] [error] vge: %s(%d) : GL_CORE_ERROR=0x%X - %s
[11:32:02] [error] vge: %s(%d) : GL_CORE_ERROR=0x%X - %s
[11:32:02] [error] vge: %s(%d) : GL_CORE_ERROR=0x%X - %s
[11:32:02] [error] vge: %s(%d) : GL_CORE_ERROR=0x%X - %s
[11:32:02] [error] vge: %s(%d) : GL_CORE_ERROR=0x%X - %s
[11:32:02] [error] vge: %s(%d) : GL_CORE_ERROR=0x%X - %s
[11:32:02] [error] vge: %s(%d) : GL_CORE_ERROR=0x%X - %s
[11:32:02] [error] vge: %s(%d) : GL_CORE_ERROR=0x%X - %s
[11:32:03] [error] vge: %s(%d) : GL_CORE_ERROR=0x%X - %s
[11:32:03] [error] vge: %s(%d) : GL_CORE_ERROR=0x%X - %s
[11:32:03] [error] vge: %s(%d) : GL_CORE_ERROR=0x%X - %s
[11:32:03] [error] vge: %s(%d) : GL_CORE_ERROR=0x%X - %s
[11:32:03] [error] vge: %s(%d) : GL_CORE_ERROR=0x%X - %s
[11:32:03] [error] vge: %s(%d) : GL_CORE_ERROR=0x%X - %s
[11:32:03] [error] vge: %s(%d) : GL_CORE_ERROR=0x%X - %s
[11:32:03] [error] vge: %s(%d) : GL_CORE_ERROR=0x%X - %s
[11:32:03] [error] vge: %s(%d) : GL_CORE_ERROR=0x%X - %s
[11:32:03] [error] vge: %s(%d) : GL_CORE_ERROR=0x%X - %s
[11:32:03] [error] vge: %s(%d) : GL_CORE_ERROR=0x%X - %s
[11:32:03] [error] vge: %s(%d) : GL_CORE_ERROR=0x%X - %s
[11:32:03] [error] vge: %s(%d) : GL_CORE_ERROR=0x%X - %s
[11:32:03] [error] vge: %s(%d) : GL_CORE_ERROR=0x%X - %s
[11:32:03] [error] vge: %s(%d) : GL_CORE_ERROR=0x%X - %s
[11:32:03] [error] vge: %s(%d) : GL_CORE_ERROR=0x%X - %s
[11:32:03] [error] vge: %s(%d) : GL_CORE_ERROR=0x%X - %s
[11:32:03] [error] vge: %s(%d) : GL_CORE_ERROR=0x%X - %s
[11:32:03] [error] vge: %s(%d) : GL_CORE_ERROR=0x%X - %s
[11:32:03] [error] vge: %s(%d) : GL_CORE_ERROR=0x%X - %s
[11:32:03] [error] vge: %s(%d) : GL_CORE_ERROR=0x%X - %s
[11:32:03] [error] vge: %s(%d) : GL_CORE_ERROR=0x%X - %s
[11:32:03] [error] vge: %s(%d) : GL_CORE_ERROR=0x%X - %s
[11:32:03] [error] vge: %s(%d) : GL_CORE_ERROR=0x%X - %s
[11:32:03] [error] vge: %s(%d) : GL_CORE_ERROR=0x%X - %s
[11:32:03] [error] vge: %s(%d) : GL_CORE_ERROR=0x%X - %s
[11:32:03] [error] vge: %s(%d) : GL_CORE_ERROR=0x%X - %s
[11:32:03] [error] vge: %s(%d) : GL_CORE_ERROR=0x%X - %s
[11:32:03] [error] vge: %s(%d) : GL_CORE_ERROR=0x%X - %s
[11:32:03] [error] vge: %s(%d) : GL_CORE_ERROR=0x%X - %s
[11:32:03] [error] vge: %s(%d) : GL_CORE_ERROR=0x%X - %s
[11:32:03] [error] vge: %s(%d) : GL_CORE_ERROR=0x%X - %s
[11:32:03] [error] vge: %s(%d) : GL_CORE_ERROR=0x%X - %s
[11:32:03] [error] vge: %s(%d) : GL_CORE_ERROR=0x%X - %s
[11:32:03] [error] vge: %s(%d) : GL_CORE_ERROR=0x%X - %s
[11:32:03] [error] vge: %s(%d) : GL_CORE_ERROR=0x%X - %s
[11:32:03] [error] vge: %s(%d) : GL_CORE_ERROR=0x%X - %s
[11:32:03] [error] vge: %s(%d) : GL_CORE_ERROR=0x%X - %s
[11:32:03] [error] vge: %s(%d) : GL_CORE_ERROR=0x%X - %s
[11:32:03] [error] vge: %s(%d) : GL_CORE_ERROR=0x%X - %s
[11:32:03] [error] vge: %s(%d) : GL_CORE_ERROR=0x%X - %s
[11:32:03] [error] vge: %s(%d) : GL_CORE_ERROR=0x%X - %s
[11:32:03] [error] vge: %s(%d) : GL_CORE_ERROR=0x%X - %s
[11:32:03] [error] vge: %s(%d) : GL_CORE_ERROR=0x%X - %s
[11:32:03] [error] vge: %s(%d) : GL_CORE_ERROR=0x%X - %s
[11:32:03] [error] vge: %s(%d) : GL_CORE_ERROR=0x%X - %s
[11:32:03] [error] vge: %s(%d) : GL_CORE_ERROR=0x%X - %s
[11:32:03] [error] vge: %s(%d) : GL_CORE_ERROR=0x%X - %s
[11:32:03] [error] vge: %s(%d) : GL_CORE_ERROR=0x%X - %s
[11:32:03] [error] vge: %s(%d) : GL_CORE_ERROR=0x%X - %s
[11:32:03] [error] vge: %s(%d) : GL_CORE_ERROR=0x%X - %s
[11:32:03] [error] vge: %s(%d) : GL_CORE_ERROR=0x%X - %s
[11:32:03] [error] vge: %s(%d) : GL_CORE_ERROR=0x%X - %s
[11:32:03] [error] vge: %s(%d) : GL_CORE_ERROR=0x%X - %s
[11:32:03] [error] vge: %s(%d) : GL_CORE_ERROR=0x%X - %s
[11:32:03] [error] vge: %s(%d) : GL_CORE_ERROR=0x%X - %s
[11:32:03] [error] vge: %s(%d) : GL_CORE_ERROR=0x%X - %s
[11:32:03] [error] vge: %s(%d) : GL_CORE_ERROR=0x%X - %s
[11:32:03] [error] vge: %s(%d) : GL_CORE_ERROR=0x%X - %s
[11:32:03] [error] vge: %s(%d) : GL_CORE_ERROR=0x%X - %s
[11:32:03] [error] vge: %s(%d) : GL_CORE_ERROR=0x%X - %s
[11:32:03] [error] vge: %s(%d) : GL_CORE_ERROR=0x%X - %s
[11:32:03] [error] vge: %s(%d) : GL_CORE_ERROR=0x%X - %s
[11:32:03] [error] vge: %s(%d) : GL_CORE_ERROR=0x%X - %s
[11:32:03] [error] vge: %s(%d) : GL_CORE_ERROR=0x%X - %s
[11:32:03] [error] vge: %s(%d) : GL_CORE_ERROR=0x%X - %s
[11:32:03] [error] vge: %s(%d) : GL_CORE_ERROR=0x%X - %s
[11:32:03] [error] vge: %s(%d) : GL_CORE_ERROR=0x%X - %s
[11:32:03] [error] vge: %s(%d) : GL_CORE_ERROR=0x%X - %s
[11:32:03] [error] vge: %s(%d) : GL_CORE_ERROR=0x%X - %s
[11:32:03] [error] vge: %s(%d) : GL_CORE_ERROR=0x%X - %s
[11:32:03] [error] vge: %s(%d) : GL_CORE_ERROR=0x%X - %s
[11:32:03] [error] vge: %s(%d) : GL_CORE_ERROR=0x%X - %s
[11:32:03] [error] vge: %s(%d) : GL_CORE_ERROR=0x%X - %s
[11:32:03] [error] vge: %s(%d) : GL_CORE_ERROR=0x%X - %s
[11:32:03] [error] vge: %s(%d) : GL_CORE_ERROR=0x%X - %s
[11:32:03] [error] vge: %s(%d) : GL_CORE_ERROR=0x%X - %s
[11:32:03] [error] vge: %s(%d) : GL_CORE_ERROR=0x%X - %s
[11:32:03] [error] vge: %s(%d) : GL_CORE_ERROR=0x%X - %s
[11:32:03] [error] vge: %s(%d) : GL_CORE_ERROR=0x%X - %s
[11:32:03] [error] vge: %s(%d) : GL_CORE_ERROR=0x%X - %s
[11:32:03] [error] vge: %s(%d) : GL_CORE_ERROR=0x%X - %s
[11:32:03] [error] vge: %s(%d) : GL_CORE_ERROR=0x%X - %s
[11:32:03] [error] vge: %s(%d) : GL_CORE_ERROR=0x%X - %s
[11:32:03] [error] vge: %s(%d) : GL_CORE_ERROR=0x%X - %s
[11:32:03] [error] vge: %s(%d) : GL_CORE_ERROR=0x%X - %s
[11:32:03] [error] vge: %s(%d) : GL_CORE_ERROR=0x%X - %s
[11:32:03] [error] vge: %s(%d) : GL_CORE_ERROR=0x%X - %s
[11:32:03] [error] vge: %s(%d) : GL_CORE_ERROR=0x%X - %s
[11:32:03] [error] vge: %s(%d) : GL_CORE_ERROR=0x%X - %s
[11:32:04] [error] vge: %s(%d) : GL_CORE_ERROR=0x%X - %s
[11:32:04] [error] vge: %s(%d) : GL_CORE_ERROR=0x%X - %s
[11:32:04] [error] vge: %s(%d) : GL_CORE_ERROR=0x%X - %s
[11:32:04] [error] vge: %s(%d) : GL_CORE_ERROR=0x%X - %s
[11:32:04] [error] vge: %s(%d) : GL_CORE_ERROR=0x%X - %s
[11:32:04] [error] vge: %s(%d) : GL_CORE_ERROR=0x%X - %s
[11:32:04] [error] vge: %s(%d) : GL_CORE_ERROR=0x%X - %s
[11:32:04] [error] vge: %s(%d) : GL_CORE_ERROR=0x%X - %s
[11:32:04] [error] vge: %s(%d) : GL_CORE_ERROR=0x%X - %s
[11:32:04] [error] vge: %s(%d) : GL_CORE_ERROR=0x%X - %s
[11:32:04] [error] vge: %s(%d) : GL_CORE_ERROR=0x%X - %s
[11:32:04] [error] vge: %s(%d) : GL_CORE_ERROR=0x%X - %s
[11:32:04] [error] vge: %s(%d) : GL_CORE_ERROR=0x%X - %s
[11:32:04] [error] vge: %s(%d) : GL_CORE_ERROR=0x%X - %s
[11:32:04] [error] vge: %s(%d) : GL_CORE_ERROR=0x%X - %s
[11:32:04] [error] vge: %s(%d) : GL_CORE_ERROR=0x%X - %s
[11:32:04] [error] vge: %s(%d) : GL_CORE_ERROR=0x%X - %s
[11:32:04] [error] vge: %s(%d) : GL_CORE_ERROR=0x%X - %s
[11:32:04] [error] vge: %s(%d) : GL_CORE_ERROR=0x%X - %s
[11:32:04] [error] vge: %s(%d) : GL_CORE_ERROR=0x%X - %s
[11:32:04] [error] vge: %s(%d) : GL_CORE_ERROR=0x%X - %s
[11:32:04] [error] vge: %s(%d) : GL_CORE_ERROR=0x%X - %s
[11:32:04] [error] vge: %s(%d) : GL_CORE_ERROR=0x%X - %s
[11:32:04] [error] vge: %s(%d) : GL_CORE_ERROR=0x%X - %s
[11:32:04] [error] vge: %s(%d) : GL_CORE_ERROR=0x%X - %s
[11:32:04] [error] vge: %s(%d) : GL_CORE_ERROR=0x%X - %s
[11:32:04] [error] vge: %s(%d) : GL_CORE_ERROR=0x%X - %s
[11:32:04] [error] vge: %s(%d) : GL_CORE_ERROR=0x%X - %s
[11:32:04] [error] vge: %s(%d) : GL_CORE_ERROR=0x%X - %s
[11:32:04] [error] vge: %s(%d) : GL_CORE_ERROR=0x%X - %s
[11:32:04] [error] vge: %s(%d) : GL_CORE_ERROR=0x%X - %s
[11:32:04] [error] vge: %s(%d) : GL_CORE_ERROR=0x%X - %s
[11:32:04] [error] vge: %s(%d) : GL_CORE_ERROR=0x%X - %s
[11:32:04] [error] vge: %s(%d) : GL_CORE_ERROR=0x%X - %s
[11:32:04] [error] vge: %s(%d) : GL_CORE_ERROR=0x%X - %s
[11:32:04] [error] vge: %s(%d) : GL_CORE_ERROR=0x%X - %s
[11:32:04] [error] vge: %s(%d) : GL_CORE_ERROR=0x%X - %s
[11:32:04] [error] vge: %s(%d) : GL_CORE_ERROR=0x%X - %s
[11:32:04] [error] vge: %s(%d) : GL_CORE_ERROR=0x%X - %s
[11:32:04] [error] vge: %s(%d) : GL_CORE_ERROR=0x%X - %s
[11:32:04] [error] vge: %s(%d) : GL_CORE_ERROR=0x%X - %s
[11:32:04] [error] vge: %s(%d) : GL_CORE_ERROR=0x%X - %s
[11:32:04] [error] vge: %s(%d) : GL_CORE_ERROR=0x%X - %s
[11:32:04] [error] vge: %s(%d) : GL_CORE_ERROR=0x%X - %s
[11:32:04] [error] vge: %s(%d) : GL_CORE_ERROR=0x%X - %s
[11:32:04] [error] vge: %s(%d) : GL_CORE_ERROR=0x%X - %s
[11:32:04] [error] vge: %s(%d) : GL_CORE_ERROR=0x%X - %s
[11:32:04] [error] vge: %s(%d) : GL_CORE_ERROR=0x%X - %s
[11:32:04] [error] vge: %s(%d) : GL_CORE_ERROR=0x%X - %s
[11:32:04] [error] vge: %s(%d) : GL_CORE_ERROR=0x%X - %s
[11:32:04] [error] vge: %s(%d) : GL_CORE_ERROR=0x%X - %s
[11:32:04] [error] vge: %s(%d) : GL_CORE_ERROR=0x%X - %s
[11:32:04] [error] vge: %s(%d) : GL_CORE_ERROR=0x%X - %s
[11:32:04] [error] vge: %s(%d) : GL_CORE_ERROR=0x%X - %s
[11:32:04] [error] vge: %s(%d) : GL_CORE_ERROR=0x%X - %s
[11:32:04] [error] vge: %s(%d) : GL_CORE_ERROR=0x%X - %s
[11:32:04] [error] vge: %s(%d) : GL_CORE_ERROR=0x%X - %s
[11:32:04] [error] vge: %s(%d) : GL_CORE_ERROR=0x%X - %s
[11:32:04] [error] vge: %s(%d) : GL_CORE_ERROR=0x%X - %s
[11:32:04] [error] vge: %s(%d) : GL_CORE_ERROR=0x%X - %s
[11:32:04] [error] vge: %s(%d) : GL_CORE_ERROR=0x%X - %s
[11:32:04] [error] vge: %s(%d) : GL_CORE_ERROR=0x%X - %s
[11:32:04] [error] vge: %s(%d) : GL_CORE_ERROR=0x%X - %s
[11:32:04] [error] vge: %s(%d) : GL_CORE_ERROR=0x%X - %s
[11:32:04] [error] vge: %s(%d) : GL_CORE_ERROR=0x%X - %s
[11:32:04] [error] vge: %s(%d) : GL_CORE_ERROR=0x%X - %s
[11:32:04] [error] vge: %s(%d) : GL_CORE_ERROR=0x%X - %s
[11:32:04] [error] vge: %s(%d) : GL_CORE_ERROR=0x%X - %s
[11:32:04] [error] vge: %s(%d) : GL_CORE_ERROR=0x%X - %s
[11:32:04] [error] vge: %s(%d) : GL_CORE_ERROR=0x%X - %s
[11:32:04] [error] vge: %s(%d) : GL_CORE_ERROR=0x%X - %s
[11:32:04] [error] vge: %s(%d) : GL_CORE_ERROR=0x%X - %s
[11:32:04] [error] vge: %s(%d) : GL_CORE_ERROR=0x%X - %s
[11:32:04] [error] vge: %s(%d) : GL_CORE_ERROR=0x%X - %s
[11:32:04] [error] vge: %s(%d) : GL_CORE_ERROR=0x%X - %s
[11:32:04] [error] vge: %s(%d) : GL_CORE_ERROR=0x%X - %s
[11:32:04] [error] vge: %s(%d) : GL_CORE_ERROR=0x%X - %s
[11:32:04] [error] vge: %s(%d) : GL_CORE_ERROR=0x%X - %s
[11:32:04] [error] vge: %s(%d) : GL_CORE_ERROR=0x%X - %s
[11:32:04] [error] vge: %s(%d) : GL_CORE_ERROR=0x%X - %s
[11:32:04] [error] vge: %s(%d) : GL_CORE_ERROR=0x%X - %s
[11:32:04] [error] vge: %s(%d) : GL_CORE_ERROR=0x%X - %s
[11:32:04] [error] vge: %s(%d) : GL_CORE_ERROR=0x%X - %s
[11:32:04] [error] vge: %s(%d) : GL_CORE_ERROR=0x%X - %s
[11:32:04] [error] vge: %s(%d) : GL_CORE_ERROR=0x%X - %s
[11:32:04] [error] vge: %s(%d) : GL_CORE_ERROR=0x%X - %s
[11:32:04] [error] vge: %s(%d) : GL_CORE_ERROR=0x%X - %s
[11:32:04] [error] vge: %s(%d) : GL_CORE_ERROR=0x%X - %s
[11:32:04] [error] vge: %s(%d) : GL_CORE_ERROR=0x%X - %s
[11:32:05] [error] vge: %s(%d) : GL_CORE_ERROR=0x%X - %s
[11:32:05] [error] vge: %s(%d) : GL_CORE_ERROR=0x%X - %s
[11:32:05] [error] vge: %s(%d) : GL_CORE_ERROR=0x%X - %s
[11:32:05] [error] vge: %s(%d) : GL_CORE_ERROR=0x%X - %s
[11:32:05] [error] vge: %s(%d) : GL_CORE_ERROR=0x%X - %s
[11:32:05] [error] vge: %s(%d) : GL_CORE_ERROR=0x%X - %s
[11:32:05] [error] vge: %s(%d) : GL_CORE_ERROR=0x%X - %s
[11:32:05] [error] vge: %s(%d) : GL_CORE_ERROR=0x%X - %s
[11:32:05] [error] vge: %s(%d) : GL_CORE_ERROR=0x%X - %s
[11:32:05] [error] vge: %s(%d) : GL_CORE_ERROR=0x%X - %s
[11:32:05] [error] vge: %s(%d) : GL_CORE_ERROR=0x%X - %s
[11:32:05] [error] vge: %s(%d) : GL_CORE_ERROR=0x%X - %s
[11:32:05] [error] vge: %s(%d) : GL_CORE_ERROR=0x%X - %s
[11:32:05] [error] vge: %s(%d) : GL_CORE_ERROR=0x%X - %s
[11:32:05] [error] vge: %s(%d) : GL_CORE_ERROR=0x%X - %s
[11:32:05] [error] vge: %s(%d) : GL_CORE_ERROR=0x%X - %s
[11:32:05] [error] vge: %s(%d) : GL_CORE_ERROR=0x%X - %s
[11:32:05] [error] vge: %s(%d) : GL_CORE_ERROR=0x%X - %s
[11:32:05] [error] vge: %s(%d) : GL_CORE_ERROR=0x%X - %s
[11:32:05] [error] vge: %s(%d) : GL_CORE_ERROR=0x%X - %s
[11:32:05] [error] vge: %s(%d) : GL_CORE_ERROR=0x%X - %s
[11:32:05] [error] vge: %s(%d) : GL_CORE_ERROR=0x%X - %s
[11:32:05] [error] vge: %s(%d) : GL_CORE_ERROR=0x%X - %s
[11:32:05] [error] vge: %s(%d) : GL_CORE_ERROR=0x%X - %s
[11:32:05] [error] vge: %s(%d) : GL_CORE_ERROR=0x%X - %s
[11:32:05] [error] vge: %s(%d) : GL_CORE_ERROR=0x%X - %s
[11:32:05] [error] vge: %s(%d) : GL_CORE_ERROR=0x%X - %s
[11:32:05] [error] vge: %s(%d) : GL_CORE_ERROR=0x%X - %s
[11:32:05] [error] vge: %s(%d) : GL_CORE_ERROR=0x%X - %s
[11:32:05] [error] vge: %s(%d) : GL_CORE_ERROR=0x%X - %s
[11:32:05] [error] vge: %s(%d) : GL_CORE_ERROR=0x%X - %s
[11:32:05] [error] vge: %s(%d) : GL_CORE_ERROR=0x%X - %s
[11:32:05] [error] vge: %s(%d) : GL_CORE_ERROR=0x%X - %s
[11:32:05] [error] vge: %s(%d) : GL_CORE_ERROR=0x%X - %s
[11:32:05] [error] vge: %s(%d) : GL_CORE_ERROR=0x%X - %s
[11:32:05] [error] vge: %s(%d) : GL_CORE_ERROR=0x%X - %s
[11:32:05] [error] vge: %s(%d) : GL_CORE_ERROR=0x%X - %s
[11:32:05] [error] vge: %s(%d) : GL_CORE_ERROR=0x%X - %s
[11:32:05] [error] vge: %s(%d) : GL_CORE_ERROR=0x%X - %s
[11:32:05] [error] vge: %s(%d) : GL_CORE_ERROR=0x%X - %s
[11:32:05] [error] vge: %s(%d) : GL_CORE_ERROR=0x%X - %s
[11:32:05] [error] vge: %s(%d) : GL_CORE_ERROR=0x%X - %s
[11:32:05] [error] vge: %s(%d) : GL_CORE_ERROR=0x%X - %s
[11:32:05] [error] vge: %s(%d) : GL_CORE_ERROR=0x%X - %s
[11:32:05] [error] vge: %s(%d) : GL_CORE_ERROR=0x%X - %s
[11:32:05] [error] vge: %s(%d) : GL_CORE_ERROR=0x%X - %s
[11:32:05] [error] vge: %s(%d) : GL_CORE_ERROR=0x%X - %s
[11:32:05] [error] vge: %s(%d) : GL_CORE_ERROR=0x%X - %s
[11:32:05] [error] vge: %s(%d) : GL_CORE_ERROR=0x%X - %s
[11:32:05] [error] vge: %s(%d) : GL_CORE_ERROR=0x%X - %s
[11:32:05] [error] vge: %s(%d) : GL_CORE_ERROR=0x%X - %s
[11:32:05] [error] vge: %s(%d) : GL_CORE_ERROR=0x%X - %s
[11:32:05] [error] vge: %s(%d) : GL_CORE_ERROR=0x%X - %s
[11:32:05] [error] vge: %s(%d) : GL_CORE_ERROR=0x%X - %s
[11:32:05] [error] vge: %s(%d) : GL_CORE_ERROR=0x%X - %s
[11:32:05] [error] vge: %s(%d) : GL_CORE_ERROR=0x%X - %s
[11:32:05] [error] vge: %s(%d) : GL_CORE_ERROR=0x%X - %s
[11:32:05] [error] vge: %s(%d) : GL_CORE_ERROR=0x%X - %s
[11:32:05] [error] vge: %s(%d) : GL_CORE_ERROR=0x%X - %s
[11:32:05] [error] vge: %s(%d) : GL_CORE_ERROR=0x%X - %s
[11:32:05] [error] vge: %s(%d) : GL_CORE_ERROR=0x%X - %s
[11:32:05] [error] vge: %s(%d) : GL_CORE_ERROR=0x%X - %s
[11:32:05] [error] vge: %s(%d) : GL_CORE_ERROR=0x%X - %s
[11:32:05] [error] vge: %s(%d) : GL_CORE_ERROR=0x%X - %s
[11:32:05] [error] vge: %s(%d) : GL_CORE_ERROR=0x%X - %s
[11:32:05] [error] vge: %s(%d) : GL_CORE_ERROR=0x%X - %s
[11:32:05] [error] vge: %s(%d) : GL_CORE_ERROR=0x%X - %s
[11:32:05] [error] vge: %s(%d) : GL_CORE_ERROR=0x%X - %s
[11:32:05] [error] vge: %s(%d) : GL_CORE_ERROR=0x%X - %s
[11:32:05] [error] vge: %s(%d) : GL_CORE_ERROR=0x%X - %s
[11:32:05] [error] vge: %s(%d) : GL_CORE_ERROR=0x%X - %s
[11:32:05] [error] vge: %s(%d) : GL_CORE_ERROR=0x%X - %s
[11:32:05] [error] vge: %s(%d) : GL_CORE_ERROR=0x%X - %s
[11:32:05] [error] vge: %s(%d) : GL_CORE_ERROR=0x%X - %s
[11:32:05] [error] vge: %s(%d) : GL_CORE_ERROR=0x%X - %s
[11:32:05] [error] vge: %s(%d) : GL_CORE_ERROR=0x%X - %s
[11:32:05] [error] vge: %s(%d) : GL_CORE_ERROR=0x%X - %s
[11:32:05] [error] vge: %s(%d) : GL_CORE_ERROR=0x%X - %s
[11:32:05] [error] vge: %s(%d) : GL_CORE_ERROR=0x%X - %s
[11:32:05] [error] vge: %s(%d) : GL_CORE_ERROR=0x%X - %s
[11:32:05] [error] vge: %s(%d) : GL_CORE_ERROR=0x%X - %s
[11:32:05] [error] vge: %s(%d) : GL_CORE_ERROR=0x%X - %s
[11:32:05] [error] vge: %s(%d) : GL_CORE_ERROR=0x%X - %s
[11:32:05] [error] vge: %s(%d) : GL_CORE_ERROR=0x%X - %s
[11:32:05] [error] vge: %s(%d) : GL_CORE_ERROR=0x%X - %s
[11:32:05] [error] vge: %s(%d) : GL_CORE_ERROR=0x%X - %s
[11:32:05] [error] vge: %s(%d) : GL_CORE_ERROR=0x%X - %s
[11:32:05] [error] vge: %s(%d) : GL_CORE_ERROR=0x%X - %s
[11:32:05] [error] vge: %s(%d) : GL_CORE_ERROR=0x%X - %s
[11:32:05] [error] vge: %s(%d) : GL_CORE_ERROR=0x%X - %s
[11:32:06] [error] vge: %s(%d) : GL_CORE_ERROR=0x%X - %s
[11:32:06] [error] vge: %s(%d) : GL_CORE_ERROR=0x%X - %s
[11:32:06] [error] vge: %s(%d) : GL_CORE_ERROR=0x%X - %s
[11:32:06] [error] vge: %s(%d) : GL_CORE_ERROR=0x%X - %s
[11:32:06] [error] vge: %s(%d) : GL_CORE_ERROR=0x%X - %s
[11:32:06] [error] vge: %s(%d) : GL_CORE_ERROR=0x%X - %s
[11:32:06] [error] vge: %s(%d) : GL_CORE_ERROR=0x%X - %s
[11:32:06] [error] vge: %s(%d) : GL_CORE_ERROR=0x%X - %s
[11:32:06] [error] vge: %s(%d) : GL_CORE_ERROR=0x%X - %s
[11:32:06] [error] vge: %s(%d) : GL_CORE_ERROR=0x%X - %s
[11:32:06] [error] vge: %s(%d) : GL_CORE_ERROR=0x%X - %s
[11:32:06] [error] vge: %s(%d) : GL_CORE_ERROR=0x%X - %s
[11:32:06] [error] vge: %s(%d) : GL_CORE_ERROR=0x%X - %s
[11:32:06] [error] vge: %s(%d) : GL_CORE_ERROR=0x%X - %s
[11:32:06] [error] vge: %s(%d) : GL_CORE_ERROR=0x%X - %s
[11:32:06] [error] vge: %s(%d) : GL_CORE_ERROR=0x%X - %s
[11:32:06] [error] vge: %s(%d) : GL_CORE_ERROR=0x%X - %s
[11:32:06] [error] vge: %s(%d) : GL_CORE_ERROR=0x%X - %s
[11:32:06] [error] vge: %s(%d) : GL_CORE_ERROR=0x%X - %s
[11:32:06] [error] vge: %s(%d) : GL_CORE_ERROR=0x%X - %s
[11:32:06] [error] vge: %s(%d) : GL_CORE_ERROR=0x%X - %s
[11:32:06] [error] vge: %s(%d) : GL_CORE_ERROR=0x%X - %s
[11:32:06] [error] vge: %s(%d) : GL_CORE_ERROR=0x%X - %s
[11:32:06] [error] vge: %s(%d) : GL_CORE_ERROR=0x%X - %s
[11:32:06] [error] vge: %s(%d) : GL_CORE_ERROR=0x%X - %s
[11:32:06] [error] vge: %s(%d) : GL_CORE_ERROR=0x%X - %s
[11:32:06] [error] vge: %s(%d) : GL_CORE_ERROR=0x%X - %s
[11:32:06] [error] vge: %s(%d) : GL_CORE_ERROR=0x%X - %s
[11:32:06] [error] vge: %s(%d) : GL_CORE_ERROR=0x%X - %s
[11:32:06] [error] vge: %s(%d) : GL_CORE_ERROR=0x%X - %s
[11:32:06] [error] vge: %s(%d) : GL_CORE_ERROR=0x%X - %s
[11:32:06] [error] vge: %s(%d) : GL_CORE_ERROR=0x%X - %s
[11:32:06] [error] vge: %s(%d) : GL_CORE_ERROR=0x%X - %s
[11:32:06] [error] vge: %s(%d) : GL_CORE_ERROR=0x%X - %s
[11:32:06] [error] vge: %s(%d) : GL_CORE_ERROR=0x%X - %s
[11:32:06] [error] vge: %s(%d) : GL_CORE_ERROR=0x%X - %s
[11:32:06] [error] vge: %s(%d) : GL_CORE_ERROR=0x%X - %s
[11:32:06] [error] vge: %s(%d) : GL_CORE_ERROR=0x%X - %s
[11:32:06] [error] vge: %s(%d) : GL_CORE_ERROR=0x%X - %s
[11:32:06] [error] vge: %s(%d) : GL_CORE_ERROR=0x%X - %s
[11:32:06] [error] vge: %s(%d) : GL_CORE_ERROR=0x%X - %s
[11:32:06] [error] vge: %s(%d) : GL_CORE_ERROR=0x%X - %s
[11:32:06] [error] vge: %s(%d) : GL_CORE_ERROR=0x%X - %s
[11:32:06] [error] vge: %s(%d) : GL_CORE_ERROR=0x%X - %s
[11:32:06] [error] vge: %s(%d) : GL_CORE_ERROR=0x%X - %s
[11:32:06] [error] vge: %s(%d) : GL_CORE_ERROR=0x%X - %s
[11:32:06] [error] vge: %s(%d) : GL_CORE_ERROR=0x%X - %s
[11:32:06] [error] vge: %s(%d) : GL_CORE_ERROR=0x%X - %s
[11:32:06] [error] vge: %s(%d) : GL_CORE_ERROR=0x%X - %s
[11:32:06] [error] vge: %s(%d) : GL_CORE_ERROR=0x%X - %s
[11:32:06] [error] vge: %s(%d) : GL_CORE_ERROR=0x%X - %s
[11:32:06] [error] vge: %s(%d) : GL_CORE_ERROR=0x%X - %s
[11:32:06] [error] vge: %s(%d) : GL_CORE_ERROR=0x%X - %s
[11:32:06] [error] vge: %s(%d) : GL_CORE_ERROR=0x%X - %s
[11:32:06] [error] vge: %s(%d) : GL_CORE_ERROR=0x%X - %s
[11:32:06] [error] vge: %s(%d) : GL_CORE_ERROR=0x%X - %s
[11:32:06] [error] vge: %s(%d) : GL_CORE_ERROR=0x%X - %s
[11:32:06] [error] vge: %s(%d) : GL_CORE_ERROR=0x%X - %s
[11:32:06] [error] vge: %s(%d) : GL_CORE_ERROR=0x%X - %s
[11:32:06] [error] vge: %s(%d) : GL_CORE_ERROR=0x%X - %s
[11:32:06] [error] vge: %s(%d) : GL_CORE_ERROR=0x%X - %s
[11:32:06] [error] vge: %s(%d) : GL_CORE_ERROR=0x%X - %s
[11:32:06] [error] vge: %s(%d) : GL_CORE_ERROR=0x%X - %s
[11:32:06] [error] vge: %s(%d) : GL_CORE_ERROR=0x%X - %s
[11:32:06] [error] vge: %s(%d) : GL_CORE_ERROR=0x%X - %s
[11:32:06] [error] vge: %s(%d) : GL_CORE_ERROR=0x%X - %s
[11:32:06] [error] vge: %s(%d) : GL_CORE_ERROR=0x%X - %s
[11:32:06] [error] vge: %s(%d) : GL_CORE_ERROR=0x%X - %s
[11:32:06] [error] vge: %s(%d) : GL_CORE_ERROR=0x%X - %s
[11:32:06] [error] vge: %s(%d) : GL_CORE_ERROR=0x%X - %s
[11:32:06] [error] vge: %s(%d) : GL_CORE_ERROR=0x%X - %s
[11:32:06] [error] vge: %s(%d) : GL_CORE_ERROR=0x%X - %s
[11:32:06] [error] vge: %s(%d) : GL_CORE_ERROR=0x%X - %s
[11:32:06] [error] vge: %s(%d) : GL_CORE_ERROR=0x%X - %s
[11:32:06] [error] vge: %s(%d) : GL_CORE_ERROR=0x%X - %s
[11:32:06] [error] vge: %s(%d) : GL_CORE_ERROR=0x%X - %s
[11:32:06] [error] vge: %s(%d) : GL_CORE_ERROR=0x%X - %s
[11:32:06] [error] vge: %s(%d) : GL_CORE_ERROR=0x%X - %s
[11:32:06] [error] vge: %s(%d) : GL_CORE_ERROR=0x%X - %s
[11:32:06] [error] vge: %s(%d) : GL_CORE_ERROR=0x%X - %s
[11:32:06] [error] vge: %s(%d) : GL_CORE_ERROR=0x%X - %s
[11:32:06] [error] vge: %s(%d) : GL_CORE_ERROR=0x%X - %s
[11:32:06] [error] vge: %s(%d) : GL_CORE_ERROR=0x%X - %s
[11:32:06] [error] vge: %s(%d) : GL_CORE_ERROR=0x%X - %s
[11:32:06] [error] vge: %s(%d) : GL_CORE_ERROR=0x%X - %s
[11:32:06] [error] vge: %s(%d) : GL_CORE_ERROR=0x%X - %s
[11:32:06] [error] vge: %s(%d) : GL_CORE_ERROR=0x%X - %s
[11:32:06] [error] vge: %s(%d) : GL_CORE_ERROR=0x%X - %s
[11:32:07] [error] vge: %s(%d) : GL_CORE_ERROR=0x%X - %s
[11:32:07] [error] vge: %s(%d) : GL_CORE_ERROR=0x%X - %s
[11:32:07] [error] vge: %s(%d) : GL_CORE_ERROR=0x%X - %s
[11:32:07] [error] vge: %s(%d) : GL_CORE_ERROR=0x%X - %s
[11:32:07] [error] vge: %s(%d) : GL_CORE_ERROR=0x%X - %s
[11:32:07] [error] vge: %s(%d) : GL_CORE_ERROR=0x%X - %s
[11:32:07] [error] vge: %s(%d) : GL_CORE_ERROR=0x%X - %s
[11:32:07] [error] vge: %s(%d) : GL_CORE_ERROR=0x%X - %s
[11:32:07] [error] vge: %s(%d) : GL_CORE_ERROR=0x%X - %s
[11:32:07] [error] vge: %s(%d) : GL_CORE_ERROR=0x%X - %s
[11:32:07] [error] vge: %s(%d) : GL_CORE_ERROR=0x%X - %s
[11:32:07] [error] vge: %s(%d) : GL_CORE_ERROR=0x%X - %s
[11:32:07] [error] vge: %s(%d) : GL_CORE_ERROR=0x%X - %s
[11:32:07] [error] vge: %s(%d) : GL_CORE_ERROR=0x%X - %s
[11:32:07] [error] vge: %s(%d) : GL_CORE_ERROR=0x%X - %s
[11:32:07] [error] vge: %s(%d) : GL_CORE_ERROR=0x%X - %s
[11:32:07] [error] vge: %s(%d) : GL_CORE_ERROR=0x%X - %s
[11:32:07] [error] vge: %s(%d) : GL_CORE_ERROR=0x%X - %s
[11:32:07] [error] vge: %s(%d) : GL_CORE_ERROR=0x%X - %s
[11:32:07] [error] vge: %s(%d) : GL_CORE_ERROR=0x%X - %s
[11:32:07] [error] vge: %s(%d) : GL_CORE_ERROR=0x%X - %s
[11:32:07] [error] vge: %s(%d) : GL_CORE_ERROR=0x%X - %s
[11:32:07] [error] vge: %s(%d) : GL_CORE_ERROR=0x%X - %s
[11:32:07] [error] vge: %s(%d) : GL_CORE_ERROR=0x%X - %s
[11:32:07] [error] vge: %s(%d) : GL_CORE_ERROR=0x%X - %s
[11:32:07] [error] vge: %s(%d) : GL_CORE_ERROR=0x%X - %s
[11:32:07] [error] vge: %s(%d) : GL_CORE_ERROR=0x%X - %s
[11:32:07] [error] vge: %s(%d) : GL_CORE_ERROR=0x%X - %s
[11:32:07] [error] vge: %s(%d) : GL_CORE_ERROR=0x%X - %s
[11:32:07] [error] vge: %s(%d) : GL_CORE_ERROR=0x%X - %s
[11:32:07] [error] vge: %s(%d) : GL_CORE_ERROR=0x%X - %s
[11:32:07] [error] vge: %s(%d) : GL_CORE_ERROR=0x%X - %s
[11:32:07] [error] vge: %s(%d) : GL_CORE_ERROR=0x%X - %s
[11:32:07] [error] vge: %s(%d) : GL_CORE_ERROR=0x%X - %s
[11:32:07] [error] vge: %s(%d) : GL_CORE_ERROR=0x%X - %s
[11:32:07] [error] vge: %s(%d) : GL_CORE_ERROR=0x%X - %s
[11:32:07] [error] vge: %s(%d) : GL_CORE_ERROR=0x%X - %s
[11:32:07] [error] vge: %s(%d) : GL_CORE_ERROR=0x%X - %s
[11:32:07] [error] vge: %s(%d) : GL_CORE_ERROR=0x%X - %s
[11:32:07] [error] vge: %s(%d) : GL_CORE_ERROR=0x%X - %s
[11:32:07] [error] vge: %s(%d) : GL_CORE_ERROR=0x%X - %s
[11:32:07] [error] vge: %s(%d) : GL_CORE_ERROR=0x%X - %s
[11:32:07] [error] vge: %s(%d) : GL_CORE_ERROR=0x%X - %s
[11:32:07] [error] vge: %s(%d) : GL_CORE_ERROR=0x%X - %s
[11:32:07] [error] vge: %s(%d) : GL_CORE_ERROR=0x%X - %s
[11:32:07] [error] vge: %s(%d) : GL_CORE_ERROR=0x%X - %s
[11:32:07] [error] vge: %s(%d) : GL_CORE_ERROR=0x%X - %s
[11:32:07] [error] vge: %s(%d) : GL_CORE_ERROR=0x%X - %s
[11:32:07] [error] vge: %s(%d) : GL_CORE_ERROR=0x%X - %s
[11:32:07] [error] vge: %s(%d) : GL_CORE_ERROR=0x%X - %s
[11:32:07] [error] vge: %s(%d) : GL_CORE_ERROR=0x%X - %s
[11:32:07] [error] vge: %s(%d) : GL_CORE_ERROR=0x%X - %s
[11:32:07] [error] vge: %s(%d) : GL_CORE_ERROR=0x%X - %s
[11:32:07] [error] vge: %s(%d) : GL_CORE_ERROR=0x%X - %s
[11:32:07] [error] vge: %s(%d) : GL_CORE_ERROR=0x%X - %s
[11:32:07] [error] vge: %s(%d) : GL_CORE_ERROR=0x%X - %s
[11:32:07] [error] vge: %s(%d) : GL_CORE_ERROR=0x%X - %s
[11:32:07] [error] vge: %s(%d) : GL_CORE_ERROR=0x%X - %s
[11:32:07] [error] vge: %s(%d) : GL_CORE_ERROR=0x%X - %s
[11:32:07] [error] vge: %s(%d) : GL_CORE_ERROR=0x%X - %s
[11:32:07] [error] vge: %s(%d) : GL_CORE_ERROR=0x%X - %s
[11:32:07] [error] vge: %s(%d) : GL_CORE_ERROR=0x%X - %s
[11:32:07] [error] vge: %s(%d) : GL_CORE_ERROR=0x%X - %s
[11:32:07] [error] vge: %s(%d) : GL_CORE_ERROR=0x%X - %s
[11:32:07] [error] vge: %s(%d) : GL_CORE_ERROR=0x%X - %s
[11:32:07] [error] vge: %s(%d) : GL_CORE_ERROR=0x%X - %s
[11:32:07] [error] vge: %s(%d) : GL_CORE_ERROR=0x%X - %s
[11:32:07] [error] vge: %s(%d) : GL_CORE_ERROR=0x%X - %s
[11:32:07] [error] vge: %s(%d) : GL_CORE_ERROR=0x%X - %s
[11:32:07] [error] vge: %s(%d) : GL_CORE_ERROR=0x%X - %s
[11:32:07] [error] vge: %s(%d) : GL_CORE_ERROR=0x%X - %s
[11:32:07] [error] vge: %s(%d) : GL_CORE_ERROR=0x%X - %s
[11:32:07] [error] vge: %s(%d) : GL_CORE_ERROR=0x%X - %s
[11:32:07] [error] vge: %s(%d) : GL_CORE_ERROR=0x%X - %s
[11:32:07] [error] vge: %s(%d) : GL_CORE_ERROR=0x%X - %s
[11:32:07] [error] vge: %s(%d) : GL_CORE_ERROR=0x%X - %s
[11:32:07] [error] vge: %s(%d) : GL_CORE_ERROR=0x%X - %s
[11:32:07] [error] vge: %s(%d) : GL_CORE_ERROR=0x%X - %s
[11:32:07] [error] vge: %s(%d) : GL_CORE_ERROR=0x%X - %s
[11:32:07] [error] vge: %s(%d) : GL_CORE_ERROR=0x%X - %s
[11:32:07] [error] vge: %s(%d) : GL_CORE_ERROR=0x%X - %s
[11:32:07] [error] vge: %s(%d) : GL_CORE_ERROR=0x%X - %s
[11:32:07] [error] vge: %s(%d) : GL_CORE_ERROR=0x%X - %s
[11:32:07] [error] vge: %s(%d) : GL_CORE_ERROR=0x%X - %s
[11:32:07] [error] vge: %s(%d) : GL_CORE_ERROR=0x%X - %s
[11:32:07] [error] vge: %s(%d) : GL_CORE_ERROR=0x%X - %s
[11:32:07] [error] vge: %s(%d) : GL_CORE_ERROR=0x%X - %s
[11:32:07] [error] vge: %s(%d) : GL_CORE_ERROR=0x%X - %s
[11:32:07] [error] vge: %s(%d) : GL_CORE_ERROR=0x%X - %s
[11:32:08] [error] vge: %s(%d) : GL_CORE_ERROR=0x%X - %s
[11:32:08] [error] vge: %s(%d) : GL_CORE_ERROR=0x%X - %s
[11:32:08] [error] vge: %s(%d) : GL_CORE_ERROR=0x%X - %s
[11:32:08] [error] vge: %s(%d) : GL_CORE_ERROR=0x%X - %s
[11:32:08] [error] vge: %s(%d) : GL_CORE_ERROR=0x%X - %s
[11:32:08] [error] vge: %s(%d) : GL_CORE_ERROR=0x%X - %s
[11:32:08] [error] vge: %s(%d) : GL_CORE_ERROR=0x%X - %s
[11:32:08] [error] vge: %s(%d) : GL_CORE_ERROR=0x%X - %s
[11:32:08] [error] vge: %s(%d) : GL_CORE_ERROR=0x%X - %s
[11:32:08] [error] vge: %s(%d) : GL_CORE_ERROR=0x%X - %s
[11:32:08] [error] vge: %s(%d) : GL_CORE_ERROR=0x%X - %s
[11:32:08] [error] vge: %s(%d) : GL_CORE_ERROR=0x%X - %s
[11:32:08] [error] vge: %s(%d) : GL_CORE_ERROR=0x%X - %s
[11:32:08] [error] vge: %s(%d) : GL_CORE_ERROR=0x%X - %s
[11:32:08] [error] vge: %s(%d) : GL_CORE_ERROR=0x%X - %s
[11:32:08] [error] vge: %s(%d) : GL_CORE_ERROR=0x%X - %s
[11:32:08] [error] vge: %s(%d) : GL_CORE_ERROR=0x%X - %s
[11:32:08] [error] vge: %s(%d) : GL_CORE_ERROR=0x%X - %s
[11:32:08] [error] vge: %s(%d) : GL_CORE_ERROR=0x%X - %s
[11:32:08] [error] vge: %s(%d) : GL_CORE_ERROR=0x%X - %s
[11:32:08] [error] vge: %s(%d) : GL_CORE_ERROR=0x%X - %s
[11:32:08] [error] vge: %s(%d) : GL_CORE_ERROR=0x%X - %s
[11:32:08] [error] vge: %s(%d) : GL_CORE_ERROR=0x%X - %s
[11:32:08] [error] vge: %s(%d) : GL_CORE_ERROR=0x%X - %s
[11:32:08] [error] vge: %s(%d) : GL_CORE_ERROR=0x%X - %s
[11:32:08] [error] vge: %s(%d) : GL_CORE_ERROR=0x%X - %s
[11:32:08] [error] vge: %s(%d) : GL_CORE_ERROR=0x%X - %s
[11:32:08] [error] vge: %s(%d) : GL_CORE_ERROR=0x%X - %s
[11:32:08] [error] vge: %s(%d) : GL_CORE_ERROR=0x%X - %s
[11:32:08] [error] vge: %s(%d) : GL_CORE_ERROR=0x%X - %s
[11:32:08] [error] vge: %s(%d) : GL_CORE_ERROR=0x%X - %s
[11:32:08] [error] vge: %s(%d) : GL_CORE_ERROR=0x%X - %s
[11:32:08] [error] vge: %s(%d) : GL_CORE_ERROR=0x%X - %s
[11:32:08] [error] vge: %s(%d) : GL_CORE_ERROR=0x%X - %s
[11:32:08] [error] vge: %s(%d) : GL_CORE_ERROR=0x%X - %s
[11:32:08] [error] vge: %s(%d) : GL_CORE_ERROR=0x%X - %s
[11:32:08] [error] vge: %s(%d) : GL_CORE_ERROR=0x%X - %s
[11:32:08] [error] vge: %s(%d) : GL_CORE_ERROR=0x%X - %s
[11:32:08] [error] vge: %s(%d) : GL_CORE_ERROR=0x%X - %s
[11:32:08] [error] vge: %s(%d) : GL_CORE_ERROR=0x%X - %s
[11:32:08] [error] vge: %s(%d) : GL_CORE_ERROR=0x%X - %s
[11:32:08] [error] vge: %s(%d) : GL_CORE_ERROR=0x%X - %s
[11:32:08] [error] vge: %s(%d) : GL_CORE_ERROR=0x%X - %s
[11:32:08] [error] vge: %s(%d) : GL_CORE_ERROR=0x%X - %s
[11:32:08] [error] vge: %s(%d) : GL_CORE_ERROR=0x%X - %s
[11:32:08] [error] vge: %s(%d) : GL_CORE_ERROR=0x%X - %s
[11:32:08] [error] vge: %s(%d) : GL_CORE_ERROR=0x%X - %s
[11:32:08] [error] vge: %s(%d) : GL_CORE_ERROR=0x%X - %s
[11:32:08] [error] vge: %s(%d) : GL_CORE_ERROR=0x%X - %s
[11:32:08] [error] vge: %s(%d) : GL_CORE_ERROR=0x%X - %s
[11:32:08] [error] vge: %s(%d) : GL_CORE_ERROR=0x%X - %s
[11:32:08] [error] vge: %s(%d) : GL_CORE_ERROR=0x%X - %s
[11:32:08] [error] vge: %s(%d) : GL_CORE_ERROR=0x%X - %s
[11:32:08] [error] vge: %s(%d) : GL_CORE_ERROR=0x%X - %s
[11:32:08] [error] vge: %s(%d) : GL_CORE_ERROR=0x%X - %s
[11:32:08] [error] vge: %s(%d) : GL_CORE_ERROR=0x%X - %s
[11:32:08] [error] vge: %s(%d) : GL_CORE_ERROR=0x%X - %s
[11:32:08] [error] vge: %s(%d) : GL_CORE_ERROR=0x%X - %s
[11:32:08] [error] vge: %s(%d) : GL_CORE_ERROR=0x%X - %s
[11:32:08] [error] vge: %s(%d) : GL_CORE_ERROR=0x%X - %s
[11:32:08] [error] vge: %s(%d) : GL_CORE_ERROR=0x%X - %s
[11:32:08] [error] vge: %s(%d) : GL_CORE_ERROR=0x%X - %s
[11:32:08] [error] vge: %s(%d) : GL_CORE_ERROR=0x%X - %s
[11:32:08] [error] vge: %s(%d) : GL_CORE_ERROR=0x%X - %s
[11:32:08] [error] vge: %s(%d) : GL_CORE_ERROR=0x%X - %s
[11:32:08] [error] vge: %s(%d) : GL_CORE_ERROR=0x%X - %s
[11:32:08] [error] vge: %s(%d) : GL_CORE_ERROR=0x%X - %s
[11:32:08] [error] vge: %s(%d) : GL_CORE_ERROR=0x%X - %s
[11:32:08] [error] vge: %s(%d) : GL_CORE_ERROR=0x%X - %s
[11:32:08] [error] vge: %s(%d) : GL_CORE_ERROR=0x%X - %s
[11:32:08] [error] vge: %s(%d) : GL_CORE_ERROR=0x%X - %s
[11:32:08] [error] vge: %s(%d) : GL_CORE_ERROR=0x%X - %s
[11:32:08] [error] vge: %s(%d) : GL_CORE_ERROR=0x%X - %s
[11:32:08] [error] vge: %s(%d) : GL_CORE_ERROR=0x%X - %s
[11:32:08] [error] vge: %s(%d) : GL_CORE_ERROR=0x%X - %s
[11:32:08] [error] vge: %s(%d) : GL_CORE_ERROR=0x%X - %s
[11:32:08] [error] vge: %s(%d) : GL_CORE_ERROR=0x%X - %s
[11:32:08] [error] vge: %s(%d) : GL_CORE_ERROR=0x%X - %s
[11:32:08] [error] vge: %s(%d) : GL_CORE_ERROR=0x%X - %s
[11:32:08] [error] vge: %s(%d) : GL_CORE_ERROR=0x%X - %s
[11:32:08] [error] vge: %s(%d) : GL_CORE_ERROR=0x%X - %s
[11:32:08] [error] vge: %s(%d) : GL_CORE_ERROR=0x%X - %s
[11:32:08] [error] vge: %s(%d) : GL_CORE_ERROR=0x%X - %s
[11:32:08] [error] vge: %s(%d) : GL_CORE_ERROR=0x%X - %s
[11:32:08] [error] vge: %s(%d) : GL_CORE_ERROR=0x%X - %s
[11:32:08] [error] vge: %s(%d) : GL_CORE_ERROR=0x%X - %s
[11:32:08] [error] vge: %s(%d) : GL_CORE_ERROR=0x%X - %s
[11:32:08] [error] vge: %s(%d) : GL_CORE_ERROR=0x%X - %s
[11:32:08] [error] vge: %s(%d) : GL_CORE_ERROR=0x%X - %s
[11:32:09] [error] vge: %s(%d) : GL_CORE_ERROR=0x%X - %s
[11:32:09] [error] vge: %s(%d) : GL_CORE_ERROR=0x%X - %s
[11:32:09] [error] vge: %s(%d) : GL_CORE_ERROR=0x%X - %s
[11:32:09] [error] vge: %s(%d) : GL_CORE_ERROR=0x%X - %s
[11:32:09] [error] vge: %s(%d) : GL_CORE_ERROR=0x%X - %s
[11:32:09] [error] vge: %s(%d) : GL_CORE_ERROR=0x%X - %s
[11:32:09] [error] vge: %s(%d) : GL_CORE_ERROR=0x%X - %s
[11:32:09] [error] vge: %s(%d) : GL_CORE_ERROR=0x%X - %s
[11:32:09] [error] vge: %s(%d) : GL_CORE_ERROR=0x%X - %s
[11:32:09] [error] vge: %s(%d) : GL_CORE_ERROR=0x%X - %s
[11:32:09] [error] vge: %s(%d) : GL_CORE_ERROR=0x%X - %s
[11:32:09] [error] vge: %s(%d) : GL_CORE_ERROR=0x%X - %s
[11:32:09] [error] vge: %s(%d) : GL_CORE_ERROR=0x%X - %s
[11:32:09] [error] vge: %s(%d) : GL_CORE_ERROR=0x%X - %s
[11:32:09] [error] vge: %s(%d) : GL_CORE_ERROR=0x%X - %s
[11:32:09] [error] vge: %s(%d) : GL_CORE_ERROR=0x%X - %s
[11:32:09] [error] vge: %s(%d) : GL_CORE_ERROR=0x%X - %s
[11:32:09] [error] vge: %s(%d) : GL_CORE_ERROR=0x%X - %s
[11:32:09] [error] vge: %s(%d) : GL_CORE_ERROR=0x%X - %s
[11:32:09] [error] vge: %s(%d) : GL_CORE_ERROR=0x%X - %s
[11:32:09] [error] vge: %s(%d) : GL_CORE_ERROR=0x%X - %s
[11:32:09] [error] vge: %s(%d) : GL_CORE_ERROR=0x%X - %s
[11:32:09] [error] vge: %s(%d) : GL_CORE_ERROR=0x%X - %s
[11:32:09] [error] vge: %s(%d) : GL_CORE_ERROR=0x%X - %s
[11:32:09] [error] vge: %s(%d) : GL_CORE_ERROR=0x%X - %s
[11:32:09] [error] vge: %s(%d) : GL_CORE_ERROR=0x%X - %s
[11:32:09] [error] vge: %s(%d) : GL_CORE_ERROR=0x%X - %s
[11:32:09] [error] vge: %s(%d) : GL_CORE_ERROR=0x%X - %s
[11:32:09] [error] vge: %s(%d) : GL_CORE_ERROR=0x%X - %s
[11:32:09] [error] vge: %s(%d) : GL_CORE_ERROR=0x%X - %s
[11:32:09] [error] vge: %s(%d) : GL_CORE_ERROR=0x%X - %s
[11:32:09] [error] vge: %s(%d) : GL_CORE_ERROR=0x%X - %s
[11:32:09] [error] vge: %s(%d) : GL_CORE_ERROR=0x%X - %s
[11:32:09] [error] vge: %s(%d) : GL_CORE_ERROR=0x%X - %s
[11:32:09] [error] vge: %s(%d) : GL_CORE_ERROR=0x%X - %s
[11:32:09] [error] vge: %s(%d) : GL_CORE_ERROR=0x%X - %s
[11:32:09] [error] vge: %s(%d) : GL_CORE_ERROR=0x%X - %s
[11:32:09] [error] vge: %s(%d) : GL_CORE_ERROR=0x%X - %s
[11:32:09] [error] vge: %s(%d) : GL_CORE_ERROR=0x%X - %s
[11:32:09] [error] vge: %s(%d) : GL_CORE_ERROR=0x%X - %s
[11:32:09] [error] vge: %s(%d) : GL_CORE_ERROR=0x%X - %s
[11:32:09] [error] vge: %s(%d) : GL_CORE_ERROR=0x%X - %s
[11:32:09] [error] vge: %s(%d) : GL_CORE_ERROR=0x%X - %s
[11:32:09] [error] vge: %s(%d) : GL_CORE_ERROR=0x%X - %s
[11:32:09] [error] vge: %s(%d) : GL_CORE_ERROR=0x%X - %s
[11:32:09] [error] vge: %s(%d) : GL_CORE_ERROR=0x%X - %s
[11:32:09] [error] vge: %s(%d) : GL_CORE_ERROR=0x%X - %s
[11:32:09] [error] vge: %s(%d) : GL_CORE_ERROR=0x%X - %s
[11:32:09] [error] vge: %s(%d) : GL_CORE_ERROR=0x%X - %s
[11:32:09] [error] vge: %s(%d) : GL_CORE_ERROR=0x%X - %s
[11:32:09] [error] vge: %s(%d) : GL_CORE_ERROR=0x%X - %s
[11:32:09] [error] vge: %s(%d) : GL_CORE_ERROR=0x%X - %s
[11:32:09] [error] vge: %s(%d) : GL_CORE_ERROR=0x%X - %s
[11:32:09] [error] vge: %s(%d) : GL_CORE_ERROR=0x%X - %s
[11:32:09] [error] vge: %s(%d) : GL_CORE_ERROR=0x%X - %s
[11:32:09] [error] vge: %s(%d) : GL_CORE_ERROR=0x%X - %s
[11:32:09] [error] vge: %s(%d) : GL_CORE_ERROR=0x%X - %s
[11:32:09] [error] vge: %s(%d) : GL_CORE_ERROR=0x%X - %s
[11:32:09] [error] vge: %s(%d) : GL_CORE_ERROR=0x%X - %s
[11:32:09] [error] vge: %s(%d) : GL_CORE_ERROR=0x%X - %s
[11:32:09] [error] vge: %s(%d) : GL_CORE_ERROR=0x%X - %s
[11:32:09] [error] vge: %s(%d) : GL_CORE_ERROR=0x%X - %s
[11:32:09] [error] vge: %s(%d) : GL_CORE_ERROR=0x%X - %s
[11:32:09] [error] vge: %s(%d) : GL_CORE_ERROR=0x%X - %s
[11:32:09] [error] vge: %s(%d) : GL_CORE_ERROR=0x%X - %s
[11:32:09] [error] vge: %s(%d) : GL_CORE_ERROR=0x%X - %s
[11:32:09] [error] vge: %s(%d) : GL_CORE_ERROR=0x%X - %s
[11:32:09] [error] vge: %s(%d) : GL_CORE_ERROR=0x%X - %s
[11:32:09] [error] vge: %s(%d) : GL_CORE_ERROR=0x%X - %s
[11:32:09] [error] vge: %s(%d) : GL_CORE_ERROR=0x%X - %s
[11:32:09] [error] vge: %s(%d) : GL_CORE_ERROR=0x%X - %s
[11:32:09] [error] vge: %s(%d) : GL_CORE_ERROR=0x%X - %s
[11:32:09] [error] vge: %s(%d) : GL_CORE_ERROR=0x%X - %s
[11:32:09] [error] vge: %s(%d) : GL_CORE_ERROR=0x%X - %s
[11:32:09] [error] vge: %s(%d) : GL_CORE_ERROR=0x%X - %s
[11:32:09] [error] vge: %s(%d) : GL_CORE_ERROR=0x%X - %s
[11:32:09] [error] vge: %s(%d) : GL_CORE_ERROR=0x%X - %s
[11:32:09] [error] vge: %s(%d) : GL_CORE_ERROR=0x%X - %s
[11:32:09] [error] vge: %s(%d) : GL_CORE_ERROR=0x%X - %s
[11:32:09] [error] vge: %s(%d) : GL_CORE_ERROR=0x%X - %s
[11:32:09] [error] vge: %s(%d) : GL_CORE_ERROR=0x%X - %s
[11:32:09] [error] vge: %s(%d) : GL_CORE_ERROR=0x%X - %s
[11:32:09] [error] vge: %s(%d) : GL_CORE_ERROR=0x%X - %s
[11:32:09] [error] vge: %s(%d) : GL_CORE_ERROR=0x%X - %s
[11:32:09] [error] vge: %s(%d) : GL_CORE_ERROR=0x%X - %s
[11:32:09] [error] vge: %s(%d) : GL_CORE_ERROR=0x%X - %s
[11:32:09] [error] vge: %s(%d) : GL_CORE_ERROR=0x%X - %s
[11:32:09] [error] vge: %s(%d) : GL_CORE_ERROR=0x%X - %s
[11:32:09] [error] vge: %s(%d) : GL_CORE_ERROR=0x%X - %s
[11:32:10] [error] vge: %s(%d) : GL_CORE_ERROR=0x%X - %s
[11:32:10] [error] vge: %s(%d) : GL_CORE_ERROR=0x%X - %s
[11:32:10] [error] vge: %s(%d) : GL_CORE_ERROR=0x%X - %s
[11:32:10] [error] vge: %s(%d) : GL_CORE_ERROR=0x%X - %s
[11:32:10] [error] vge: %s(%d) : GL_CORE_ERROR=0x%X - %s
[11:32:10] [error] vge: %s(%d) : GL_CORE_ERROR=0x%X - %s
[11:32:10] [error] vge: %s(%d) : GL_CORE_ERROR=0x%X - %s
[11:32:10] [error] vge: %s(%d) : GL_CORE_ERROR=0x%X - %s
[11:32:10] [error] vge: %s(%d) : GL_CORE_ERROR=0x%X - %s
[11:32:10] [error] vge: %s(%d) : GL_CORE_ERROR=0x%X - %s
[11:32:10] [error] vge: %s(%d) : GL_CORE_ERROR=0x%X - %s
[11:32:10] [error] vge: %s(%d) : GL_CORE_ERROR=0x%X - %s
[11:32:10] [error] vge: %s(%d) : GL_CORE_ERROR=0x%X - %s
[11:32:10] [error] vge: %s(%d) : GL_CORE_ERROR=0x%X - %s
[11:32:10] [error] vge: %s(%d) : GL_CORE_ERROR=0x%X - %s
[11:32:10] [error] vge: %s(%d) : GL_CORE_ERROR=0x%X - %s
[11:32:10] [error] vge: %s(%d) : GL_CORE_ERROR=0x%X - %s
[11:32:10] [error] vge: %s(%d) : GL_CORE_ERROR=0x%X - %s
[11:32:10] [error] vge: %s(%d) : GL_CORE_ERROR=0x%X - %s
[11:32:10] [error] vge: %s(%d) : GL_CORE_ERROR=0x%X - %s
[11:32:10] [error] vge: %s(%d) : GL_CORE_ERROR=0x%X - %s
[11:32:10] [error] vge: %s(%d) : GL_CORE_ERROR=0x%X - %s
[11:32:10] [error] vge: %s(%d) : GL_CORE_ERROR=0x%X - %s
[11:32:10] [error] vge: %s(%d) : GL_CORE_ERROR=0x%X - %s
[11:32:10] [error] vge: %s(%d) : GL_CORE_ERROR=0x%X - %s
[11:32:10] [error] vge: %s(%d) : GL_CORE_ERROR=0x%X - %s
[11:32:10] [error] vge: %s(%d) : GL_CORE_ERROR=0x%X - %s
[11:32:10] [error] vge: %s(%d) : GL_CORE_ERROR=0x%X - %s
[11:32:10] [error] vge: %s(%d) : GL_CORE_ERROR=0x%X - %s
[11:32:10] [error] vge: %s(%d) : GL_CORE_ERROR=0x%X - %s
[11:32:10] [error] vge: %s(%d) : GL_CORE_ERROR=0x%X - %s
[11:32:10] [error] vge: %s(%d) : GL_CORE_ERROR=0x%X - %s
[11:32:10] [error] vge: %s(%d) : GL_CORE_ERROR=0x%X - %s
[11:32:10] [error] vge: %s(%d) : GL_CORE_ERROR=0x%X - %s
[11:32:10] [error] vge: %s(%d) : GL_CORE_ERROR=0x%X - %s
[11:32:10] [error] vge: %s(%d) : GL_CORE_ERROR=0x%X - %s
[11:32:10] [error] vge: %s(%d) : GL_CORE_ERROR=0x%X - %s
[11:32:10] [error] vge: %s(%d) : GL_CORE_ERROR=0x%X - %s
[11:32:10] [error] vge: %s(%d) : GL_CORE_ERROR=0x%X - %s
[11:32:10] [error] vge: %s(%d) : GL_CORE_ERROR=0x%X - %s
[11:32:10] [error] vge: %s(%d) : GL_CORE_ERROR=0x%X - %s
[11:32:10] [error] vge: %s(%d) : GL_CORE_ERROR=0x%X - %s
[11:32:10] [error] vge: %s(%d) : GL_CORE_ERROR=0x%X - %s
[11:32:10] [error] vge: %s(%d) : GL_CORE_ERROR=0x%X - %s
[11:32:10] [error] vge: %s(%d) : GL_CORE_ERROR=0x%X - %s
[11:32:10] [error] vge: %s(%d) : GL_CORE_ERROR=0x%X - %s
[11:32:10] [error] vge: %s(%d) : GL_CORE_ERROR=0x%X - %s
[11:32:10] [error] vge: %s(%d) : GL_CORE_ERROR=0x%X - %s
[11:32:10] [error] vge: %s(%d) : GL_CORE_ERROR=0x%X - %s
[11:32:10] [error] vge: %s(%d) : GL_CORE_ERROR=0x%X - %s
[11:32:10] [error] vge: %s(%d) : GL_CORE_ERROR=0x%X - %s
[11:32:10] [error] vge: %s(%d) : GL_CORE_ERROR=0x%X - %s
[11:32:10] [error] vge: %s(%d) : GL_CORE_ERROR=0x%X - %s
[11:32:10] [error] vge: %s(%d) : GL_CORE_ERROR=0x%X - %s
[11:32:10] [error] vge: %s(%d) : GL_CORE_ERROR=0x%X - %s
[11:32:10] [error] vge: %s(%d) : GL_CORE_ERROR=0x%X - %s
[11:32:10] [error] vge: %s(%d) : GL_CORE_ERROR=0x%X - %s
[11:32:10] [error] vge: %s(%d) : GL_CORE_ERROR=0x%X - %s
[11:32:10] [error] vge: %s(%d) : GL_CORE_ERROR=0x%X - %s
[11:32:10] [error] vge: %s(%d) : GL_CORE_ERROR=0x%X - %s
[11:32:10] [error] vge: %s(%d) : GL_CORE_ERROR=0x%X - %s
[11:32:10] [error] vge: %s(%d) : GL_CORE_ERROR=0x%X - %s
[11:32:10] [error] vge: %s(%d) : GL_CORE_ERROR=0x%X - %s
[11:32:10] [error] vge: %s(%d) : GL_CORE_ERROR=0x%X - %s
[11:32:10] [error] vge: %s(%d) : GL_CORE_ERROR=0x%X - %s
[11:32:10] [error] vge: %s(%d) : GL_CORE_ERROR=0x%X - %s
[11:32:10] [error] vge: %s(%d) : GL_CORE_ERROR=0x%X - %s
[11:32:10] [error] vge: %s(%d) : GL_CORE_ERROR=0x%X - %s
[11:32:10] [error] vge: %s(%d) : GL_CORE_ERROR=0x%X - %s
[11:32:10] [error] vge: %s(%d) : GL_CORE_ERROR=0x%X - %s
[11:32:10] [error] vge: %s(%d) : GL_CORE_ERROR=0x%X - %s
[11:32:10] [error] vge: %s(%d) : GL_CORE_ERROR=0x%X - %s
[11:32:10] [error] vge: %s(%d) : GL_CORE_ERROR=0x%X - %s
[11:32:10] [error] vge: %s(%d) : GL_CORE_ERROR=0x%X - %s
[11:32:10] [error] vge: %s(%d) : GL_CORE_ERROR=0x%X - %s
[11:32:10] [error] vge: %s(%d) : GL_CORE_ERROR=0x%X - %s
[11:32:10] [error] vge: %s(%d) : GL_CORE_ERROR=0x%X - %s
[11:32:10] [error] vge: %s(%d) : GL_CORE_ERROR=0x%X - %s
[11:32:10] [error] vge: %s(%d) : GL_CORE_ERROR=0x%X - %s
[11:32:10] [error] vge: %s(%d) : GL_CORE_ERROR=0x%X - %s
[11:32:10] [error] vge: %s(%d) : GL_CORE_ERROR=0x%X - %s
[11:32:10] [error] vge: %s(%d) : GL_CORE_ERROR=0x%X - %s
[11:32:10] [error] vge: %s(%d) : GL_CORE_ERROR=0x%X - %s
[11:32:10] [error] vge: %s(%d) : GL_CORE_ERROR=0x%X - %s
[11:32:10] [error] vge: %s(%d) : GL_CORE_ERROR=0x%X - %s
[11:32:10] [error] vge: %s(%d) : GL_CORE_ERROR=0x%X - %s
[11:32:10] [error] vge: %s(%d) : GL_CORE_ERROR=0x%X - %s
[11:32:10] [error] vge: %s(%d) : GL_CORE_ERROR=0x%X - %s
[11:32:10] [error] vge: %s(%d) : GL_CORE_ERROR=0x%X - %s
[11:32:11] [error] vge: %s(%d) : GL_CORE_ERROR=0x%X - %s
[11:32:11] [error] vge: %s(%d) : GL_CORE_ERROR=0x%X - %s
[11:32:11] [error] vge: %s(%d) : GL_CORE_ERROR=0x%X - %s
[11:32:11] [error] vge: %s(%d) : GL_CORE_ERROR=0x%X - %s
[11:32:11] [error] vge: %s(%d) : GL_CORE_ERROR=0x%X - %s
[11:32:11] [error] vge: %s(%d) : GL_CORE_ERROR=0x%X - %s
[11:32:11] [error] vge: %s(%d) : GL_CORE_ERROR=0x%X - %s
[11:32:11] [error] vge: %s(%d) : GL_CORE_ERROR=0x%X - %s
[11:32:11] [error] vge: %s(%d) : GL_CORE_ERROR=0x%X - %s
[11:32:11] [error] vge: %s(%d) : GL_CORE_ERROR=0x%X - %s
[11:32:11] [error] vge: %s(%d) : GL_CORE_ERROR=0x%X - %s
[11:32:11] [error] vge: %s(%d) : GL_CORE_ERROR=0x%X - %s
[11:32:11] [error] vge: %s(%d) : GL_CORE_ERROR=0x%X - %s
[11:32:11] [error] vge: %s(%d) : GL_CORE_ERROR=0x%X - %s
[11:32:11] [error] vge: %s(%d) : GL_CORE_ERROR=0x%X - %s
[11:32:11] [error] vge: %s(%d) : GL_CORE_ERROR=0x%X - %s
[11:32:11] [error] vge: %s(%d) : GL_CORE_ERROR=0x%X - %s
[11:32:11] [error] vge: %s(%d) : GL_CORE_ERROR=0x%X - %s
[11:32:11] [error] vge: %s(%d) : GL_CORE_ERROR=0x%X - %s
[11:32:11] [error] vge: %s(%d) : GL_CORE_ERROR=0x%X - %s
[11:32:11] [error] vge: %s(%d) : GL_CORE_ERROR=0x%X - %s
[11:32:11] [error] vge: %s(%d) : GL_CORE_ERROR=0x%X - %s
[11:32:11] [error] vge: %s(%d) : GL_CORE_ERROR=0x%X - %s
[11:32:11] [error] vge: %s(%d) : GL_CORE_ERROR=0x%X - %s
[11:32:11] [error] vge: %s(%d) : GL_CORE_ERROR=0x%X - %s
[11:32:11] [error] vge: %s(%d) : GL_CORE_ERROR=0x%X - %s
[11:32:11] [error] vge: %s(%d) : GL_CORE_ERROR=0x%X - %s
[11:32:11] [error] vge: %s(%d) : GL_CORE_ERROR=0x%X - %s
[11:32:11] [error] vge: %s(%d) : GL_CORE_ERROR=0x%X - %s
[11:32:11] [error] vge: %s(%d) : GL_CORE_ERROR=0x%X - %s
[11:32:11] [error] vge: %s(%d) : GL_CORE_ERROR=0x%X - %s
[11:32:11] [error] vge: %s(%d) : GL_CORE_ERROR=0x%X - %s
[11:32:11] [error] vge: %s(%d) : GL_CORE_ERROR=0x%X - %s
[11:32:11] [error] vge: %s(%d) : GL_CORE_ERROR=0x%X - %s
[11:32:11] [error] vge: %s(%d) : GL_CORE_ERROR=0x%X - %s
[11:32:11] [error] vge: %s(%d) : GL_CORE_ERROR=0x%X - %s
[11:32:11] [error] vge: %s(%d) : GL_CORE_ERROR=0x%X - %s
[11:32:11] [error] vge: %s(%d) : GL_CORE_ERROR=0x%X - %s
[11:32:11] [error] vge: %s(%d) : GL_CORE_ERROR=0x%X - %s
[11:32:11] [error] vge: %s(%d) : GL_CORE_ERROR=0x%X - %s
[11:32:11] [error] vge: %s(%d) : GL_CORE_ERROR=0x%X - %s
[11:32:11] [error] vge: %s(%d) : GL_CORE_ERROR=0x%X - %s
[11:32:11] [error] vge: %s(%d) : GL_CORE_ERROR=0x%X - %s
[11:32:11] [error] vge: %s(%d) : GL_CORE_ERROR=0x%X - %s
[11:32:11] [error] vge: %s(%d) : GL_CORE_ERROR=0x%X - %s
[11:32:11] [error] vge: %s(%d) : GL_CORE_ERROR=0x%X - %s
[11:32:11] [error] vge: %s(%d) : GL_CORE_ERROR=0x%X - %s
[11:32:11] [error] vge: %s(%d) : GL_CORE_ERROR=0x%X - %s
[11:32:11] [error] vge: %s(%d) : GL_CORE_ERROR=0x%X - %s
[11:32:11] [error] vge: %s(%d) : GL_CORE_ERROR=0x%X - %s
[11:32:11] [error] vge: %s(%d) : GL_CORE_ERROR=0x%X - %s
[11:32:11] [error] vge: %s(%d) : GL_CORE_ERROR=0x%X - %s
[11:32:11] [error] vge: %s(%d) : GL_CORE_ERROR=0x%X - %s
[11:32:11] [error] vge: %s(%d) : GL_CORE_ERROR=0x%X - %s
[11:32:11] [error] vge: %s(%d) : GL_CORE_ERROR=0x%X - %s
[11:32:11] [error] vge: %s(%d) : GL_CORE_ERROR=0x%X - %s
[11:32:11] [error] vge: %s(%d) : GL_CORE_ERROR=0x%X - %s
[11:32:11] [error] vge: %s(%d) : GL_CORE_ERROR=0x%X - %s
[11:32:11] [error] vge: %s(%d) : GL_CORE_ERROR=0x%X - %s
[11:32:11] [error] vge: %s(%d) : GL_CORE_ERROR=0x%X - %s
[11:32:11] [error] vge: %s(%d) : GL_CORE_ERROR=0x%X - %s
[11:32:11] [error] vge: %s(%d) : GL_CORE_ERROR=0x%X - %s
[11:32:11] [error] vge: %s(%d) : GL_CORE_ERROR=0x%X - %s
[11:32:11] [error] vge: %s(%d) : GL_CORE_ERROR=0x%X - %s
[11:32:11] [error] vge: %s(%d) : GL_CORE_ERROR=0x%X - %s
[11:32:11] [error] vge: %s(%d) : GL_CORE_ERROR=0x%X - %s
[11:32:11] [error] vge: %s(%d) : GL_CORE_ERROR=0x%X - %s
[11:32:11] [error] vge: %s(%d) : GL_CORE_ERROR=0x%X - %s
[11:32:11] [error] vge: %s(%d) : GL_CORE_ERROR=0x%X - %s
[11:32:11] [error] vge: %s(%d) : GL_CORE_ERROR=0x%X - %s
[11:32:11] [error] vge: %s(%d) : GL_CORE_ERROR=0x%X - %s
[11:32:11] [error] vge: %s(%d) : GL_CORE_ERROR=0x%X - %s
[11:32:11] [error] vge: %s(%d) : GL_CORE_ERROR=0x%X - %s
[11:32:11] [error] vge: %s(%d) : GL_CORE_ERROR=0x%X - %s
[11:32:11] [error] vge: %s(%d) : GL_CORE_ERROR=0x%X - %s
[11:32:11] [error] vge: %s(%d) : GL_CORE_ERROR=0x%X - %s
[11:32:11] [error] vge: %s(%d) : GL_CORE_ERROR=0x%X - %s
[11:32:11] [error] vge: %s(%d) : GL_CORE_ERROR=0x%X - %s
[11:32:11] [error] vge: %s(%d) : GL_CORE_ERROR=0x%X - %s
[11:32:11] [error] vge: %s(%d) : GL_CORE_ERROR=0x%X - %s
[11:32:11] [error] vge: %s(%d) : GL_CORE_ERROR=0x%X - %s
[11:32:11] [error] vge: %s(%d) : GL_CORE_ERROR=0x%X - %s
[11:32:11] [error] vge: %s(%d) : GL_CORE_ERROR=0x%X - %s
[11:32:11] [error] vge: %s(%d) : GL_CORE_ERROR=0x%X - %s
[11:32:11] [error] vge: %s(%d) : GL_CORE_ERROR=0x%X - %s
[11:32:11] [error] vge: %s(%d) : GL_CORE_ERROR=0x%X - %s
[11:32:11] [error] vge: %s(%d) : GL_CORE_ERROR=0x%X - %s
[11:32:11] [error] vge: %s(%d) : GL_CORE_ERROR=0x%X - %s
[11:32:11] [error] vge: %s(%d) : GL_CORE_ERROR=0x%X - %s
[11:32:12] [error] vge: %s(%d) : GL_CORE_ERROR=0x%X - %s
[11:32:12] [error] vge: %s(%d) : GL_CORE_ERROR=0x%X - %s
[11:32:12] [error] vge: %s(%d) : GL_CORE_ERROR=0x%X - %s
[11:32:12] [error] vge: %s(%d) : GL_CORE_ERROR=0x%X - %s
[11:32:12] [error] vge: %s(%d) : GL_CORE_ERROR=0x%X - %s
[11:32:12] [error] vge: %s(%d) : GL_CORE_ERROR=0x%X - %s
[11:32:12] [error] vge: %s(%d) : GL_CORE_ERROR=0x%X - %s
[11:32:12] [error] vge: %s(%d) : GL_CORE_ERROR=0x%X - %s
[11:32:12] [error] vge: %s(%d) : GL_CORE_ERROR=0x%X - %s
[11:32:12] [error] vge: %s(%d) : GL_CORE_ERROR=0x%X - %s
[11:32:12] [error] vge: %s(%d) : GL_CORE_ERROR=0x%X - %s
[11:32:12] [error] vge: %s(%d) : GL_CORE_ERROR=0x%X - %s
[11:32:12] [error] vge: %s(%d) : GL_CORE_ERROR=0x%X - %s
[11:32:12] [error] vge: %s(%d) : GL_CORE_ERROR=0x%X - %s
[11:32:12] [error] vge: %s(%d) : GL_CORE_ERROR=0x%X - %s
[11:32:12] [error] vge: %s(%d) : GL_CORE_ERROR=0x%X - %s
[11:32:12] [error] vge: %s(%d) : GL_CORE_ERROR=0x%X - %s
[11:32:12] [error] vge: %s(%d) : GL_CORE_ERROR=0x%X - %s
[11:32:12] [error] vge: %s(%d) : GL_CORE_ERROR=0x%X - %s
[11:32:12] [error] vge: %s(%d) : GL_CORE_ERROR=0x%X - %s
[11:32:12] [error] vge: %s(%d) : GL_CORE_ERROR=0x%X - %s
[11:32:12] [error] vge: %s(%d) : GL_CORE_ERROR=0x%X - %s
[11:32:12] [error] vge: %s(%d) : GL_CORE_ERROR=0x%X - %s
[11:32:12] [error] vge: %s(%d) : GL_CORE_ERROR=0x%X - %s
[11:32:12] [error] vge: %s(%d) : GL_CORE_ERROR=0x%X - %s
[11:32:12] [error] vge: %s(%d) : GL_CORE_ERROR=0x%X - %s
[11:32:12] [error] vge: %s(%d) : GL_CORE_ERROR=0x%X - %s
[11:32:12] [error] vge: %s(%d) : GL_CORE_ERROR=0x%X - %s
[11:32:12] [error] vge: %s(%d) : GL_CORE_ERROR=0x%X - %s
[11:32:12] [error] vge: %s(%d) : GL_CORE_ERROR=0x%X - %s
[11:32:12] [error] vge: %s(%d) : GL_CORE_ERROR=0x%X - %s
[11:32:12] [error] vge: %s(%d) : GL_CORE_ERROR=0x%X - %s
[11:32:12] [error] vge: %s(%d) : GL_CORE_ERROR=0x%X - %s
[11:32:12] [error] vge: %s(%d) : GL_CORE_ERROR=0x%X - %s
[11:32:12] [error] vge: %s(%d) : GL_CORE_ERROR=0x%X - %s
[11:32:12] [error] vge: %s(%d) : GL_CORE_ERROR=0x%X - %s
[11:32:12] [error] vge: %s(%d) : GL_CORE_ERROR=0x%X - %s
[11:32:12] [error] vge: %s(%d) : GL_CORE_ERROR=0x%X - %s
[11:32:12] [error] vge: %s(%d) : GL_CORE_ERROR=0x%X - %s
[11:32:12] [error] vge: %s(%d) : GL_CORE_ERROR=0x%X - %s
[11:32:12] [error] vge: %s(%d) : GL_CORE_ERROR=0x%X - %s
[11:32:12] [error] vge: %s(%d) : GL_CORE_ERROR=0x%X - %s
[11:32:12] [error] vge: %s(%d) : GL_CORE_ERROR=0x%X - %s
[11:32:12] [error] vge: %s(%d) : GL_CORE_ERROR=0x%X - %s
[11:32:12] [error] vge: %s(%d) : GL_CORE_ERROR=0x%X - %s
[11:32:12] [error] vge: %s(%d) : GL_CORE_ERROR=0x%X - %s
[11:32:12] [error] vge: %s(%d) : GL_CORE_ERROR=0x%X - %s
[11:32:12] [error] vge: %s(%d) : GL_CORE_ERROR=0x%X - %s
[11:32:12] [error] vge: %s(%d) : GL_CORE_ERROR=0x%X - %s
[11:32:12] [error] vge: %s(%d) : GL_CORE_ERROR=0x%X - %s
[11:32:12] [error] vge: %s(%d) : GL_CORE_ERROR=0x%X - %s
[11:32:12] [error] vge: %s(%d) : GL_CORE_ERROR=0x%X - %s
[11:32:12] [error] vge: %s(%d) : GL_CORE_ERROR=0x%X - %s
[11:32:12] [error] vge: %s(%d) : GL_CORE_ERROR=0x%X - %s
[11:32:12] [error] vge: %s(%d) : GL_CORE_ERROR=0x%X - %s
[11:32:12] [error] vge: %s(%d) : GL_CORE_ERROR=0x%X - %s
[11:32:12] [error] vge: %s(%d) : GL_CORE_ERROR=0x%X - %s
[11:32:12] [error] vge: %s(%d) : GL_CORE_ERROR=0x%X - %s
[11:32:12] [error] vge: %s(%d) : GL_CORE_ERROR=0x%X - %s
[11:32:12] [error] vge: %s(%d) : GL_CORE_ERROR=0x%X - %s
[11:32:12] [error] vge: %s(%d) : GL_CORE_ERROR=0x%X - %s
[11:32:12] [error] vge: %s(%d) : GL_CORE_ERROR=0x%X - %s
[11:32:12] [error] vge: %s(%d) : GL_CORE_ERROR=0x%X - %s
[11:32:12] [error] vge: %s(%d) : GL_CORE_ERROR=0x%X - %s
[11:32:12] [error] vge: %s(%d) : GL_CORE_ERROR=0x%X - %s
[11:32:12] [error] vge: %s(%d) : GL_CORE_ERROR=0x%X - %s
[11:32:12] [error] vge: %s(%d) : GL_CORE_ERROR=0x%X - %s
[11:32:12] [error] vge: %s(%d) : GL_CORE_ERROR=0x%X - %s
[11:32:12] [error] vge: %s(%d) : GL_CORE_ERROR=0x%X - %s
[11:32:12] [error] vge: %s(%d) : GL_CORE_ERROR=0x%X - %s
[11:32:12] [error] vge: %s(%d) : GL_CORE_ERROR=0x%X - %s
[11:32:12] [error] vge: %s(%d) : GL_CORE_ERROR=0x%X - %s
[11:32:12] [error] vge: %s(%d) : GL_CORE_ERROR=0x%X - %s
[11:32:12] [error] vge: %s(%d) : GL_CORE_ERROR=0x%X - %s
[11:32:12] [error] vge: %s(%d) : GL_CORE_ERROR=0x%X - %s
[11:32:12] [error] vge: %s(%d) : GL_CORE_ERROR=0x%X - %s
[11:32:12] [error] vge: %s(%d) : GL_CORE_ERROR=0x%X - %s
[11:32:12] [error] vge: %s(%d) : GL_CORE_ERROR=0x%X - %s
[11:32:12] [error] vge: %s(%d) : GL_CORE_ERROR=0x%X - %s
[11:32:12] [error] vge: %s(%d) : GL_CORE_ERROR=0x%X - %s
[11:32:12] [error] vge: %s(%d) : GL_CORE_ERROR=0x%X - %s
[11:32:12] [error] vge: %s(%d) : GL_CORE_ERROR=0x%X - %s
[11:32:12] [error] vge: %s(%d) : GL_CORE_ERROR=0x%X - %s
[11:32:12] [error] vge: %s(%d) : GL_CORE_ERROR=0x%X - %s
[11:32:12] [error] vge: %s(%d) : GL_CORE_ERROR=0x%X - %s
[11:32:12] [error] vge: %s(%d) : GL_CORE_ERROR=0x%X - %s
[11:32:12] [error] vge: %s(%d) : GL_CORE_ERROR=0x%X - %s
[11:32:12] [error] vge: %s(%d) : GL_CORE_ERROR=0x%X - %s
[11:32:12] [error] vge: %s(%d) : GL_CORE_ERROR=0x%X - %s
[11:32:12] [error] vge: %s(%d) : GL_CORE_ERROR=0x%X - %s
[11:32:13] [error] vge: %s(%d) : GL_CORE_ERROR=0x%X - %s
[11:32:13] [error] vge: %s(%d) : GL_CORE_ERROR=0x%X - %s
[11:32:13] [error] vge: %s(%d) : GL_CORE_ERROR=0x%X - %s
[11:32:13] [error] vge: %s(%d) : GL_CORE_ERROR=0x%X - %s
[11:32:13] [error] vge: %s(%d) : GL_CORE_ERROR=0x%X - %s
[11:32:13] [error] vge: %s(%d) : GL_CORE_ERROR=0x%X - %s
[11:32:13] [error] vge: %s(%d) : GL_CORE_ERROR=0x%X - %s
[11:32:13] [error] vge: %s(%d) : GL_CORE_ERROR=0x%X - %s
[11:32:13] [error] vge: %s(%d) : GL_CORE_ERROR=0x%X - %s
[11:32:13] [error] vge: %s(%d) : GL_CORE_ERROR=0x%X - %s
[11:32:13] [error] vge: %s(%d) : GL_CORE_ERROR=0x%X - %s
[11:32:13] [error] vge: %s(%d) : GL_CORE_ERROR=0x%X - %s
[11:32:13] [error] vge: %s(%d) : GL_CORE_ERROR=0x%X - %s
[11:32:13] [error] vge: %s(%d) : GL_CORE_ERROR=0x%X - %s
[11:32:13] [error] vge: %s(%d) : GL_CORE_ERROR=0x%X - %s
[11:32:13] [error] vge: %s(%d) : GL_CORE_ERROR=0x%X - %s
[11:32:13] [error] vge: %s(%d) : GL_CORE_ERROR=0x%X - %s
[11:32:13] [error] vge: %s(%d) : GL_CORE_ERROR=0x%X - %s
[11:32:13] [error] vge: %s(%d) : GL_CORE_ERROR=0x%X - %s
[11:32:13] [error] vge: %s(%d) : GL_CORE_ERROR=0x%X - %s
[11:32:13] [error] vge: %s(%d) : GL_CORE_ERROR=0x%X - %s
[11:32:13] [error] vge: %s(%d) : GL_CORE_ERROR=0x%X - %s
[11:32:13] [error] vge: %s(%d) : GL_CORE_ERROR=0x%X - %s
[11:32:13] [error] vge: %s(%d) : GL_CORE_ERROR=0x%X - %s
[11:32:13] [error] vge: %s(%d) : GL_CORE_ERROR=0x%X - %s
[11:32:13] [error] vge: %s(%d) : GL_CORE_ERROR=0x%X - %s
[11:32:13] [error] vge: %s(%d) : GL_CORE_ERROR=0x%X - %s
[11:32:13] [error] vge: %s(%d) : GL_CORE_ERROR=0x%X - %s
[11:32:13] [error] vge: %s(%d) : GL_CORE_ERROR=0x%X - %s
[11:32:13] [error] vge: %s(%d) : GL_CORE_ERROR=0x%X - %s
[11:32:13] [error] vge: %s(%d) : GL_CORE_ERROR=0x%X - %s
[11:32:13] [error] vge: %s(%d) : GL_CORE_ERROR=0x%X - %s
[11:32:13] [error] vge: %s(%d) : GL_CORE_ERROR=0x%X - %s
[11:32:13] [error] vge: %s(%d) : GL_CORE_ERROR=0x%X - %s
[11:32:13] [error] vge: %s(%d) : GL_CORE_ERROR=0x%X - %s
[11:32:13] [error] vge: %s(%d) : GL_CORE_ERROR=0x%X - %s
[11:32:13] [error] vge: %s(%d) : GL_CORE_ERROR=0x%X - %s
[11:32:13] [error] vge: %s(%d) : GL_CORE_ERROR=0x%X - %s
[11:32:13] [error] vge: %s(%d) : GL_CORE_ERROR=0x%X - %s
[11:32:13] [error] vge: %s(%d) : GL_CORE_ERROR=0x%X - %s
[11:32:13] [error] vge: %s(%d) : GL_CORE_ERROR=0x%X - %s
[11:32:13] [error] vge: %s(%d) : GL_CORE_ERROR=0x%X - %s
[11:32:13] [error] vge: %s(%d) : GL_CORE_ERROR=0x%X - %s
[11:32:13] [error] vge: %s(%d) : GL_CORE_ERROR=0x%X - %s
[11:32:13] [error] vge: %s(%d) : GL_CORE_ERROR=0x%X - %s
[11:32:13] [error] vge: %s(%d) : GL_CORE_ERROR=0x%X - %s
[11:32:13] [error] vge: %s(%d) : GL_CORE_ERROR=0x%X - %s
[11:32:13] [error] vge: %s(%d) : GL_CORE_ERROR=0x%X - %s
[11:32:13] [error] vge: %s(%d) : GL_CORE_ERROR=0x%X - %s
[11:32:13] [error] vge: %s(%d) : GL_CORE_ERROR=0x%X - %s
[11:32:13] [error] vge: %s(%d) : GL_CORE_ERROR=0x%X - %s
[11:32:13] [error] vge: %s(%d) : GL_CORE_ERROR=0x%X - %s
[11:32:13] [error] vge: %s(%d) : GL_CORE_ERROR=0x%X - %s
[11:32:13] [error] vge: %s(%d) : GL_CORE_ERROR=0x%X - %s
[11:32:13] [error] vge: %s(%d) : GL_CORE_ERROR=0x%X - %s
[11:32:13] [error] vge: %s(%d) : GL_CORE_ERROR=0x%X - %s
[11:32:13] [error] vge: %s(%d) : GL_CORE_ERROR=0x%X - %s
[11:32:13] [error] vge: %s(%d) : GL_CORE_ERROR=0x%X - %s
[11:32:13] [error] vge: %s(%d) : GL_CORE_ERROR=0x%X - %s
[11:32:13] [error] vge: %s(%d) : GL_CORE_ERROR=0x%X - %s
[11:32:13] [error] vge: %s(%d) : GL_CORE_ERROR=0x%X - %s
[11:32:13] [error] vge: %s(%d) : GL_CORE_ERROR=0x%X - %s
[11:32:13] [error] vge: %s(%d) : GL_CORE_ERROR=0x%X - %s
[11:32:13] [error] vge: %s(%d) : GL_CORE_ERROR=0x%X - %s
[11:32:13] [error] vge: %s(%d) : GL_CORE_ERROR=0x%X - %s
[11:32:13] [error] vge: %s(%d) : GL_CORE_ERROR=0x%X - %s
[11:32:13] [error] vge: %s(%d) : GL_CORE_ERROR=0x%X - %s
[11:32:13] [error] vge: %s(%d) : GL_CORE_ERROR=0x%X - %s
[11:32:13] [error] vge: %s(%d) : GL_CORE_ERROR=0x%X - %s
[11:32:13] [error] vge: %s(%d) : GL_CORE_ERROR=0x%X - %s
[11:32:13] [error] vge: %s(%d) : GL_CORE_ERROR=0x%X - %s
[11:32:13] [error] vge: %s(%d) : GL_CORE_ERROR=0x%X - %s
[11:32:13] [error] vge: %s(%d) : GL_CORE_ERROR=0x%X - %s
[11:32:13] [error] vge: %s(%d) : GL_CORE_ERROR=0x%X - %s
[11:32:13] [error] vge: %s(%d) : GL_CORE_ERROR=0x%X - %s
[11:32:13] [error] vge: %s(%d) : GL_CORE_ERROR=0x%X - %s
[11:32:13] [error] vge: %s(%d) : GL_CORE_ERROR=0x%X - %s
[11:32:13] [error] vge: %s(%d) : GL_CORE_ERROR=0x%X - %s
[11:32:13] [error] vge: %s(%d) : GL_CORE_ERROR=0x%X - %s
[11:32:13] [error] vge: %s(%d) : GL_CORE_ERROR=0x%X - %s
[11:32:13] [error] vge: %s(%d) : GL_CORE_ERROR=0x%X - %s
[11:32:13] [error] vge: %s(%d) : GL_CORE_ERROR=0x%X - %s
[11:32:13] [error] vge: %s(%d) : GL_CORE_ERROR=0x%X - %s
[11:32:13] [error] vge: %s(%d) : GL_CORE_ERROR=0x%X - %s
[11:32:13] [error] vge: %s(%d) : GL_CORE_ERROR=0x%X - %s
[11:32:13] [error] vge: %s(%d) : GL_CORE_ERROR=0x%X - %s
[11:32:13] [error] vge: %s(%d) : GL_CORE_ERROR=0x%X - %s
[11:32:13] [error] vge: %s(%d) : GL_CORE_ERROR=0x%X - %s
[11:32:13] [error] vge: %s(%d) : GL_CORE_ERROR=0x%X - %s
[11:32:14] [error] vge: %s(%d) : GL_CORE_ERROR=0x%X - %s
[11:32:14] [error] vge: %s(%d) : GL_CORE_ERROR=0x%X - %s
[11:32:14] [error] vge: %s(%d) : GL_CORE_ERROR=0x%X - %s
[11:32:14] [error] vge: %s(%d) : GL_CORE_ERROR=0x%X - %s
[11:32:14] [error] vge: %s(%d) : GL_CORE_ERROR=0x%X - %s
[11:32:14] [error] vge: %s(%d) : GL_CORE_ERROR=0x%X - %s
[11:32:14] [error] vge: %s(%d) : GL_CORE_ERROR=0x%X - %s
[11:32:14] [error] vge: %s(%d) : GL_CORE_ERROR=0x%X - %s
[11:32:14] [error] vge: %s(%d) : GL_CORE_ERROR=0x%X - %s
[11:32:14] [error] vge: %s(%d) : GL_CORE_ERROR=0x%X - %s
[11:32:14] [error] vge: %s(%d) : GL_CORE_ERROR=0x%X - %s
[11:32:14] [error] vge: %s(%d) : GL_CORE_ERROR=0x%X - %s
[11:32:14] [error] vge: %s(%d) : GL_CORE_ERROR=0x%X - %s
[11:32:14] [error] vge: %s(%d) : GL_CORE_ERROR=0x%X - %s
[11:32:14] [error] vge: %s(%d) : GL_CORE_ERROR=0x%X - %s
[11:32:14] [error] vge: %s(%d) : GL_CORE_ERROR=0x%X - %s
[11:32:14] [error] vge: %s(%d) : GL_CORE_ERROR=0x%X - %s
[11:32:14] [error] vge: %s(%d) : GL_CORE_ERROR=0x%X - %s
[11:32:14] [error] vge: %s(%d) : GL_CORE_ERROR=0x%X - %s
[11:32:14] [error] vge: %s(%d) : GL_CORE_ERROR=0x%X - %s
[11:32:14] [error] vge: %s(%d) : GL_CORE_ERROR=0x%X - %s
[11:32:14] [error] vge: %s(%d) : GL_CORE_ERROR=0x%X - %s
[11:32:14] [error] vge: %s(%d) : GL_CORE_ERROR=0x%X - %s
[11:32:14] [error] vge: %s(%d) : GL_CORE_ERROR=0x%X - %s
[11:32:14] [error] vge: %s(%d) : GL_CORE_ERROR=0x%X - %s
[11:32:14] [error] vge: %s(%d) : GL_CORE_ERROR=0x%X - %s
[11:32:14] [error] vge: %s(%d) : GL_CORE_ERROR=0x%X - %s
[11:32:14] [error] vge: %s(%d) : GL_CORE_ERROR=0x%X - %s
[11:32:14] [error] vge: %s(%d) : GL_CORE_ERROR=0x%X - %s
[11:32:14] [error] vge: %s(%d) : GL_CORE_ERROR=0x%X - %s
[11:32:14] [error] vge: %s(%d) : GL_CORE_ERROR=0x%X - %s
[11:32:14] [error] vge: %s(%d) : GL_CORE_ERROR=0x%X - %s
[11:32:14] [error] vge: %s(%d) : GL_CORE_ERROR=0x%X - %s
[11:32:14] [error] vge: %s(%d) : GL_CORE_ERROR=0x%X - %s
[11:32:14] [error] vge: %s(%d) : GL_CORE_ERROR=0x%X - %s
[11:32:14] [error] vge: %s(%d) : GL_CORE_ERROR=0x%X - %s
[11:32:14] [error] vge: %s(%d) : GL_CORE_ERROR=0x%X - %s
[11:32:14] [error] vge: %s(%d) : GL_CORE_ERROR=0x%X - %s
[11:32:14] [error] vge: %s(%d) : GL_CORE_ERROR=0x%X - %s
[11:32:14] [error] vge: %s(%d) : GL_CORE_ERROR=0x%X - %s
[11:32:14] [error] vge: %s(%d) : GL_CORE_ERROR=0x%X - %s
[11:32:14] [error] vge: %s(%d) : GL_CORE_ERROR=0x%X - %s
[11:32:14] [error] vge: %s(%d) : GL_CORE_ERROR=0x%X - %s
[11:32:14] [error] vge: %s(%d) : GL_CORE_ERROR=0x%X - %s
[11:32:14] [error] vge: %s(%d) : GL_CORE_ERROR=0x%X - %s
[11:32:14] [error] vge: %s(%d) : GL_CORE_ERROR=0x%X - %s
[11:32:14] [error] vge: %s(%d) : GL_CORE_ERROR=0x%X - %s
[11:32:14] [error] vge: %s(%d) : GL_CORE_ERROR=0x%X - %s
[11:32:14] [error] vge: %s(%d) : GL_CORE_ERROR=0x%X - %s
[11:32:14] [error] vge: %s(%d) : GL_CORE_ERROR=0x%X - %s
[11:32:14] [error] vge: %s(%d) : GL_CORE_ERROR=0x%X - %s
[11:32:14] [error] vge: %s(%d) : GL_CORE_ERROR=0x%X - %s
[11:32:14] [error] vge: %s(%d) : GL_CORE_ERROR=0x%X - %s
[11:32:14] [error] vge: %s(%d) : GL_CORE_ERROR=0x%X - %s
[11:32:14] [error] vge: %s(%d) : GL_CORE_ERROR=0x%X - %s
[11:32:14] [error] vge: %s(%d) : GL_CORE_ERROR=0x%X - %s
[11:32:14] [error] vge: %s(%d) : GL_CORE_ERROR=0x%X - %s
[11:32:14] [error] vge: %s(%d) : GL_CORE_ERROR=0x%X - %s
[11:32:14] [error] vge: %s(%d) : GL_CORE_ERROR=0x%X - %s
[11:32:14] [error] vge: %s(%d) : GL_CORE_ERROR=0x%X - %s
[11:32:14] [error] vge: %s(%d) : GL_CORE_ERROR=0x%X - %s
[11:32:14] [error] vge: %s(%d) : GL_CORE_ERROR=0x%X - %s
[11:32:14] [error] vge: %s(%d) : GL_CORE_ERROR=0x%X - %s
[11:32:14] [error] vge: %s(%d) : GL_CORE_ERROR=0x%X - %s
[11:32:14] [error] vge: %s(%d) : GL_CORE_ERROR=0x%X - %s
[11:32:14] [error] vge: %s(%d) : GL_CORE_ERROR=0x%X - %s
[11:32:14] [error] vge: %s(%d) : GL_CORE_ERROR=0x%X - %s
[11:32:14] [error] vge: %s(%d) : GL_CORE_ERROR=0x%X - %s
[11:32:14] [error] vge: %s(%d) : GL_CORE_ERROR=0x%X - %s
[11:32:14] [error] vge: %s(%d) : GL_CORE_ERROR=0x%X - %s
[11:32:14] [error] vge: %s(%d) : GL_CORE_ERROR=0x%X - %s
[11:32:14] [error] vge: %s(%d) : GL_CORE_ERROR=0x%X - %s
[11:32:14] [error] vge: %s(%d) : GL_CORE_ERROR=0x%X - %s
[11:32:14] [error] vge: %s(%d) : GL_CORE_ERROR=0x%X - %s
[11:32:14] [error] vge: %s(%d) : GL_CORE_ERROR=0x%X - %s
[11:32:14] [error] vge: %s(%d) : GL_CORE_ERROR=0x%X - %s
[11:32:14] [error] vge: %s(%d) : GL_CORE_ERROR=0x%X - %s
[11:32:14] [error] vge: %s(%d) : GL_CORE_ERROR=0x%X - %s
[11:32:14] [error] vge: %s(%d) : GL_CORE_ERROR=0x%X - %s
[11:32:14] [error] vge: %s(%d) : GL_CORE_ERROR=0x%X - %s
[11:32:14] [error] vge: %s(%d) : GL_CORE_ERROR=0x%X - %s
[11:32:14] [error] vge: %s(%d) : GL_CORE_ERROR=0x%X - %s
[11:32:14] [error] vge: %s(%d) : GL_CORE_ERROR=0x%X - %s
[11:32:14] [error] vge: %s(%d) : GL_CORE_ERROR=0x%X - %s
[11:32:14] [error] vge: %s(%d) : GL_CORE_ERROR=0x%X - %s
[11:32:14] [error] vge: %s(%d) : GL_CORE_ERROR=0x%X - %s
[11:32:14] [error] vge: %s(%d) : GL_CORE_ERROR=0x%X - %s
[11:32:14] [error] vge: %s(%d) : GL_CORE_ERROR=0x%X - %s
[11:32:14] [error] vge: %s(%d) : GL_CORE_ERROR=0x%X - %s
[11:32:14] [error] vge: %s(%d) : GL_CORE_ERROR=0x%X - %s
[11:32:15] [error] vge: %s(%d) : GL_CORE_ERROR=0x%X - %s
[11:32:15] [error] vge: %s(%d) : GL_CORE_ERROR=0x%X - %s
[11:32:15] [error] vge: %s(%d) : GL_CORE_ERROR=0x%X - %s
[11:32:15] [error] vge: %s(%d) : GL_CORE_ERROR=0x%X - %s
[11:32:15] [error] vge: %s(%d) : GL_CORE_ERROR=0x%X - %s
[11:32:15] [error] vge: %s(%d) : GL_CORE_ERROR=0x%X - %s
[11:32:15] [error] vge: %s(%d) : GL_CORE_ERROR=0x%X - %s
[11:32:15] [error] vge: %s(%d) : GL_CORE_ERROR=0x%X - %s
[11:32:15] [error] vge: %s(%d) : GL_CORE_ERROR=0x%X - %s
[11:32:15] [error] vge: %s(%d) : GL_CORE_ERROR=0x%X - %s
[11:32:15] [error] vge: %s(%d) : GL_CORE_ERROR=0x%X - %s
[11:32:15] [error] vge: %s(%d) : GL_CORE_ERROR=0x%X - %s
[11:32:15] [error] vge: %s(%d) : GL_CORE_ERROR=0x%X - %s
[11:32:15] [error] vge: %s(%d) : GL_CORE_ERROR=0x%X - %s
[11:32:15] [error] vge: %s(%d) : GL_CORE_ERROR=0x%X - %s
[11:32:15] [error] vge: %s(%d) : GL_CORE_ERROR=0x%X - %s
[11:32:15] [error] vge: %s(%d) : GL_CORE_ERROR=0x%X - %s
[11:32:15] [error] vge: %s(%d) : GL_CORE_ERROR=0x%X - %s
[11:32:15] [error] vge: %s(%d) : GL_CORE_ERROR=0x%X - %s
[11:32:15] [error] vge: %s(%d) : GL_CORE_ERROR=0x%X - %s
[11:32:15] [error] vge: %s(%d) : GL_CORE_ERROR=0x%X - %s
[11:32:15] [error] vge: %s(%d) : GL_CORE_ERROR=0x%X - %s
[11:32:15] [error] vge: %s(%d) : GL_CORE_ERROR=0x%X - %s
[11:32:15] [error] vge: %s(%d) : GL_CORE_ERROR=0x%X - %s
[11:32:15] [error] vge: %s(%d) : GL_CORE_ERROR=0x%X - %s
[11:32:15] [error] vge: %s(%d) : GL_CORE_ERROR=0x%X - %s
[11:32:15] [error] vge: %s(%d) : GL_CORE_ERROR=0x%X - %s
[11:32:15] [error] vge: %s(%d) : GL_CORE_ERROR=0x%X - %s
[11:32:15] [error] vge: %s(%d) : GL_CORE_ERROR=0x%X - %s
[11:32:15] [error] vge: %s(%d) : GL_CORE_ERROR=0x%X - %s
[11:32:15] [error] vge: %s(%d) : GL_CORE_ERROR=0x%X - %s
[11:32:15] [error] vge: %s(%d) : GL_CORE_ERROR=0x%X - %s
[11:32:15] [error] vge: %s(%d) : GL_CORE_ERROR=0x%X - %s
[11:32:15] [error] vge: %s(%d) : GL_CORE_ERROR=0x%X - %s
[11:32:15] [error] vge: %s(%d) : GL_CORE_ERROR=0x%X - %s
[11:32:15] [error] vge: %s(%d) : GL_CORE_ERROR=0x%X - %s
[11:32:15] [error] vge: %s(%d) : GL_CORE_ERROR=0x%X - %s
[11:32:15] [error] vge: %s(%d) : GL_CORE_ERROR=0x%X - %s
[11:32:15] [error] vge: %s(%d) : GL_CORE_ERROR=0x%X - %s
[11:32:15] [error] vge: %s(%d) : GL_CORE_ERROR=0x%X - %s
[11:32:15] [error] vge: %s(%d) : GL_CORE_ERROR=0x%X - %s
[11:32:15] [error] vge: %s(%d) : GL_CORE_ERROR=0x%X - %s
[11:32:15] [error] vge: %s(%d) : GL_CORE_ERROR=0x%X - %s
[11:32:15] [error] vge: %s(%d) : GL_CORE_ERROR=0x%X - %s
[11:32:15] [error] vge: %s(%d) : GL_CORE_ERROR=0x%X - %s
[11:32:15] [error] vge: %s(%d) : GL_CORE_ERROR=0x%X - %s
[11:32:15] [error] vge: %s(%d) : GL_CORE_ERROR=0x%X - %s
[11:32:15] [error] vge: %s(%d) : GL_CORE_ERROR=0x%X - %s
[11:32:15] [error] vge: %s(%d) : GL_CORE_ERROR=0x%X - %s
[11:32:15] [error] vge: %s(%d) : GL_CORE_ERROR=0x%X - %s
[11:32:15] [error] vge: %s(%d) : GL_CORE_ERROR=0x%X - %s
[11:32:15] [error] vge: %s(%d) : GL_CORE_ERROR=0x%X - %s
[11:32:15] [error] vge: %s(%d) : GL_CORE_ERROR=0x%X - %s
[11:32:15] [error] vge: %s(%d) : GL_CORE_ERROR=0x%X - %s
[11:32:15] [error] vge: %s(%d) : GL_CORE_ERROR=0x%X - %s
[11:32:15] [error] vge: %s(%d) : GL_CORE_ERROR=0x%X - %s
[11:32:15] [error] vge: %s(%d) : GL_CORE_ERROR=0x%X - %s
[11:32:15] [error] vge: %s(%d) : GL_CORE_ERROR=0x%X - %s
[11:32:15] [error] vge: %s(%d) : GL_CORE_ERROR=0x%X - %s
[11:32:15] [error] vge: %s(%d) : GL_CORE_ERROR=0x%X - %s
[11:32:15] [error] vge: %s(%d) : GL_CORE_ERROR=0x%X - %s
[11:32:15] [error] vge: %s(%d) : GL_CORE_ERROR=0x%X - %s
[11:32:15] [error] vge: %s(%d) : GL_CORE_ERROR=0x%X - %s
[11:32:15] [error] vge: %s(%d) : GL_CORE_ERROR=0x%X - %s
[11:32:15] [error] vge: %s(%d) : GL_CORE_ERROR=0x%X - %s
[11:32:15] [error] vge: %s(%d) : GL_CORE_ERROR=0x%X - %s
[11:32:15] [error] vge: %s(%d) : GL_CORE_ERROR=0x%X - %s
[11:32:15] [error] vge: %s(%d) : GL_CORE_ERROR=0x%X - %s
[11:32:15] [error] vge: %s(%d) : GL_CORE_ERROR=0x%X - %s
[11:32:15] [error] vge: %s(%d) : GL_CORE_ERROR=0x%X - %s
[11:32:15] [error] vge: %s(%d) : GL_CORE_ERROR=0x%X - %s
[11:32:15] [error] vge: %s(%d) : GL_CORE_ERROR=0x%X - %s
[11:32:15] [error] vge: %s(%d) : GL_CORE_ERROR=0x%X - %s
[11:32:15] [error] vge: %s(%d) : GL_CORE_ERROR=0x%X - %s
[11:32:15] [error] vge: %s(%d) : GL_CORE_ERROR=0x%X - %s
[11:32:15] [error] vge: %s(%d) : GL_CORE_ERROR=0x%X - %s
[11:32:15] [error] vge: %s(%d) : GL_CORE_ERROR=0x%X - %s
[11:32:15] [error] vge: %s(%d) : GL_CORE_ERROR=0x%X - %s
[11:32:15] [error] vge: %s(%d) : GL_CORE_ERROR=0x%X - %s
[11:32:15] [error] vge: %s(%d) : GL_CORE_ERROR=0x%X - %s
[11:32:15] [error] vge: %s(%d) : GL_CORE_ERROR=0x%X - %s
[11:32:15] [error] vge: %s(%d) : GL_CORE_ERROR=0x%X - %s
[11:32:15] [error] vge: %s(%d) : GL_CORE_ERROR=0x%X - %s
[11:32:15] [error] vge: %s(%d) : GL_CORE_ERROR=0x%X - %s
[11:32:15] [error] vge: %s(%d) : GL_CORE_ERROR=0x%X - %s
[11:32:15] [error] vge: %s(%d) : GL_CORE_ERROR=0x%X - %s
[11:32:15] [error] vge: %s(%d) : GL_CORE_ERROR=0x%X - %s
[11:32:15] [error] vge: %s(%d) : GL_CORE_ERROR=0x%X - %s
[11:32:15] [error] vge: %s(%d) : GL_CORE_ERROR=0x%X - %s
[11:32:16] [error] vge: %s(%d) : GL_CORE_ERROR=0x%X - %s
[11:32:16] [error] vge: %s(%d) : GL_CORE_ERROR=0x%X - %s
[11:32:16] [error] vge: %s(%d) : GL_CORE_ERROR=0x%X - %s
[11:32:16] [error] vge: %s(%d) : GL_CORE_ERROR=0x%X - %s
[11:32:16] [error] vge: %s(%d) : GL_CORE_ERROR=0x%X - %s
[11:32:16] [error] vge: %s(%d) : GL_CORE_ERROR=0x%X - %s
[11:32:16] [error] vge: %s(%d) : GL_CORE_ERROR=0x%X - %s
[11:32:16] [error] vge: %s(%d) : GL_CORE_ERROR=0x%X - %s
[11:32:16] [error] vge: %s(%d) : GL_CORE_ERROR=0x%X - %s
[11:32:16] [error] vge: %s(%d) : GL_CORE_ERROR=0x%X - %s
[11:32:16] [error] vge: %s(%d) : GL_CORE_ERROR=0x%X - %s
[11:32:16] [error] vge: %s(%d) : GL_CORE_ERROR=0x%X - %s
[11:32:16] [error] vge: %s(%d) : GL_CORE_ERROR=0x%X - %s
[11:32:16] [error] vge: %s(%d) : GL_CORE_ERROR=0x%X - %s
[11:32:16] [error] vge: %s(%d) : GL_CORE_ERROR=0x%X - %s
[11:32:16] [error] vge: %s(%d) : GL_CORE_ERROR=0x%X - %s
[11:32:16] [error] vge: %s(%d) : GL_CORE_ERROR=0x%X - %s
[11:32:16] [error] vge: %s(%d) : GL_CORE_ERROR=0x%X - %s
[11:32:16] [error] vge: %s(%d) : GL_CORE_ERROR=0x%X - %s
[11:32:16] [error] vge: %s(%d) : GL_CORE_ERROR=0x%X - %s
[11:32:16] [error] vge: %s(%d) : GL_CORE_ERROR=0x%X - %s
[11:32:16] [error] vge: %s(%d) : GL_CORE_ERROR=0x%X - %s
[11:32:16] [error] vge: %s(%d) : GL_CORE_ERROR=0x%X - %s
[11:32:16] [error] vge: %s(%d) : GL_CORE_ERROR=0x%X - %s
[11:32:16] [error] vge: %s(%d) : GL_CORE_ERROR=0x%X - %s
[11:32:16] [error] vge: %s(%d) : GL_CORE_ERROR=0x%X - %s
[11:32:16] [error] vge: %s(%d) : GL_CORE_ERROR=0x%X - %s
[11:32:16] [error] vge: %s(%d) : GL_CORE_ERROR=0x%X - %s
[11:32:16] [error] vge: %s(%d) : GL_CORE_ERROR=0x%X - %s
[11:32:16] [error] vge: %s(%d) : GL_CORE_ERROR=0x%X - %s
[11:32:16] [error] vge: %s(%d) : GL_CORE_ERROR=0x%X - %s
[11:32:16] [error] vge: %s(%d) : GL_CORE_ERROR=0x%X - %s
[11:32:16] [error] vge: %s(%d) : GL_CORE_ERROR=0x%X - %s
[11:32:16] [error] vge: %s(%d) : GL_CORE_ERROR=0x%X - %s
[11:32:16] [error] vge: %s(%d) : GL_CORE_ERROR=0x%X - %s
[11:32:16] [error] vge: %s(%d) : GL_CORE_ERROR=0x%X - %s
[11:32:16] [error] vge: %s(%d) : GL_CORE_ERROR=0x%X - %s
[11:32:16] [error] vge: %s(%d) : GL_CORE_ERROR=0x%X - %s
[11:32:16] [error] vge: %s(%d) : GL_CORE_ERROR=0x%X - %s
[11:32:16] [error] vge: %s(%d) : GL_CORE_ERROR=0x%X - %s
[11:32:16] [error] vge: %s(%d) : GL_CORE_ERROR=0x%X - %s
[11:32:16] [error] vge: %s(%d) : GL_CORE_ERROR=0x%X - %s
[11:32:16] [error] vge: %s(%d) : GL_CORE_ERROR=0x%X - %s
[11:32:16] [error] vge: %s(%d) : GL_CORE_ERROR=0x%X - %s
[11:32:16] [error] vge: %s(%d) : GL_CORE_ERROR=0x%X - %s
[11:32:16] [error] vge: %s(%d) : GL_CORE_ERROR=0x%X - %s
[11:32:16] [error] vge: %s(%d) : GL_CORE_ERROR=0x%X - %s
[11:32:16] [error] vge: %s(%d) : GL_CORE_ERROR=0x%X - %s
[11:32:16] [error] vge: %s(%d) : GL_CORE_ERROR=0x%X - %s
[11:32:16] [error] vge: %s(%d) : GL_CORE_ERROR=0x%X - %s
[11:32:16] [error] vge: %s(%d) : GL_CORE_ERROR=0x%X - %s
[11:32:16] [error] vge: %s(%d) : GL_CORE_ERROR=0x%X - %s
[11:32:16] [error] vge: %s(%d) : GL_CORE_ERROR=0x%X - %s
[11:32:16] [error] vge: %s(%d) : GL_CORE_ERROR=0x%X - %s
[11:32:16] [error] vge: %s(%d) : GL_CORE_ERROR=0x%X - %s
[11:32:16] [error] vge: %s(%d) : GL_CORE_ERROR=0x%X - %s
[11:32:16] [error] vge: %s(%d) : GL_CORE_ERROR=0x%X - %s
[11:32:16] [error] vge: %s(%d) : GL_CORE_ERROR=0x%X - %s
[11:32:16] [error] vge: %s(%d) : GL_CORE_ERROR=0x%X - %s
[11:32:16] [error] vge: %s(%d) : GL_CORE_ERROR=0x%X - %s
[11:32:16] [error] vge: %s(%d) : GL_CORE_ERROR=0x%X - %s
[11:32:16] [error] vge: %s(%d) : GL_CORE_ERROR=0x%X - %s
[11:32:16] [error] vge: %s(%d) : GL_CORE_ERROR=0x%X - %s
[11:32:16] [error] vge: %s(%d) : GL_CORE_ERROR=0x%X - %s
[11:32:16] [error] vge: %s(%d) : GL_CORE_ERROR=0x%X - %s
[11:32:16] [error] vge: %s(%d) : GL_CORE_ERROR=0x%X - %s
[11:32:16] [error] vge: %s(%d) : GL_CORE_ERROR=0x%X - %s
[11:32:16] [error] vge: %s(%d) : GL_CORE_ERROR=0x%X - %s
[11:32:16] [error] vge: %s(%d) : GL_CORE_ERROR=0x%X - %s
[11:32:16] [error] vge: %s(%d) : GL_CORE_ERROR=0x%X - %s
[11:32:16] [error] vge: %s(%d) : GL_CORE_ERROR=0x%X - %s
[11:32:16] [error] vge: %s(%d) : GL_CORE_ERROR=0x%X - %s
[11:32:16] [error] vge: %s(%d) : GL_CORE_ERROR=0x%X - %s
[11:32:16] [error] vge: %s(%d) : GL_CORE_ERROR=0x%X - %s
[11:32:16] [error] vge: %s(%d) : GL_CORE_ERROR=0x%X - %s
[11:32:16] [error] vge: %s(%d) : GL_CORE_ERROR=0x%X - %s
[11:32:16] [error] vge: %s(%d) : GL_CORE_ERROR=0x%X - %s
[11:32:16] [error] vge: %s(%d) : GL_CORE_ERROR=0x%X - %s
[11:32:16] [error] vge: %s(%d) : GL_CORE_ERROR=0x%X - %s
[11:32:16] [error] vge: %s(%d) : GL_CORE_ERROR=0x%X - %s
[11:32:16] [error] vge: %s(%d) : GL_CORE_ERROR=0x%X - %s
[11:32:16] [error] vge: %s(%d) : GL_CORE_ERROR=0x%X - %s
[11:32:16] [error] vge: %s(%d) : GL_CORE_ERROR=0x%X - %s
[11:32:16] [error] vge: %s(%d) : GL_CORE_ERROR=0x%X - %s
[11:32:16] [error] vge: %s(%d) : GL_CORE_ERROR=0x%X - %s
[11:32:16] [error] vge: %s(%d) : GL_CORE_ERROR=0x%X - %s
[11:32:16] [error] vge: %s(%d) : GL_CORE_ERROR=0x%X - %s
[11:32:16] [error] vge: %s(%d) : GL_CORE_ERROR=0x%X - %s
[11:32:16] [error] vge: %s(%d) : GL_CORE_ERROR=0x%X - %s
[11:32:16] [error] vge: %s(%d) : GL_CORE_ERROR=0x%X - %s
[11:32:17] [error] vge: %s(%d) : GL_CORE_ERROR=0x%X - %s
[11:32:17] [error] vge: %s(%d) : GL_CORE_ERROR=0x%X - %s
[11:32:17] [error] vge: %s(%d) : GL_CORE_ERROR=0x%X - %s
[11:32:17] [error] vge: %s(%d) : GL_CORE_ERROR=0x%X - %s
[11:32:17] [error] vge: %s(%d) : GL_CORE_ERROR=0x%X - %s
[11:32:17] [error] vge: %s(%d) : GL_CORE_ERROR=0x%X - %s
[11:32:17] [error] vge: %s(%d) : GL_CORE_ERROR=0x%X - %s
[11:32:17] [error] vge: %s(%d) : GL_CORE_ERROR=0x%X - %s
[11:32:17] [error] vge: %s(%d) : GL_CORE_ERROR=0x%X - %s
[11:32:17] [error] vge: %s(%d) : GL_CORE_ERROR=0x%X - %s
[11:32:17] [error] vge: %s(%d) : GL_CORE_ERROR=0x%X - %s
[11:32:17] [error] vge: %s(%d) : GL_CORE_ERROR=0x%X - %s
[11:32:17] [error] vge: %s(%d) : GL_CORE_ERROR=0x%X - %s
[11:32:17] [error] vge: %s(%d) : GL_CORE_ERROR=0x%X - %s
[11:32:17] [error] vge: %s(%d) : GL_CORE_ERROR=0x%X - %s
[11:32:17] [error] vge: %s(%d) : GL_CORE_ERROR=0x%X - %s
[11:32:17] [error] vge: %s(%d) : GL_CORE_ERROR=0x%X - %s
[11:32:17] [error] vge: %s(%d) : GL_CORE_ERROR=0x%X - %s
[11:32:17] [error] vge: %s(%d) : GL_CORE_ERROR=0x%X - %s
[11:32:17] [error] vge: %s(%d) : GL_CORE_ERROR=0x%X - %s
[11:32:17] [error] vge: %s(%d) : GL_CORE_ERROR=0x%X - %s
[11:32:17] [error] vge: %s(%d) : GL_CORE_ERROR=0x%X - %s
[11:32:17] [error] vge: %s(%d) : GL_CORE_ERROR=0x%X - %s
[11:32:17] [error] vge: %s(%d) : GL_CORE_ERROR=0x%X - %s
[11:32:17] [error] vge: %s(%d) : GL_CORE_ERROR=0x%X - %s
[11:32:17] [error] vge: %s(%d) : GL_CORE_ERROR=0x%X - %s
[11:32:17] [error] vge: %s(%d) : GL_CORE_ERROR=0x%X - %s
[11:32:17] [error] vge: %s(%d) : GL_CORE_ERROR=0x%X - %s
[11:32:17] [error] vge: %s(%d) : GL_CORE_ERROR=0x%X - %s
[11:32:17] [error] vge: %s(%d) : GL_CORE_ERROR=0x%X - %s
[11:32:17] [error] vge: %s(%d) : GL_CORE_ERROR=0x%X - %s
[11:32:17] [error] vge: %s(%d) : GL_CORE_ERROR=0x%X - %s
[11:32:17] [error] vge: %s(%d) : GL_CORE_ERROR=0x%X - %s
[11:32:17] [error] vge: %s(%d) : GL_CORE_ERROR=0x%X - %s
[11:32:17] [error] vge: %s(%d) : GL_CORE_ERROR=0x%X - %s
[11:32:17] [error] vge: %s(%d) : GL_CORE_ERROR=0x%X - %s
[11:32:17] [error] vge: %s(%d) : GL_CORE_ERROR=0x%X - %s
[11:32:17] [error] vge: %s(%d) : GL_CORE_ERROR=0x%X - %s
[11:32:17] [error] vge: %s(%d) : GL_CORE_ERROR=0x%X - %s
[11:32:17] [error] vge: %s(%d) : GL_CORE_ERROR=0x%X - %s
[11:32:17] [error] vge: %s(%d) : GL_CORE_ERROR=0x%X - %s
[11:32:17] [error] vge: %s(%d) : GL_CORE_ERROR=0x%X - %s
[11:32:17] [error] vge: %s(%d) : GL_CORE_ERROR=0x%X - %s
[11:32:17] [error] vge: %s(%d) : GL_CORE_ERROR=0x%X - %s
[11:32:17] [error] vge: %s(%d) : GL_CORE_ERROR=0x%X - %s
[11:32:17] [error] vge: %s(%d) : GL_CORE_ERROR=0x%X - %s
[11:32:17] [error] vge: %s(%d) : GL_CORE_ERROR=0x%X - %s
[11:32:17] [error] vge: %s(%d) : GL_CORE_ERROR=0x%X - %s
[11:32:17] [error] vge: %s(%d) : GL_CORE_ERROR=0x%X - %s
[11:32:17] [error] vge: %s(%d) : GL_CORE_ERROR=0x%X - %s
[11:32:17] [error] vge: %s(%d) : GL_CORE_ERROR=0x%X - %s
[11:32:17] [error] vge: %s(%d) : GL_CORE_ERROR=0x%X - %s
[11:32:17] [error] vge: %s(%d) : GL_CORE_ERROR=0x%X - %s
[11:32:17] [error] vge: %s(%d) : GL_CORE_ERROR=0x%X - %s
[11:32:17] [error] vge: %s(%d) : GL_CORE_ERROR=0x%X - %s
[11:32:17] [error] vge: %s(%d) : GL_CORE_ERROR=0x%X - %s
[11:32:17] [error] vge: %s(%d) : GL_CORE_ERROR=0x%X - %s
[11:32:17] [error] vge: %s(%d) : GL_CORE_ERROR=0x%X - %s
[11:32:17] [error] vge: %s(%d) : GL_CORE_ERROR=0x%X - %s
[11:32:17] [error] vge: %s(%d) : GL_CORE_ERROR=0x%X - %s
[11:32:17] [error] vge: %s(%d) : GL_CORE_ERROR=0x%X - %s
[11:32:17] [error] vge: %s(%d) : GL_CORE_ERROR=0x%X - %s
[11:32:17] [error] vge: %s(%d) : GL_CORE_ERROR=0x%X - %s
[11:32:17] [error] vge: %s(%d) : GL_CORE_ERROR=0x%X - %s
[11:32:17] [error] vge: %s(%d) : GL_CORE_ERROR=0x%X - %s
[11:32:17] [error] vge: %s(%d) : GL_CORE_ERROR=0x%X - %s
[11:32:17] [error] vge: %s(%d) : GL_CORE_ERROR=0x%X - %s
[11:32:17] [error] vge: %s(%d) : GL_CORE_ERROR=0x%X - %s
[11:32:17] [error] vge: %s(%d) : GL_CORE_ERROR=0x%X - %s
[11:32:17] [error] vge: %s(%d) : GL_CORE_ERROR=0x%X - %s
[11:32:17] [error] vge: %s(%d) : GL_CORE_ERROR=0x%X - %s
[11:32:17] [error] vge: %s(%d) : GL_CORE_ERROR=0x%X - %s
[11:32:17] [error] vge: %s(%d) : GL_CORE_ERROR=0x%X - %s
[11:32:17] [error] vge: %s(%d) : GL_CORE_ERROR=0x%X - %s
[11:32:17] [error] vge: %s(%d) : GL_CORE_ERROR=0x%X - %s
[11:32:17] [error] vge: %s(%d) : GL_CORE_ERROR=0x%X - %s
[11:32:17] [error] vge: %s(%d) : GL_CORE_ERROR=0x%X - %s
[11:32:17] [error] vge: %s(%d) : GL_CORE_ERROR=0x%X - %s
[11:32:17] [error] vge: %s(%d) : GL_CORE_ERROR=0x%X - %s
[11:32:17] [error] vge: %s(%d) : GL_CORE_ERROR=0x%X - %s
[11:32:17] [error] vge: %s(%d) : GL_CORE_ERROR=0x%X - %s
[11:32:17] [error] vge: %s(%d) : GL_CORE_ERROR=0x%X - %s
[11:32:17] [error] vge: %s(%d) : GL_CORE_ERROR=0x%X - %s
[11:32:17] [error] vge: %s(%d) : GL_CORE_ERROR=0x%X - %s
[11:32:17] [error] vge: %s(%d) : GL_CORE_ERROR=0x%X - %s
[11:32:17] [error] vge: %s(%d) : GL_CORE_ERROR=0x%X - %s
[11:32:17] [error] vge: %s(%d) : GL_CORE_ERROR=0x%X - %s
[11:32:17] [error] vge: %s(%d) : GL_CORE_ERROR=0x%X - %s
[11:32:17] [error] vge: %s(%d) : GL_CORE_ERROR=0x%X - %s
[11:32:17] [error] vge: %s(%d) : GL_CORE_ERROR=0x%X - %s
[11:32:18] [error] vge: %s(%d) : GL_CORE_ERROR=0x%X - %s
[11:32:18] [error] vge: %s(%d) : GL_CORE_ERROR=0x%X - %s
[11:32:18] [error] vge: %s(%d) : GL_CORE_ERROR=0x%X - %s
[11:32:18] [error] vge: %s(%d) : GL_CORE_ERROR=0x%X - %s
[11:32:18] [error] vge: %s(%d) : GL_CORE_ERROR=0x%X - %s
[11:32:18] [error] vge: %s(%d) : GL_CORE_ERROR=0x%X - %s
[11:32:18] [error] vge: %s(%d) : GL_CORE_ERROR=0x%X - %s
[11:32:18] [error] vge: %s(%d) : GL_CORE_ERROR=0x%X - %s
[11:32:18] [error] vge: %s(%d) : GL_CORE_ERROR=0x%X - %s
[11:32:18] [error] vge: %s(%d) : GL_CORE_ERROR=0x%X - %s
[11:32:18] [error] vge: %s(%d) : GL_CORE_ERROR=0x%X - %s
[11:32:18] [error] vge: %s(%d) : GL_CORE_ERROR=0x%X - %s
[11:32:18] [error] vge: %s(%d) : GL_CORE_ERROR=0x%X - %s
[11:32:18] [error] vge: %s(%d) : GL_CORE_ERROR=0x%X - %s
[11:32:18] [error] vge: %s(%d) : GL_CORE_ERROR=0x%X - %s
[11:32:18] [error] vge: %s(%d) : GL_CORE_ERROR=0x%X - %s
[11:32:18] [error] vge: %s(%d) : GL_CORE_ERROR=0x%X - %s
[11:32:18] [error] vge: %s(%d) : GL_CORE_ERROR=0x%X - %s
[11:32:18] [error] vge: %s(%d) : GL_CORE_ERROR=0x%X - %s
[11:32:18] [error] vge: %s(%d) : GL_CORE_ERROR=0x%X - %s
[11:32:18] [error] vge: %s(%d) : GL_CORE_ERROR=0x%X - %s
[11:32:18] [error] vge: %s(%d) : GL_CORE_ERROR=0x%X - %s
[11:32:18] [error] vge: %s(%d) : GL_CORE_ERROR=0x%X - %s
[11:32:18] [error] vge: %s(%d) : GL_CORE_ERROR=0x%X - %s
[11:32:18] [error] vge: %s(%d) : GL_CORE_ERROR=0x%X - %s
[11:32:18] [error] vge: %s(%d) : GL_CORE_ERROR=0x%X - %s
[11:32:18] [error] vge: %s(%d) : GL_CORE_ERROR=0x%X - %s
[11:32:18] [error] vge: %s(%d) : GL_CORE_ERROR=0x%X - %s
[11:32:18] [error] vge: %s(%d) : GL_CORE_ERROR=0x%X - %s
[11:32:18] [error] vge: %s(%d) : GL_CORE_ERROR=0x%X - %s
[11:32:18] [error] vge: %s(%d) : GL_CORE_ERROR=0x%X - %s
[11:32:18] [error] vge: %s(%d) : GL_CORE_ERROR=0x%X - %s
[11:32:18] [error] vge: %s(%d) : GL_CORE_ERROR=0x%X - %s
[11:32:18] [error] vge: %s(%d) : GL_CORE_ERROR=0x%X - %s
[11:32:18] [error] vge: %s(%d) : GL_CORE_ERROR=0x%X - %s
[11:32:18] [error] vge: %s(%d) : GL_CORE_ERROR=0x%X - %s
[11:32:18] [error] vge: %s(%d) : GL_CORE_ERROR=0x%X - %s
[11:32:18] [error] vge: %s(%d) : GL_CORE_ERROR=0x%X - %s
[11:32:18] [error] vge: %s(%d) : GL_CORE_ERROR=0x%X - %s
[11:32:18] [error] vge: %s(%d) : GL_CORE_ERROR=0x%X - %s
[11:32:18] [error] vge: %s(%d) : GL_CORE_ERROR=0x%X - %s
[11:32:18] [error] vge: %s(%d) : GL_CORE_ERROR=0x%X - %s
[11:32:18] [error] vge: %s(%d) : GL_CORE_ERROR=0x%X - %s
[11:32:18] [error] vge: %s(%d) : GL_CORE_ERROR=0x%X - %s
[11:32:18] [error] vge: %s(%d) : GL_CORE_ERROR=0x%X - %s
[11:32:18] [error] vge: %s(%d) : GL_CORE_ERROR=0x%X - %s
[11:32:18] [error] vge: %s(%d) : GL_CORE_ERROR=0x%X - %s
[11:32:18] [error] vge: %s(%d) : GL_CORE_ERROR=0x%X - %s
[11:32:18] [error] vge: %s(%d) : GL_CORE_ERROR=0x%X - %s
[11:32:18] [error] vge: %s(%d) : GL_CORE_ERROR=0x%X - %s
[11:32:18] [error] vge: %s(%d) : GL_CORE_ERROR=0x%X - %s
[11:32:18] [error] vge: %s(%d) : GL_CORE_ERROR=0x%X - %s
[11:32:18] [error] vge: %s(%d) : GL_CORE_ERROR=0x%X - %s
[11:32:18] [error] vge: %s(%d) : GL_CORE_ERROR=0x%X - %s
[11:32:18] [error] vge: %s(%d) : GL_CORE_ERROR=0x%X - %s
[11:32:18] [error] vge: %s(%d) : GL_CORE_ERROR=0x%X - %s
[11:32:18] [error] vge: %s(%d) : GL_CORE_ERROR=0x%X - %s
[11:32:18] [error] vge: %s(%d) : GL_CORE_ERROR=0x%X - %s
[11:32:18] [error] vge: %s(%d) : GL_CORE_ERROR=0x%X - %s
[11:32:18] [error] vge: %s(%d) : GL_CORE_ERROR=0x%X - %s
[11:32:18] [error] vge: %s(%d) : GL_CORE_ERROR=0x%X - %s
[11:32:18] [error] vge: %s(%d) : GL_CORE_ERROR=0x%X - %s
[11:32:18] [error] vge: %s(%d) : GL_CORE_ERROR=0x%X - %s
[11:32:18] [error] vge: %s(%d) : GL_CORE_ERROR=0x%X - %s
[11:32:18] [error] vge: %s(%d) : GL_CORE_ERROR=0x%X - %s
[11:32:18] [error] vge: %s(%d) : GL_CORE_ERROR=0x%X - %s
[11:32:18] [error] vge: %s(%d) : GL_CORE_ERROR=0x%X - %s
[11:32:18] [error] vge: %s(%d) : GL_CORE_ERROR=0x%X - %s
[11:32:18] [error] vge: %s(%d) : GL_CORE_ERROR=0x%X - %s
[11:32:18] [error] vge: %s(%d) : GL_CORE_ERROR=0x%X - %s
[11:32:18] [error] vge: %s(%d) : GL_CORE_ERROR=0x%X - %s
[11:32:18] [error] vge: %s(%d) : GL_CORE_ERROR=0x%X - %s
[11:32:18] [error] vge: %s(%d) : GL_CORE_ERROR=0x%X - %s
[11:32:18] [error] vge: %s(%d) : GL_CORE_ERROR=0x%X - %s
[11:32:18] [error] vge: %s(%d) : GL_CORE_ERROR=0x%X - %s
[11:32:18] [error] vge: %s(%d) : GL_CORE_ERROR=0x%X - %s
[11:32:18] [error] vge: %s(%d) : GL_CORE_ERROR=0x%X - %s
[11:32:18] [error] vge: %s(%d) : GL_CORE_ERROR=0x%X - %s
[11:32:18] [error] vge: %s(%d) : GL_CORE_ERROR=0x%X - %s
[11:32:18] [error] vge: %s(%d) : GL_CORE_ERROR=0x%X - %s
[11:32:18] [error] vge: %s(%d) : GL_CORE_ERROR=0x%X - %s
[11:32:18] [error] vge: %s(%d) : GL_CORE_ERROR=0x%X - %s
[11:32:18] [error] vge: %s(%d) : GL_CORE_ERROR=0x%X - %s
[11:32:18] [error] vge: %s(%d) : GL_CORE_ERROR=0x%X - %s
[11:32:18] [error] vge: %s(%d) : GL_CORE_ERROR=0x%X - %s
[11:32:18] [error] vge: %s(%d) : GL_CORE_ERROR=0x%X - %s
[11:32:18] [error] vge: %s(%d) : GL_CORE_ERROR=0x%X - %s
[11:32:18] [error] vge: %s(%d) : GL_CORE_ERROR=0x%X - %s
[11:32:18] [error] vge: %s(%d) : GL_CORE_ERROR=0x%X - %s
[11:32:19] [error] vge: %s(%d) : GL_CORE_ERROR=0x%X - %s
[11:32:19] [error] vge: %s(%d) : GL_CORE_ERROR=0x%X - %s
[11:32:19] [error] vge: %s(%d) : GL_CORE_ERROR=0x%X - %s
[11:32:19] [error] vge: %s(%d) : GL_CORE_ERROR=0x%X - %s
[11:32:19] [error] vge: %s(%d) : GL_CORE_ERROR=0x%X - %s
[11:32:19] [error] vge: %s(%d) : GL_CORE_ERROR=0x%X - %s
[11:32:19] [error] vge: %s(%d) : GL_CORE_ERROR=0x%X - %s
[11:32:19] [error] vge: %s(%d) : GL_CORE_ERROR=0x%X - %s
[11:32:19] [error] vge: %s(%d) : GL_CORE_ERROR=0x%X - %s
[11:32:19] [error] vge: %s(%d) : GL_CORE_ERROR=0x%X - %s
[11:32:19] [error] vge: %s(%d) : GL_CORE_ERROR=0x%X - %s
[11:32:19] [error] vge: %s(%d) : GL_CORE_ERROR=0x%X - %s
[11:32:19] [error] vge: %s(%d) : GL_CORE_ERROR=0x%X - %s
[11:32:19] [error] vge: %s(%d) : GL_CORE_ERROR=0x%X - %s
[11:32:19] [error] vge: %s(%d) : GL_CORE_ERROR=0x%X - %s
[11:32:19] [error] vge: %s(%d) : GL_CORE_ERROR=0x%X - %s
[11:32:19] [error] vge: %s(%d) : GL_CORE_ERROR=0x%X - %s
[11:32:19] [error] vge: %s(%d) : GL_CORE_ERROR=0x%X - %s
[11:32:19] [error] vge: %s(%d) : GL_CORE_ERROR=0x%X - %s
[11:32:19] [error] vge: %s(%d) : GL_CORE_ERROR=0x%X - %s
[11:32:19] [error] vge: %s(%d) : GL_CORE_ERROR=0x%X - %s
[11:32:19] [error] vge: %s(%d) : GL_CORE_ERROR=0x%X - %s
[11:32:19] [error] vge: %s(%d) : GL_CORE_ERROR=0x%X - %s
[11:32:19] [error] vge: %s(%d) : GL_CORE_ERROR=0x%X - %s
[11:32:19] [error] vge: %s(%d) : GL_CORE_ERROR=0x%X - %s
[11:32:19] [error] vge: %s(%d) : GL_CORE_ERROR=0x%X - %s
[11:32:19] [error] vge: %s(%d) : GL_CORE_ERROR=0x%X - %s
[11:32:19] [error] vge: %s(%d) : GL_CORE_ERROR=0x%X - %s
[11:32:19] [error] vge: %s(%d) : GL_CORE_ERROR=0x%X - %s
[11:32:19] [error] vge: %s(%d) : GL_CORE_ERROR=0x%X - %s
[11:32:19] [error] vge: %s(%d) : GL_CORE_ERROR=0x%X - %s
[11:32:19] [error] vge: %s(%d) : GL_CORE_ERROR=0x%X - %s
[11:32:19] [error] vge: %s(%d) : GL_CORE_ERROR=0x%X - %s
[11:32:19] [error] vge: %s(%d) : GL_CORE_ERROR=0x%X - %s
[11:32:19] [error] vge: %s(%d) : GL_CORE_ERROR=0x%X - %s
[11:32:19] [error] vge: %s(%d) : GL_CORE_ERROR=0x%X - %s
[11:32:19] [error] vge: %s(%d) : GL_CORE_ERROR=0x%X - %s
[11:32:19] [error] vge: %s(%d) : GL_CORE_ERROR=0x%X - %s
[11:32:19] [error] vge: %s(%d) : GL_CORE_ERROR=0x%X - %s
[11:32:19] [error] vge: %s(%d) : GL_CORE_ERROR=0x%X - %s
[11:32:19] [error] vge: %s(%d) : GL_CORE_ERROR=0x%X - %s
[11:32:19] [error] vge: %s(%d) : GL_CORE_ERROR=0x%X - %s
[11:32:19] [error] vge: %s(%d) : GL_CORE_ERROR=0x%X - %s
[11:32:19] [error] vge: %s(%d) : GL_CORE_ERROR=0x%X - %s
[11:32:19] [error] vge: %s(%d) : GL_CORE_ERROR=0x%X - %s
[11:32:19] [error] vge: %s(%d) : GL_CORE_ERROR=0x%X - %s
[11:32:19] [error] vge: %s(%d) : GL_CORE_ERROR=0x%X - %s
[11:32:19] [error] vge: %s(%d) : GL_CORE_ERROR=0x%X - %s
[11:32:19] [error] vge: %s(%d) : GL_CORE_ERROR=0x%X - %s
[11:32:19] [error] vge: %s(%d) : GL_CORE_ERROR=0x%X - %s
[11:32:19] [error] vge: %s(%d) : GL_CORE_ERROR=0x%X - %s
[11:32:19] [error] vge: %s(%d) : GL_CORE_ERROR=0x%X - %s
[11:32:19] [error] vge: %s(%d) : GL_CORE_ERROR=0x%X - %s
[11:32:19] [error] vge: %s(%d) : GL_CORE_ERROR=0x%X - %s
[11:32:19] [error] vge: %s(%d) : GL_CORE_ERROR=0x%X - %s
[11:32:19] [error] vge: %s(%d) : GL_CORE_ERROR=0x%X - %s
[11:32:19] [error] vge: %s(%d) : GL_CORE_ERROR=0x%X - %s
[11:32:19] [error] vge: %s(%d) : GL_CORE_ERROR=0x%X - %s
[11:32:19] [error] vge: %s(%d) : GL_CORE_ERROR=0x%X - %s
[11:32:19] [error] vge: %s(%d) : GL_CORE_ERROR=0x%X - %s
[11:32:19] [error] vge: %s(%d) : GL_CORE_ERROR=0x%X - %s
[11:32:19] [error] vge: %s(%d) : GL_CORE_ERROR=0x%X - %s
[11:32:19] [error] vge: %s(%d) : GL_CORE_ERROR=0x%X - %s
[11:32:19] [error] vge: %s(%d) : GL_CORE_ERROR=0x%X - %s
[11:32:19] [error] vge: %s(%d) : GL_CORE_ERROR=0x%X - %s
[11:32:19] [error] vge: %s(%d) : GL_CORE_ERROR=0x%X - %s
[11:32:19] [error] vge: %s(%d) : GL_CORE_ERROR=0x%X - %s
[11:32:19] [error] vge: %s(%d) : GL_CORE_ERROR=0x%X - %s
[11:32:19] [error] vge: %s(%d) : GL_CORE_ERROR=0x%X - %s
[11:32:19] [error] vge: %s(%d) : GL_CORE_ERROR=0x%X - %s
[11:32:19] [error] vge: %s(%d) : GL_CORE_ERROR=0x%X - %s
[11:32:19] [error] vge: %s(%d) : GL_CORE_ERROR=0x%X - %s
[11:32:19] [error] vge: %s(%d) : GL_CORE_ERROR=0x%X - %s
[11:32:19] [error] vge: %s(%d) : GL_CORE_ERROR=0x%X - %s
[11:32:19] [error] vge: %s(%d) : GL_CORE_ERROR=0x%X - %s
[11:32:19] [error] vge: %s(%d) : GL_CORE_ERROR=0x%X - %s
[11:32:19] [error] vge: %s(%d) : GL_CORE_ERROR=0x%X - %s
[11:32:19] [error] vge: %s(%d) : GL_CORE_ERROR=0x%X - %s
[11:32:19] [error] vge: %s(%d) : GL_CORE_ERROR=0x%X - %s
[11:32:19] [error] vge: %s(%d) : GL_CORE_ERROR=0x%X - %s
[11:32:19] [error] vge: %s(%d) : GL_CORE_ERROR=0x%X - %s
[11:32:19] [error] vge: %s(%d) : GL_CORE_ERROR=0x%X - %s
[11:32:19] [error] vge: %s(%d) : GL_CORE_ERROR=0x%X - %s
[11:32:20] [error] vge: %s(%d) : GL_CORE_ERROR=0x%X - %s
[11:32:20] [error] vge: %s(%d) : GL_CORE_ERROR=0x%X - %s
[11:32:20] [error] vge: %s(%d) : GL_CORE_ERROR=0x%X - %s
[11:32:20] [error] vge: %s(%d) : GL_CORE_ERROR=0x%X - %s
[11:32:20] [error] vge: %s(%d) : GL_CORE_ERROR=0x%X - %s
[11:32:20] [error] vge: %s(%d) : GL_CORE_ERROR=0x%X - %s
[11:32:20] [error] vge: %s(%d) : GL_CORE_ERROR=0x%X - %s
[11:32:20] [error] vge: %s(%d) : GL_CORE_ERROR=0x%X - %s
[11:32:20] [error] vge: %s(%d) : GL_CORE_ERROR=0x%X - %s
[11:32:20] [error] vge: %s(%d) : GL_CORE_ERROR=0x%X - %s
[11:32:20] [error] vge: %s(%d) : GL_CORE_ERROR=0x%X - %s
[11:32:20] [error] vge: %s(%d) : GL_CORE_ERROR=0x%X - %s
[11:32:20] [error] vge: %s(%d) : GL_CORE_ERROR=0x%X - %s
[11:32:20] [error] vge: %s(%d) : GL_CORE_ERROR=0x%X - %s
[11:32:20] [error] vge: %s(%d) : GL_CORE_ERROR=0x%X - %s
[11:32:20] [error] vge: %s(%d) : GL_CORE_ERROR=0x%X - %s
[11:32:20] [error] vge: %s(%d) : GL_CORE_ERROR=0x%X - %s
[11:32:20] [error] vge: %s(%d) : GL_CORE_ERROR=0x%X - %s
[11:32:20] [error] vge: %s(%d) : GL_CORE_ERROR=0x%X - %s
[11:32:20] [error] vge: %s(%d) : GL_CORE_ERROR=0x%X - %s
[11:32:20] [error] vge: %s(%d) : GL_CORE_ERROR=0x%X - %s
[11:32:20] [error] vge: %s(%d) : GL_CORE_ERROR=0x%X - %s
[11:32:20] [error] vge: %s(%d) : GL_CORE_ERROR=0x%X - %s
[11:32:20] [error] vge: %s(%d) : GL_CORE_ERROR=0x%X - %s
[11:32:20] [error] vge: %s(%d) : GL_CORE_ERROR=0x%X - %s
[11:32:20] [error] vge: %s(%d) : GL_CORE_ERROR=0x%X - %s
[11:32:20] [error] vge: %s(%d) : GL_CORE_ERROR=0x%X - %s
[11:32:20] [error] vge: %s(%d) : GL_CORE_ERROR=0x%X - %s
[11:32:20] [error] vge: %s(%d) : GL_CORE_ERROR=0x%X - %s
[11:32:20] [error] vge: %s(%d) : GL_CORE_ERROR=0x%X - %s
[11:32:20] [error] vge: %s(%d) : GL_CORE_ERROR=0x%X - %s
[11:32:20] [error] vge: %s(%d) : GL_CORE_ERROR=0x%X - %s
[11:32:20] [error] vge: %s(%d) : GL_CORE_ERROR=0x%X - %s
[11:32:20] [error] vge: %s(%d) : GL_CORE_ERROR=0x%X - %s
[11:32:20] [error] vge: %s(%d) : GL_CORE_ERROR=0x%X - %s
[11:32:20] [error] vge: %s(%d) : GL_CORE_ERROR=0x%X - %s
[11:32:20] [error] vge: %s(%d) : GL_CORE_ERROR=0x%X - %s
[11:32:20] [error] vge: %s(%d) : GL_CORE_ERROR=0x%X - %s
[11:32:20] [error] vge: %s(%d) : GL_CORE_ERROR=0x%X - %s
[11:32:20] [error] vge: %s(%d) : GL_CORE_ERROR=0x%X - %s
[11:32:20] [error] vge: %s(%d) : GL_CORE_ERROR=0x%X - %s
[11:32:20] [error] vge: %s(%d) : GL_CORE_ERROR=0x%X - %s
[11:32:20] [error] vge: %s(%d) : GL_CORE_ERROR=0x%X - %s
[11:32:20] [error] vge: %s(%d) : GL_CORE_ERROR=0x%X - %s
[11:32:20] [error] vge: %s(%d) : GL_CORE_ERROR=0x%X - %s
[11:32:20] [error] vge: %s(%d) : GL_CORE_ERROR=0x%X - %s
[11:32:20] [error] vge: %s(%d) : GL_CORE_ERROR=0x%X - %s
[11:32:20] [error] vge: %s(%d) : GL_CORE_ERROR=0x%X - %s
[11:32:20] [error] vge: %s(%d) : GL_CORE_ERROR=0x%X - %s
[11:32:20] [error] vge: %s(%d) : GL_CORE_ERROR=0x%X - %s
[11:32:20] [error] vge: %s(%d) : GL_CORE_ERROR=0x%X - %s
[11:32:20] [error] vge: %s(%d) : GL_CORE_ERROR=0x%X - %s
[11:32:20] [error] vge: %s(%d) : GL_CORE_ERROR=0x%X - %s
[11:32:20] [error] vge: %s(%d) : GL_CORE_ERROR=0x%X - %s
[11:32:20] [error] vge: %s(%d) : GL_CORE_ERROR=0x%X - %s
[11:32:20] [error] vge: %s(%d) : GL_CORE_ERROR=0x%X - %s
[11:32:20] [error] vge: %s(%d) : GL_CORE_ERROR=0x%X - %s
[11:32:20] [error] vge: %s(%d) : GL_CORE_ERROR=0x%X - %s
[11:32:20] [error] vge: %s(%d) : GL_CORE_ERROR=0x%X - %s
[11:32:20] [error] vge: %s(%d) : GL_CORE_ERROR=0x%X - %s
[11:32:20] [error] vge: %s(%d) : GL_CORE_ERROR=0x%X - %s
[11:32:20] [error] vge: %s(%d) : GL_CORE_ERROR=0x%X - %s
[11:32:20] [error] vge: %s(%d) : GL_CORE_ERROR=0x%X - %s
[11:32:20] [error] vge: %s(%d) : GL_CORE_ERROR=0x%X - %s
[11:32:20] [error] vge: %s(%d) : GL_CORE_ERROR=0x%X - %s
[11:32:20] [error] vge: %s(%d) : GL_CORE_ERROR=0x%X - %s
[11:32:20] [error] vge: %s(%d) : GL_CORE_ERROR=0x%X - %s
[11:32:20] [error] vge: %s(%d) : GL_CORE_ERROR=0x%X - %s
[11:32:20] [error] vge: %s(%d) : GL_CORE_ERROR=0x%X - %s
[11:32:20] [error] vge: %s(%d) : GL_CORE_ERROR=0x%X - %s
[11:32:20] [error] vge: %s(%d) : GL_CORE_ERROR=0x%X - %s
[11:32:20] [error] vge: %s(%d) : GL_CORE_ERROR=0x%X - %s
[11:32:20] [error] vge: %s(%d) : GL_CORE_ERROR=0x%X - %s
[11:32:20] [error] vge: %s(%d) : GL_CORE_ERROR=0x%X - %s
[11:32:20] [error] vge: %s(%d) : GL_CORE_ERROR=0x%X - %s
[11:32:20] [error] vge: %s(%d) : GL_CORE_ERROR=0x%X - %s
[11:32:20] [error] vge: %s(%d) : GL_CORE_ERROR=0x%X - %s
[11:32:20] [error] vge: %s(%d) : GL_CORE_ERROR=0x%X - %s
[11:32:20] [error] vge: %s(%d) : GL_CORE_ERROR=0x%X - %s
[11:32:20] [error] vge: %s(%d) : GL_CORE_ERROR=0x%X - %s
[11:32:20] [error] vge: %s(%d) : GL_CORE_ERROR=0x%X - %s
[11:32:20] [error] vge: %s(%d) : GL_CORE_ERROR=0x%X - %s
[11:32:20] [error] vge: %s(%d) : GL_CORE_ERROR=0x%X - %s
[11:32:20] [error] vge: %s(%d) : GL_CORE_ERROR=0x%X - %s
[11:32:20] [error] vge: %s(%d) : GL_CORE_ERROR=0x%X - %s
[11:32:20] [error] vge: %s(%d) : GL_CORE_ERROR=0x%X - %s
[11:32:20] [error] vge: %s(%d) : GL_CORE_ERROR=0x%X - %s
[11:32:20] [error] vge: %s(%d) : GL_CORE_ERROR=0x%X - %s
[11:32:20] [error] vge: %s(%d) : GL_CORE_ERROR=0x%X - %s
[11:32:20] [error] vge: %s(%d) : GL_CORE_ERROR=0x%X - %s
[11:32:21] [error] vge: %s(%d) : GL_CORE_ERROR=0x%X - %s
[11:32:21] [error] vge: %s(%d) : GL_CORE_ERROR=0x%X - %s
[11:32:21] [error] vge: %s(%d) : GL_CORE_ERROR=0x%X - %s
[11:32:21] [error] vge: %s(%d) : GL_CORE_ERROR=0x%X - %s
[11:32:21] [error] vge: %s(%d) : GL_CORE_ERROR=0x%X - %s
[11:32:21] [error] vge: %s(%d) : GL_CORE_ERROR=0x%X - %s
[11:32:21] [error] vge: %s(%d) : GL_CORE_ERROR=0x%X - %s
[11:32:21] [error] vge: %s(%d) : GL_CORE_ERROR=0x%X - %s
[11:32:21] [error] vge: %s(%d) : GL_CORE_ERROR=0x%X - %s
[11:32:21] [error] vge: %s(%d) : GL_CORE_ERROR=0x%X - %s
[11:32:21] [error] vge: %s(%d) : GL_CORE_ERROR=0x%X - %s
[11:32:21] [error] vge: %s(%d) : GL_CORE_ERROR=0x%X - %s
[11:32:21] [error] vge: %s(%d) : GL_CORE_ERROR=0x%X - %s
[11:32:21] [error] vge: %s(%d) : GL_CORE_ERROR=0x%X - %s
[11:32:21] [error] vge: %s(%d) : GL_CORE_ERROR=0x%X - %s
[11:32:21] [error] vge: %s(%d) : GL_CORE_ERROR=0x%X - %s
[11:32:21] [error] vge: %s(%d) : GL_CORE_ERROR=0x%X - %s
[11:32:21] [error] vge: %s(%d) : GL_CORE_ERROR=0x%X - %s
[11:32:21] [error] vge: %s(%d) : GL_CORE_ERROR=0x%X - %s
[11:32:21] [error] vge: %s(%d) : GL_CORE_ERROR=0x%X - %s
[11:32:21] [error] vge: %s(%d) : GL_CORE_ERROR=0x%X - %s
[11:32:21] [error] vge: %s(%d) : GL_CORE_ERROR=0x%X - %s
[11:32:21] [error] vge: %s(%d) : GL_CORE_ERROR=0x%X - %s
[11:32:21] [error] vge: %s(%d) : GL_CORE_ERROR=0x%X - %s
[11:32:21] [error] vge: %s(%d) : GL_CORE_ERROR=0x%X - %s
[11:32:21] [error] vge: %s(%d) : GL_CORE_ERROR=0x%X - %s
[11:32:21] [error] vge: %s(%d) : GL_CORE_ERROR=0x%X - %s
[11:32:21] [error] vge: %s(%d) : GL_CORE_ERROR=0x%X - %s
[11:32:21] [error] vge: %s(%d) : GL_CORE_ERROR=0x%X - %s
[11:32:21] [error] vge: %s(%d) : GL_CORE_ERROR=0x%X - %s
[11:32:21] [error] vge: %s(%d) : GL_CORE_ERROR=0x%X - %s
[11:32:21] [error] vge: %s(%d) : GL_CORE_ERROR=0x%X - %s
[11:32:21] [error] vge: %s(%d) : GL_CORE_ERROR=0x%X - %s
[11:32:21] [error] vge: %s(%d) : GL_CORE_ERROR=0x%X - %s
[11:32:21] [error] vge: %s(%d) : GL_CORE_ERROR=0x%X - %s
[11:32:21] [error] vge: %s(%d) : GL_CORE_ERROR=0x%X - %s
[11:32:21] [error] vge: %s(%d) : GL_CORE_ERROR=0x%X - %s
[11:32:21] [error] vge: %s(%d) : GL_CORE_ERROR=0x%X - %s
[11:32:21] [error] vge: %s(%d) : GL_CORE_ERROR=0x%X - %s
[11:32:21] [error] vge: %s(%d) : GL_CORE_ERROR=0x%X - %s
[11:32:21] [error] vge: %s(%d) : GL_CORE_ERROR=0x%X - %s
[11:32:21] [error] vge: %s(%d) : GL_CORE_ERROR=0x%X - %s
[11:32:21] [error] vge: %s(%d) : GL_CORE_ERROR=0x%X - %s
[11:32:21] [error] vge: %s(%d) : GL_CORE_ERROR=0x%X - %s
[11:32:21] [error] vge: %s(%d) : GL_CORE_ERROR=0x%X - %s
[11:32:21] [error] vge: %s(%d) : GL_CORE_ERROR=0x%X - %s
[11:32:21] [error] vge: %s(%d) : GL_CORE_ERROR=0x%X - %s
[11:32:21] [error] vge: %s(%d) : GL_CORE_ERROR=0x%X - %s
[11:32:21] [error] vge: %s(%d) : GL_CORE_ERROR=0x%X - %s
[11:32:21] [error] vge: %s(%d) : GL_CORE_ERROR=0x%X - %s
[11:32:21] [error] vge: %s(%d) : GL_CORE_ERROR=0x%X - %s
[11:32:21] [error] vge: %s(%d) : GL_CORE_ERROR=0x%X - %s
[11:32:21] [error] vge: %s(%d) : GL_CORE_ERROR=0x%X - %s
[11:32:21] [error] vge: %s(%d) : GL_CORE_ERROR=0x%X - %s
[11:32:21] [error] vge: %s(%d) : GL_CORE_ERROR=0x%X - %s
[11:32:21] [error] vge: %s(%d) : GL_CORE_ERROR=0x%X - %s
[11:32:21] [error] vge: %s(%d) : GL_CORE_ERROR=0x%X - %s
[11:32:21] [error] vge: %s(%d) : GL_CORE_ERROR=0x%X - %s
[11:32:21] [error] vge: %s(%d) : GL_CORE_ERROR=0x%X - %s
[11:32:21] [error] vge: %s(%d) : GL_CORE_ERROR=0x%X - %s
[11:32:21] [error] vge: %s(%d) : GL_CORE_ERROR=0x%X - %s
[11:32:21] [error] vge: %s(%d) : GL_CORE_ERROR=0x%X - %s
[11:32:21] [error] vge: %s(%d) : GL_CORE_ERROR=0x%X - %s
[11:32:21] [error] vge: %s(%d) : GL_CORE_ERROR=0x%X - %s
[11:32:21] [error] vge: %s(%d) : GL_CORE_ERROR=0x%X - %s
[11:32:21] [error] vge: %s(%d) : GL_CORE_ERROR=0x%X - %s
[11:32:21] [error] vge: %s(%d) : GL_CORE_ERROR=0x%X - %s
[11:32:21] [error] vge: %s(%d) : GL_CORE_ERROR=0x%X - %s
[11:32:21] [error] vge: %s(%d) : GL_CORE_ERROR=0x%X - %s
[11:32:21] [error] vge: %s(%d) : GL_CORE_ERROR=0x%X - %s
[11:32:21] [error] vge: %s(%d) : GL_CORE_ERROR=0x%X - %s
[11:32:21] [error] vge: %s(%d) : GL_CORE_ERROR=0x%X - %s
[11:32:21] [error] vge: %s(%d) : GL_CORE_ERROR=0x%X - %s
[11:32:21] [error] vge: %s(%d) : GL_CORE_ERROR=0x%X - %s
[11:32:21] [error] vge: %s(%d) : GL_CORE_ERROR=0x%X - %s
[11:32:21] [error] vge: %s(%d) : GL_CORE_ERROR=0x%X - %s
[11:32:21] [error] vge: %s(%d) : GL_CORE_ERROR=0x%X - %s
[11:32:21] [error] vge: %s(%d) : GL_CORE_ERROR=0x%X - %s
[11:32:21] [error] vge: %s(%d) : GL_CORE_ERROR=0x%X - %s
[11:32:21] [error] vge: %s(%d) : GL_CORE_ERROR=0x%X - %s
[11:32:21] [error] vge: %s(%d) : GL_CORE_ERROR=0x%X - %s
[11:32:21] [error] vge: %s(%d) : GL_CORE_ERROR=0x%X - %s
[11:32:21] [error] vge: %s(%d) : GL_CORE_ERROR=0x%X - %s
[11:32:21] [error] vge: %s(%d) : GL_CORE_ERROR=0x%X - %s
[11:32:21] [error] vge: %s(%d) : GL_CORE_ERROR=0x%X - %s
[11:32:21] [error] vge: %s(%d) : GL_CORE_ERROR=0x%X - %s
[11:32:21] [error] vge: %s(%d) : GL_CORE_ERROR=0x%X - %s
[11:32:21] [error] vge: %s(%d) : GL_CORE_ERROR=0x%X - %s
[11:32:21] [error] vge: %s(%d) : GL_CORE_ERROR=0x%X - %s
[11:32:21] [error] vge: %s(%d) : GL_CORE_ERROR=0x%X - %s
[11:32:22] [error] vge: %s(%d) : GL_CORE_ERROR=0x%X - %s
[11:32:22] [error] vge: %s(%d) : GL_CORE_ERROR=0x%X - %s
[11:32:22] [error] vge: %s(%d) : GL_CORE_ERROR=0x%X - %s
[11:32:22] [error] vge: %s(%d) : GL_CORE_ERROR=0x%X - %s
[11:32:22] [error] vge: %s(%d) : GL_CORE_ERROR=0x%X - %s
[11:32:22] [error] vge: %s(%d) : GL_CORE_ERROR=0x%X - %s
[11:32:22] [error] vge: %s(%d) : GL_CORE_ERROR=0x%X - %s
[11:32:22] [error] vge: %s(%d) : GL_CORE_ERROR=0x%X - %s
[11:32:22] [error] vge: %s(%d) : GL_CORE_ERROR=0x%X - %s
[11:32:22] [error] vge: %s(%d) : GL_CORE_ERROR=0x%X - %s
[11:32:22] [error] vge: %s(%d) : GL_CORE_ERROR=0x%X - %s
[11:32:22] [error] vge: %s(%d) : GL_CORE_ERROR=0x%X - %s
[11:32:22] [error] vge: %s(%d) : GL_CORE_ERROR=0x%X - %s
[11:32:22] [error] vge: %s(%d) : GL_CORE_ERROR=0x%X - %s
[11:32:22] [error] vge: %s(%d) : GL_CORE_ERROR=0x%X - %s
[11:32:22] [error] vge: %s(%d) : GL_CORE_ERROR=0x%X - %s
[11:32:22] [error] vge: %s(%d) : GL_CORE_ERROR=0x%X - %s
[11:32:22] [error] vge: %s(%d) : GL_CORE_ERROR=0x%X - %s
[11:32:22] [error] vge: %s(%d) : GL_CORE_ERROR=0x%X - %s
[11:32:22] [error] vge: %s(%d) : GL_CORE_ERROR=0x%X - %s
[11:32:22] [error] vge: %s(%d) : GL_CORE_ERROR=0x%X - %s
[11:32:22] [error] vge: %s(%d) : GL_CORE_ERROR=0x%X - %s
[11:32:22] [error] vge: %s(%d) : GL_CORE_ERROR=0x%X - %s
[11:32:22] [error] vge: %s(%d) : GL_CORE_ERROR=0x%X - %s
[11:32:22] [error] vge: %s(%d) : GL_CORE_ERROR=0x%X - %s
[11:32:22] [error] vge: %s(%d) : GL_CORE_ERROR=0x%X - %s
[11:32:22] [error] vge: %s(%d) : GL_CORE_ERROR=0x%X - %s
[11:32:22] [error] vge: %s(%d) : GL_CORE_ERROR=0x%X - %s
[11:32:22] [error] vge: %s(%d) : GL_CORE_ERROR=0x%X - %s
[11:32:22] [error] vge: %s(%d) : GL_CORE_ERROR=0x%X - %s
[11:32:22] [error] vge: %s(%d) : GL_CORE_ERROR=0x%X - %s
[11:32:22] [error] vge: %s(%d) : GL_CORE_ERROR=0x%X - %s
[11:32:22] [error] vge: %s(%d) : GL_CORE_ERROR=0x%X - %s
[11:32:22] [error] vge: %s(%d) : GL_CORE_ERROR=0x%X - %s
[11:32:22] [error] vge: %s(%d) : GL_CORE_ERROR=0x%X - %s
[11:32:22] [error] vge: %s(%d) : GL_CORE_ERROR=0x%X - %s
[11:32:22] [error] vge: %s(%d) : GL_CORE_ERROR=0x%X - %s
[11:32:22] [error] vge: %s(%d) : GL_CORE_ERROR=0x%X - %s
[11:32:22] [error] vge: %s(%d) : GL_CORE_ERROR=0x%X - %s
[11:32:22] [error] vge: %s(%d) : GL_CORE_ERROR=0x%X - %s
[11:32:22] [error] vge: %s(%d) : GL_CORE_ERROR=0x%X - %s
[11:32:22] [error] vge: %s(%d) : GL_CORE_ERROR=0x%X - %s
[11:32:22] [error] vge: %s(%d) : GL_CORE_ERROR=0x%X - %s
[11:32:22] [error] vge: %s(%d) : GL_CORE_ERROR=0x%X - %s
[11:32:22] [error] vge: %s(%d) : GL_CORE_ERROR=0x%X - %s
[11:32:22] [error] vge: %s(%d) : GL_CORE_ERROR=0x%X - %s
[11:32:22] [error] vge: %s(%d) : GL_CORE_ERROR=0x%X - %s
[11:32:22] [error] vge: %s(%d) : GL_CORE_ERROR=0x%X - %s
[11:32:22] [error] vge: %s(%d) : GL_CORE_ERROR=0x%X - %s
[11:32:22] [error] vge: %s(%d) : GL_CORE_ERROR=0x%X - %s
[11:32:22] [error] vge: %s(%d) : GL_CORE_ERROR=0x%X - %s
[11:32:22] [error] vge: %s(%d) : GL_CORE_ERROR=0x%X - %s
[11:32:22] [error] vge: %s(%d) : GL_CORE_ERROR=0x%X - %s
[11:32:22] [error] vge: %s(%d) : GL_CORE_ERROR=0x%X - %s
[11:32:22] [error] vge: %s(%d) : GL_CORE_ERROR=0x%X - %s
[11:32:22] [error] vge: %s(%d) : GL_CORE_ERROR=0x%X - %s
[11:32:22] [error] vge: %s(%d) : GL_CORE_ERROR=0x%X - %s
[11:32:22] [error] vge: %s(%d) : GL_CORE_ERROR=0x%X - %s
[11:32:22] [error] vge: %s(%d) : GL_CORE_ERROR=0x%X - %s
[11:32:22] [error] vge: %s(%d) : GL_CORE_ERROR=0x%X - %s
[11:32:22] [error] vge: %s(%d) : GL_CORE_ERROR=0x%X - %s
[11:32:22] [error] vge: %s(%d) : GL_CORE_ERROR=0x%X - %s
[11:32:22] [error] vge: %s(%d) : GL_CORE_ERROR=0x%X - %s
[11:32:22] [error] vge: %s(%d) : GL_CORE_ERROR=0x%X - %s
[11:32:22] [error] vge: %s(%d) : GL_CORE_ERROR=0x%X - %s
[11:32:22] [error] vge: %s(%d) : GL_CORE_ERROR=0x%X - %s
[11:32:22] [error] vge: %s(%d) : GL_CORE_ERROR=0x%X - %s
[11:32:22] [error] vge: %s(%d) : GL_CORE_ERROR=0x%X - %s
[11:32:22] [error] vge: %s(%d) : GL_CORE_ERROR=0x%X - %s
[11:32:22] [error] vge: %s(%d) : GL_CORE_ERROR=0x%X - %s
[11:32:22] [error] vge: %s(%d) : GL_CORE_ERROR=0x%X - %s
[11:32:22] [error] vge: %s(%d) : GL_CORE_ERROR=0x%X - %s
[11:32:22] [error] vge: %s(%d) : GL_CORE_ERROR=0x%X - %s
[11:32:22] [error] vge: %s(%d) : GL_CORE_ERROR=0x%X - %s
[11:32:22] [error] vge: %s(%d) : GL_CORE_ERROR=0x%X - %s
[11:32:22] [error] vge: %s(%d) : GL_CORE_ERROR=0x%X - %s
[11:32:22] [error] vge: %s(%d) : GL_CORE_ERROR=0x%X - %s
[11:32:22] [error] vge: %s(%d) : GL_CORE_ERROR=0x%X - %s
[11:32:22] [error] vge: %s(%d) : GL_CORE_ERROR=0x%X - %s
[11:32:22] [error] vge: %s(%d) : GL_CORE_ERROR=0x%X - %s
[11:32:22] [error] vge: %s(%d) : GL_CORE_ERROR=0x%X - %s
[11:32:22] [error] vge: %s(%d) : GL_CORE_ERROR=0x%X - %s
[11:32:22] [error] vge: %s(%d) : GL_CORE_ERROR=0x%X - %s
[11:32:22] [error] vge: %s(%d) : GL_CORE_ERROR=0x%X - %s
[11:32:22] [error] vge: %s(%d) : GL_CORE_ERROR=0x%X - %s
[11:32:22] [error] vge: %s(%d) : GL_CORE_ERROR=0x%X - %s
[11:32:22] [error] vge: %s(%d) : GL_CORE_ERROR=0x%X - %s
[11:32:22] [error] vge: %s(%d) : GL_CORE_ERROR=0x%X - %s
[11:32:22] [error] vge: %s(%d) : GL_CORE_ERROR=0x%X - %s
[11:32:23] [error] vge: %s(%d) : GL_CORE_ERROR=0x%X - %s
[11:32:23] [error] vge: %s(%d) : GL_CORE_ERROR=0x%X - %s
[11:32:23] [error] vge: %s(%d) : GL_CORE_ERROR=0x%X - %s
[11:32:23] [error] vge: %s(%d) : GL_CORE_ERROR=0x%X - %s
[11:32:23] [error] vge: %s(%d) : GL_CORE_ERROR=0x%X - %s
[11:32:23] [error] vge: %s(%d) : GL_CORE_ERROR=0x%X - %s
[11:32:23] [error] vge: %s(%d) : GL_CORE_ERROR=0x%X - %s
[11:32:23] [error] vge: %s(%d) : GL_CORE_ERROR=0x%X - %s
[11:32:23] [error] vge: %s(%d) : GL_CORE_ERROR=0x%X - %s
[11:32:23] [error] vge: %s(%d) : GL_CORE_ERROR=0x%X - %s
[11:32:23] [error] vge: %s(%d) : GL_CORE_ERROR=0x%X - %s
[11:32:23] [error] vge: %s(%d) : GL_CORE_ERROR=0x%X - %s
[11:32:23] [error] vge: %s(%d) : GL_CORE_ERROR=0x%X - %s
[11:32:23] [error] vge: %s(%d) : GL_CORE_ERROR=0x%X - %s
[11:32:23] [error] vge: %s(%d) : GL_CORE_ERROR=0x%X - %s
[11:32:23] [error] vge: %s(%d) : GL_CORE_ERROR=0x%X - %s
[11:32:23] [error] vge: %s(%d) : GL_CORE_ERROR=0x%X - %s
[11:32:23] [error] vge: %s(%d) : GL_CORE_ERROR=0x%X - %s
[11:32:23] [error] vge: %s(%d) : GL_CORE_ERROR=0x%X - %s
[11:32:23] [error] vge: %s(%d) : GL_CORE_ERROR=0x%X - %s
[11:32:23] [error] vge: %s(%d) : GL_CORE_ERROR=0x%X - %s
[11:32:23] [error] vge: %s(%d) : GL_CORE_ERROR=0x%X - %s
[11:32:23] [error] vge: %s(%d) : GL_CORE_ERROR=0x%X - %s
[11:32:23] [error] vge: %s(%d) : GL_CORE_ERROR=0x%X - %s
[11:32:23] [error] vge: %s(%d) : GL_CORE_ERROR=0x%X - %s
[11:32:23] [error] vge: %s(%d) : GL_CORE_ERROR=0x%X - %s
[11:32:23] [error] vge: %s(%d) : GL_CORE_ERROR=0x%X - %s
[11:32:23] [error] vge: %s(%d) : GL_CORE_ERROR=0x%X - %s
[11:32:23] [error] vge: %s(%d) : GL_CORE_ERROR=0x%X - %s
[11:32:23] [error] vge: %s(%d) : GL_CORE_ERROR=0x%X - %s
[11:32:23] [error] vge: %s(%d) : GL_CORE_ERROR=0x%X - %s
[11:32:23] [error] vge: %s(%d) : GL_CORE_ERROR=0x%X - %s
[11:32:23] [error] vge: %s(%d) : GL_CORE_ERROR=0x%X - %s
[11:32:23] [error] vge: %s(%d) : GL_CORE_ERROR=0x%X - %s
[11:32:23] [error] vge: %s(%d) : GL_CORE_ERROR=0x%X - %s
[11:32:23] [error] vge: %s(%d) : GL_CORE_ERROR=0x%X - %s
[11:32:23] [error] vge: %s(%d) : GL_CORE_ERROR=0x%X - %s
[11:32:23] [error] vge: %s(%d) : GL_CORE_ERROR=0x%X - %s
[11:32:23] [error] vge: %s(%d) : GL_CORE_ERROR=0x%X - %s
[11:32:23] [error] vge: %s(%d) : GL_CORE_ERROR=0x%X - %s
[11:32:23] [error] vge: %s(%d) : GL_CORE_ERROR=0x%X - %s
[11:32:23] [error] vge: %s(%d) : GL_CORE_ERROR=0x%X - %s
[11:32:23] [error] vge: %s(%d) : GL_CORE_ERROR=0x%X - %s
[11:32:23] [error] vge: %s(%d) : GL_CORE_ERROR=0x%X - %s
[11:32:23] [error] vge: %s(%d) : GL_CORE_ERROR=0x%X - %s
[11:32:23] [error] vge: %s(%d) : GL_CORE_ERROR=0x%X - %s
[11:32:23] [error] vge: %s(%d) : GL_CORE_ERROR=0x%X - %s
[11:32:23] [error] vge: %s(%d) : GL_CORE_ERROR=0x%X - %s
[11:32:23] [error] vge: %s(%d) : GL_CORE_ERROR=0x%X - %s
[11:32:23] [error] vge: %s(%d) : GL_CORE_ERROR=0x%X - %s
[11:32:23] [error] vge: %s(%d) : GL_CORE_ERROR=0x%X - %s
[11:32:23] [error] vge: %s(%d) : GL_CORE_ERROR=0x%X - %s
[11:32:23] [error] vge: %s(%d) : GL_CORE_ERROR=0x%X - %s
[11:32:23] [error] vge: %s(%d) : GL_CORE_ERROR=0x%X - %s
[11:32:23] [error] vge: %s(%d) : GL_CORE_ERROR=0x%X - %s
[11:32:23] [error] vge: %s(%d) : GL_CORE_ERROR=0x%X - %s
[11:32:23] [error] vge: %s(%d) : GL_CORE_ERROR=0x%X - %s
[11:32:23] [error] vge: %s(%d) : GL_CORE_ERROR=0x%X - %s
[11:32:23] [error] vge: %s(%d) : GL_CORE_ERROR=0x%X - %s
[11:32:23] [error] vge: %s(%d) : GL_CORE_ERROR=0x%X - %s
[11:32:23] [error] vge: %s(%d) : GL_CORE_ERROR=0x%X - %s
[11:32:23] [error] vge: %s(%d) : GL_CORE_ERROR=0x%X - %s
[11:32:23] [error] vge: %s(%d) : GL_CORE_ERROR=0x%X - %s
[11:32:23] [error] vge: %s(%d) : GL_CORE_ERROR=0x%X - %s
[11:32:23] [error] vge: %s(%d) : GL_CORE_ERROR=0x%X - %s
[11:32:23] [error] vge: %s(%d) : GL_CORE_ERROR=0x%X - %s
[11:32:23] [error] vge: %s(%d) : GL_CORE_ERROR=0x%X - %s
[11:32:23] [error] vge: %s(%d) : GL_CORE_ERROR=0x%X - %s
[11:32:23] [error] vge: %s(%d) : GL_CORE_ERROR=0x%X - %s
[11:32:23] [error] vge: %s(%d) : GL_CORE_ERROR=0x%X - %s
[11:32:23] [error] vge: %s(%d) : GL_CORE_ERROR=0x%X - %s
[11:32:23] [error] vge: %s(%d) : GL_CORE_ERROR=0x%X - %s
[11:32:23] [error] vge: %s(%d) : GL_CORE_ERROR=0x%X - %s
[11:32:23] [error] vge: %s(%d) : GL_CORE_ERROR=0x%X - %s
[11:32:23] [error] vge: %s(%d) : GL_CORE_ERROR=0x%X - %s
[11:32:23] [error] vge: %s(%d) : GL_CORE_ERROR=0x%X - %s
[11:32:23] [error] vge: %s(%d) : GL_CORE_ERROR=0x%X - %s
[11:32:23] [error] vge: %s(%d) : GL_CORE_ERROR=0x%X - %s
[11:32:23] [error] vge: %s(%d) : GL_CORE_ERROR=0x%X - %s
[11:32:23] [error] vge: %s(%d) : GL_CORE_ERROR=0x%X - %s
[11:32:23] [error] vge: %s(%d) : GL_CORE_ERROR=0x%X - %s
[11:32:23] [error] vge: %s(%d) : GL_CORE_ERROR=0x%X - %s
[11:32:23] [error] vge: %s(%d) : GL_CORE_ERROR=0x%X - %s
[11:32:23] [error] vge: %s(%d) : GL_CORE_ERROR=0x%X - %s
[11:32:23] [error] vge: %s(%d) : GL_CORE_ERROR=0x%X - %s
[11:32:23] [error] vge: %s(%d) : GL_CORE_ERROR=0x%X - %s
[11:32:23] [error] vge: %s(%d) : GL_CORE_ERROR=0x%X - %s
[11:32:23] [error] vge: %s(%d) : GL_CORE_ERROR=0x%X - %s
[11:32:23] [error] vge: %s(%d) : GL_CORE_ERROR=0x%X - %s
[11:32:23] [error] vge: %s(%d) : GL_CORE_ERROR=0x%X - %s
[11:32:24] [error] vge: %s(%d) : GL_CORE_ERROR=0x%X - %s
[11:32:24] [error] vge: %s(%d) : GL_CORE_ERROR=0x%X - %s
[11:32:24] [error] vge: %s(%d) : GL_CORE_ERROR=0x%X - %s
[11:32:24] [error] vge: %s(%d) : GL_CORE_ERROR=0x%X - %s
[11:32:24] [error] vge: %s(%d) : GL_CORE_ERROR=0x%X - %s
[11:32:24] [error] vge: %s(%d) : GL_CORE_ERROR=0x%X - %s
[11:32:24] [error] vge: %s(%d) : GL_CORE_ERROR=0x%X - %s
[11:32:24] [error] vge: %s(%d) : GL_CORE_ERROR=0x%X - %s
[11:32:24] [error] vge: %s(%d) : GL_CORE_ERROR=0x%X - %s
[11:32:24] [error] vge: %s(%d) : GL_CORE_ERROR=0x%X - %s
[11:32:24] [error] vge: %s(%d) : GL_CORE_ERROR=0x%X - %s
[11:32:24] [error] vge: %s(%d) : GL_CORE_ERROR=0x%X - %s
[11:32:24] [error] vge: %s(%d) : GL_CORE_ERROR=0x%X - %s
[11:32:24] [error] vge: %s(%d) : GL_CORE_ERROR=0x%X - %s
[11:32:24] [error] vge: %s(%d) : GL_CORE_ERROR=0x%X - %s
[11:32:24] [error] vge: %s(%d) : GL_CORE_ERROR=0x%X - %s
[11:32:24] [error] vge: %s(%d) : GL_CORE_ERROR=0x%X - %s
[11:32:24] [error] vge: %s(%d) : GL_CORE_ERROR=0x%X - %s
[11:32:24] [error] vge: %s(%d) : GL_CORE_ERROR=0x%X - %s
[11:32:24] [error] vge: %s(%d) : GL_CORE_ERROR=0x%X - %s
[11:32:24] [error] vge: %s(%d) : GL_CORE_ERROR=0x%X - %s
[11:32:24] [error] vge: %s(%d) : GL_CORE_ERROR=0x%X - %s
[11:32:24] [error] vge: %s(%d) : GL_CORE_ERROR=0x%X - %s
[11:32:24] [error] vge: %s(%d) : GL_CORE_ERROR=0x%X - %s
[11:32:24] [error] vge: %s(%d) : GL_CORE_ERROR=0x%X - %s
[11:32:24] [error] vge: %s(%d) : GL_CORE_ERROR=0x%X - %s
[11:32:24] [error] vge: %s(%d) : GL_CORE_ERROR=0x%X - %s
[11:32:24] [error] vge: %s(%d) : GL_CORE_ERROR=0x%X - %s
[11:32:24] [error] vge: %s(%d) : GL_CORE_ERROR=0x%X - %s
[11:32:24] [error] vge: %s(%d) : GL_CORE_ERROR=0x%X - %s
[11:32:24] [error] vge: %s(%d) : GL_CORE_ERROR=0x%X - %s
[11:32:24] [error] vge: %s(%d) : GL_CORE_ERROR=0x%X - %s
[11:32:24] [error] vge: %s(%d) : GL_CORE_ERROR=0x%X - %s
[11:32:24] [error] vge: %s(%d) : GL_CORE_ERROR=0x%X - %s
[11:32:24] [error] vge: %s(%d) : GL_CORE_ERROR=0x%X - %s
[11:32:24] [error] vge: %s(%d) : GL_CORE_ERROR=0x%X - %s
[11:32:24] [error] vge: %s(%d) : GL_CORE_ERROR=0x%X - %s
[11:32:24] [error] vge: %s(%d) : GL_CORE_ERROR=0x%X - %s
[11:32:24] [error] vge: %s(%d) : GL_CORE_ERROR=0x%X - %s
[11:32:24] [error] vge: %s(%d) : GL_CORE_ERROR=0x%X - %s
[11:32:24] [error] vge: %s(%d) : GL_CORE_ERROR=0x%X - %s
[11:32:24] [error] vge: %s(%d) : GL_CORE_ERROR=0x%X - %s
[11:32:24] [error] vge: %s(%d) : GL_CORE_ERROR=0x%X - %s
[11:32:24] [error] vge: %s(%d) : GL_CORE_ERROR=0x%X - %s
[11:32:24] [error] vge: %s(%d) : GL_CORE_ERROR=0x%X - %s
[11:32:24] [error] vge: %s(%d) : GL_CORE_ERROR=0x%X - %s
[11:32:24] [error] vge: %s(%d) : GL_CORE_ERROR=0x%X - %s
[11:32:24] [error] vge: %s(%d) : GL_CORE_ERROR=0x%X - %s
[11:32:24] [error] vge: %s(%d) : GL_CORE_ERROR=0x%X - %s
[11:32:24] [error] vge: %s(%d) : GL_CORE_ERROR=0x%X - %s
[11:32:24] [error] vge: %s(%d) : GL_CORE_ERROR=0x%X - %s
[11:32:24] [error] vge: %s(%d) : GL_CORE_ERROR=0x%X - %s
[11:32:24] [error] vge: %s(%d) : GL_CORE_ERROR=0x%X - %s
[11:32:24] [error] vge: %s(%d) : GL_CORE_ERROR=0x%X - %s
[11:32:24] [error] vge: %s(%d) : GL_CORE_ERROR=0x%X - %s
[11:32:24] [error] vge: %s(%d) : GL_CORE_ERROR=0x%X - %s
[11:32:24] [error] vge: %s(%d) : GL_CORE_ERROR=0x%X - %s
[11:32:24] [error] vge: %s(%d) : GL_CORE_ERROR=0x%X - %s
[11:32:24] [error] vge: %s(%d) : GL_CORE_ERROR=0x%X - %s
[11:32:24] [error] vge: %s(%d) : GL_CORE_ERROR=0x%X - %s
[11:32:24] [error] vge: %s(%d) : GL_CORE_ERROR=0x%X - %s
[11:32:24] [error] vge: %s(%d) : GL_CORE_ERROR=0x%X - %s
[11:32:24] [error] vge: %s(%d) : GL_CORE_ERROR=0x%X - %s
[11:32:24] [error] vge: %s(%d) : GL_CORE_ERROR=0x%X - %s
[11:32:24] [error] vge: %s(%d) : GL_CORE_ERROR=0x%X - %s
[11:32:24] [error] vge: %s(%d) : GL_CORE_ERROR=0x%X - %s
[11:32:24] [error] vge: %s(%d) : GL_CORE_ERROR=0x%X - %s
[11:32:24] [error] vge: %s(%d) : GL_CORE_ERROR=0x%X - %s
[11:32:24] [error] vge: %s(%d) : GL_CORE_ERROR=0x%X - %s
[11:32:24] [error] vge: %s(%d) : GL_CORE_ERROR=0x%X - %s
[11:32:24] [error] vge: %s(%d) : GL_CORE_ERROR=0x%X - %s
[11:32:24] [error] vge: %s(%d) : GL_CORE_ERROR=0x%X - %s
[11:32:24] [error] vge: %s(%d) : GL_CORE_ERROR=0x%X - %s
[11:32:24] [error] vge: %s(%d) : GL_CORE_ERROR=0x%X - %s
[11:32:24] [error] vge: %s(%d) : GL_CORE_ERROR=0x%X - %s
[11:32:24] [error] vge: %s(%d) : GL_CORE_ERROR=0x%X - %s
[11:32:24] [error] vge: %s(%d) : GL_CORE_ERROR=0x%X - %s
[11:32:24] [error] vge: %s(%d) : GL_CORE_ERROR=0x%X - %s
[11:32:24] [error] vge: %s(%d) : GL_CORE_ERROR=0x%X - %s
[11:32:24] [error] vge: %s(%d) : GL_CORE_ERROR=0x%X - %s
[11:32:24] [error] vge: %s(%d) : GL_CORE_ERROR=0x%X - %s
[11:32:24] [error] vge: %s(%d) : GL_CORE_ERROR=0x%X - %s
[11:32:24] [error] vge: %s(%d) : GL_CORE_ERROR=0x%X - %s
[11:32:24] [error] vge: %s(%d) : GL_CORE_ERROR=0x%X - %s
[11:32:24] [error] vge: %s(%d) : GL_CORE_ERROR=0x%X - %s
[11:32:24] [error] vge: %s(%d) : GL_CORE_ERROR=0x%X - %s
[11:32:24] [error] vge: %s(%d) : GL_CORE_ERROR=0x%X - %s
[11:32:24] [error] vge: %s(%d) : GL_CORE_ERROR=0x%X - %s
[11:32:24] [error] vge: %s(%d) : GL_CORE_ERROR=0x%X - %s
[11:32:25] [error] vge: %s(%d) : GL_CORE_ERROR=0x%X - %s
[11:32:25] [error] vge: %s(%d) : GL_CORE_ERROR=0x%X - %s
[11:32:25] [error] vge: %s(%d) : GL_CORE_ERROR=0x%X - %s
[11:32:25] [error] vge: %s(%d) : GL_CORE_ERROR=0x%X - %s
[11:32:25] [error] vge: %s(%d) : GL_CORE_ERROR=0x%X - %s
[11:32:25] [error] vge: %s(%d) : GL_CORE_ERROR=0x%X - %s
[11:32:25] [error] vge: %s(%d) : GL_CORE_ERROR=0x%X - %s
[11:32:25] [error] vge: %s(%d) : GL_CORE_ERROR=0x%X - %s
[11:32:25] [error] vge: %s(%d) : GL_CORE_ERROR=0x%X - %s
[11:32:25] [error] vge: %s(%d) : GL_CORE_ERROR=0x%X - %s
[11:32:25] [error] vge: %s(%d) : GL_CORE_ERROR=0x%X - %s
[11:32:25] [error] vge: %s(%d) : GL_CORE_ERROR=0x%X - %s
[11:32:25] [error] vge: %s(%d) : GL_CORE_ERROR=0x%X - %s
[11:32:25] [error] vge: %s(%d) : GL_CORE_ERROR=0x%X - %s
[11:32:25] [error] vge: %s(%d) : GL_CORE_ERROR=0x%X - %s
[11:32:25] [error] vge: %s(%d) : GL_CORE_ERROR=0x%X - %s
[11:32:25] [error] vge: %s(%d) : GL_CORE_ERROR=0x%X - %s
[11:32:25] [error] vge: %s(%d) : GL_CORE_ERROR=0x%X - %s
[11:32:25] [error] vge: %s(%d) : GL_CORE_ERROR=0x%X - %s
[11:32:25] [error] vge: %s(%d) : GL_CORE_ERROR=0x%X - %s
[11:32:25] [error] vge: %s(%d) : GL_CORE_ERROR=0x%X - %s
[11:32:25] [error] vge: %s(%d) : GL_CORE_ERROR=0x%X - %s
[11:32:25] [error] vge: %s(%d) : GL_CORE_ERROR=0x%X - %s
[11:32:25] [error] vge: %s(%d) : GL_CORE_ERROR=0x%X - %s
[11:32:25] [error] vge: %s(%d) : GL_CORE_ERROR=0x%X - %s
[11:32:25] [error] vge: %s(%d) : GL_CORE_ERROR=0x%X - %s
[11:32:25] [error] vge: %s(%d) : GL_CORE_ERROR=0x%X - %s
[11:32:25] [error] vge: %s(%d) : GL_CORE_ERROR=0x%X - %s
[11:32:25] [error] vge: %s(%d) : GL_CORE_ERROR=0x%X - %s
[11:32:25] [error] vge: %s(%d) : GL_CORE_ERROR=0x%X - %s
[11:32:25] [error] vge: %s(%d) : GL_CORE_ERROR=0x%X - %s
[11:32:25] [error] vge: %s(%d) : GL_CORE_ERROR=0x%X - %s
[11:32:25] [error] vge: %s(%d) : GL_CORE_ERROR=0x%X - %s
[11:32:25] [error] vge: %s(%d) : GL_CORE_ERROR=0x%X - %s
[11:32:25] [error] vge: %s(%d) : GL_CORE_ERROR=0x%X - %s
[11:32:25] [error] vge: %s(%d) : GL_CORE_ERROR=0x%X - %s
[11:32:25] [error] vge: %s(%d) : GL_CORE_ERROR=0x%X - %s
[11:32:25] [error] vge: %s(%d) : GL_CORE_ERROR=0x%X - %s
[11:32:25] [error] vge: %s(%d) : GL_CORE_ERROR=0x%X - %s
[11:32:25] [error] vge: %s(%d) : GL_CORE_ERROR=0x%X - %s
[11:32:25] [error] vge: %s(%d) : GL_CORE_ERROR=0x%X - %s
[11:32:25] [error] vge: %s(%d) : GL_CORE_ERROR=0x%X - %s
[11:32:25] [error] vge: %s(%d) : GL_CORE_ERROR=0x%X - %s
[11:32:25] [error] vge: %s(%d) : GL_CORE_ERROR=0x%X - %s
[11:32:25] [error] vge: %s(%d) : GL_CORE_ERROR=0x%X - %s
[11:32:25] [error] vge: %s(%d) : GL_CORE_ERROR=0x%X - %s
[11:32:25] [error] vge: %s(%d) : GL_CORE_ERROR=0x%X - %s
[11:32:25] [error] vge: %s(%d) : GL_CORE_ERROR=0x%X - %s
[11:32:25] [error] vge: %s(%d) : GL_CORE_ERROR=0x%X - %s
[11:32:25] [error] vge: %s(%d) : GL_CORE_ERROR=0x%X - %s
[11:32:25] [error] vge: %s(%d) : GL_CORE_ERROR=0x%X - %s
[11:32:25] [error] vge: %s(%d) : GL_CORE_ERROR=0x%X - %s
[11:32:25] [error] vge: %s(%d) : GL_CORE_ERROR=0x%X - %s
[11:32:25] [error] vge: %s(%d) : GL_CORE_ERROR=0x%X - %s
[11:32:25] [error] vge: %s(%d) : GL_CORE_ERROR=0x%X - %s
[11:32:25] [error] vge: %s(%d) : GL_CORE_ERROR=0x%X - %s
[11:32:25] [error] vge: %s(%d) : GL_CORE_ERROR=0x%X - %s
[11:32:25] [error] vge: %s(%d) : GL_CORE_ERROR=0x%X - %s
[11:32:25] [error] vge: %s(%d) : GL_CORE_ERROR=0x%X - %s
[11:32:25] [error] vge: %s(%d) : GL_CORE_ERROR=0x%X - %s
[11:32:25] [error] vge: %s(%d) : GL_CORE_ERROR=0x%X - %s
[11:32:25] [error] vge: %s(%d) : GL_CORE_ERROR=0x%X - %s
[11:32:25] [error] vge: %s(%d) : GL_CORE_ERROR=0x%X - %s
[11:32:25] [error] vge: %s(%d) : GL_CORE_ERROR=0x%X - %s
[11:32:25] [error] vge: %s(%d) : GL_CORE_ERROR=0x%X - %s
[11:32:25] [error] vge: %s(%d) : GL_CORE_ERROR=0x%X - %s
[11:32:25] [error] vge: %s(%d) : GL_CORE_ERROR=0x%X - %s
[11:32:25] [error] vge: %s(%d) : GL_CORE_ERROR=0x%X - %s
[11:32:25] [error] vge: %s(%d) : GL_CORE_ERROR=0x%X - %s
[11:32:25] [error] vge: %s(%d) : GL_CORE_ERROR=0x%X - %s
[11:32:25] [error] vge: %s(%d) : GL_CORE_ERROR=0x%X - %s
[11:32:25] [error] vge: %s(%d) : GL_CORE_ERROR=0x%X - %s
[11:32:25] [error] vge: %s(%d) : GL_CORE_ERROR=0x%X - %s
[11:32:25] [error] vge: %s(%d) : GL_CORE_ERROR=0x%X - %s
[11:32:25] [error] vge: %s(%d) : GL_CORE_ERROR=0x%X - %s
[11:32:25] [error] vge: %s(%d) : GL_CORE_ERROR=0x%X - %s
[11:32:25] [error] vge: %s(%d) : GL_CORE_ERROR=0x%X - %s
[11:32:25] [error] vge: %s(%d) : GL_CORE_ERROR=0x%X - %s
[11:32:25] [error] vge: %s(%d) : GL_CORE_ERROR=0x%X - %s
[11:32:25] [error] vge: %s(%d) : GL_CORE_ERROR=0x%X - %s
[11:32:25] [error] vge: %s(%d) : GL_CORE_ERROR=0x%X - %s
[11:32:25] [error] vge: %s(%d) : GL_CORE_ERROR=0x%X - %s
[11:32:25] [error] vge: %s(%d) : GL_CORE_ERROR=0x%X - %s
[11:32:25] [error] vge: %s(%d) : GL_CORE_ERROR=0x%X - %s
[11:32:25] [error] vge: %s(%d) : GL_CORE_ERROR=0x%X - %s
[11:32:25] [error] vge: %s(%d) : GL_CORE_ERROR=0x%X - %s
[11:32:25] [error] vge: %s(%d) : GL_CORE_ERROR=0x%X - %s
[11:32:25] [error] vge: %s(%d) : GL_CORE_ERROR=0x%X - %s
[11:32:25] [error] vge: %s(%d) : GL_CORE_ERROR=0x%X - %s
[11:32:25] [error] vge: %s(%d) : GL_CORE_ERROR=0x%X - %s
[11:32:26] [error] vge: %s(%d) : GL_CORE_ERROR=0x%X - %s
[11:32:26] [error] vge: %s(%d) : GL_CORE_ERROR=0x%X - %s
[11:32:26] [error] vge: %s(%d) : GL_CORE_ERROR=0x%X - %s
[11:32:26] [error] vge: %s(%d) : GL_CORE_ERROR=0x%X - %s
[11:32:26] [error] vge: %s(%d) : GL_CORE_ERROR=0x%X - %s
[11:32:26] [error] vge: %s(%d) : GL_CORE_ERROR=0x%X - %s
[11:32:26] [error] vge: %s(%d) : GL_CORE_ERROR=0x%X - %s
[11:32:26] [error] vge: %s(%d) : GL_CORE_ERROR=0x%X - %s
[11:32:26] [error] vge: %s(%d) : GL_CORE_ERROR=0x%X - %s
[11:32:26] [error] vge: %s(%d) : GL_CORE_ERROR=0x%X - %s
[11:32:26] [error] vge: %s(%d) : GL_CORE_ERROR=0x%X - %s
[11:32:26] [error] vge: %s(%d) : GL_CORE_ERROR=0x%X - %s
[11:32:26] [error] vge: %s(%d) : GL_CORE_ERROR=0x%X - %s
[11:32:26] [error] vge: %s(%d) : GL_CORE_ERROR=0x%X - %s
[11:32:26] [error] vge: %s(%d) : GL_CORE_ERROR=0x%X - %s
[11:32:26] [error] vge: %s(%d) : GL_CORE_ERROR=0x%X - %s
[11:32:26] [error] vge: %s(%d) : GL_CORE_ERROR=0x%X - %s
[11:32:26] [error] vge: %s(%d) : GL_CORE_ERROR=0x%X - %s
[11:32:26] [error] vge: %s(%d) : GL_CORE_ERROR=0x%X - %s
[11:32:26] [error] vge: %s(%d) : GL_CORE_ERROR=0x%X - %s
[11:32:26] [error] vge: %s(%d) : GL_CORE_ERROR=0x%X - %s
[11:32:26] [error] vge: %s(%d) : GL_CORE_ERROR=0x%X - %s
[11:32:26] [error] vge: %s(%d) : GL_CORE_ERROR=0x%X - %s
[11:32:26] [error] vge: %s(%d) : GL_CORE_ERROR=0x%X - %s
[11:32:26] [error] vge: %s(%d) : GL_CORE_ERROR=0x%X - %s
[11:32:26] [error] vge: %s(%d) : GL_CORE_ERROR=0x%X - %s
[11:32:26] [error] vge: %s(%d) : GL_CORE_ERROR=0x%X - %s
[11:32:26] [error] vge: %s(%d) : GL_CORE_ERROR=0x%X - %s
[11:32:26] [error] vge: %s(%d) : GL_CORE_ERROR=0x%X - %s
[11:32:26] [error] vge: %s(%d) : GL_CORE_ERROR=0x%X - %s
[11:32:26] [error] vge: %s(%d) : GL_CORE_ERROR=0x%X - %s
[11:32:26] [error] vge: %s(%d) : GL_CORE_ERROR=0x%X - %s
[11:32:26] [error] vge: %s(%d) : GL_CORE_ERROR=0x%X - %s
[11:32:26] [error] vge: %s(%d) : GL_CORE_ERROR=0x%X - %s
[11:32:26] [error] vge: %s(%d) : GL_CORE_ERROR=0x%X - %s
[11:32:26] [error] vge: %s(%d) : GL_CORE_ERROR=0x%X - %s
[11:32:26] [error] vge: %s(%d) : GL_CORE_ERROR=0x%X - %s
[11:32:26] [error] vge: %s(%d) : GL_CORE_ERROR=0x%X - %s
[11:32:26] [error] vge: %s(%d) : GL_CORE_ERROR=0x%X - %s
[11:32:26] [error] vge: %s(%d) : GL_CORE_ERROR=0x%X - %s
[11:32:26] [error] vge: %s(%d) : GL_CORE_ERROR=0x%X - %s
[11:32:26] [error] vge: %s(%d) : GL_CORE_ERROR=0x%X - %s
[11:32:26] [error] vge: %s(%d) : GL_CORE_ERROR=0x%X - %s
[11:32:26] [error] vge: %s(%d) : GL_CORE_ERROR=0x%X - %s
[11:32:26] [error] vge: %s(%d) : GL_CORE_ERROR=0x%X - %s
[11:32:26] [error] vge: %s(%d) : GL_CORE_ERROR=0x%X - %s
[11:32:26] [error] vge: %s(%d) : GL_CORE_ERROR=0x%X - %s
[11:32:26] [error] vge: %s(%d) : GL_CORE_ERROR=0x%X - %s
[11:32:26] [error] vge: %s(%d) : GL_CORE_ERROR=0x%X - %s
[11:32:26] [error] vge: %s(%d) : GL_CORE_ERROR=0x%X - %s
[11:32:26] [error] vge: %s(%d) : GL_CORE_ERROR=0x%X - %s
[11:32:26] [error] vge: %s(%d) : GL_CORE_ERROR=0x%X - %s
[11:32:26] [error] vge: %s(%d) : GL_CORE_ERROR=0x%X - %s
[11:32:26] [error] vge: %s(%d) : GL_CORE_ERROR=0x%X - %s
[11:32:26] [error] vge: %s(%d) : GL_CORE_ERROR=0x%X - %s
[11:32:26] [error] vge: %s(%d) : GL_CORE_ERROR=0x%X - %s
[11:32:26] [error] vge: %s(%d) : GL_CORE_ERROR=0x%X - %s
[11:32:26] [error] vge: %s(%d) : GL_CORE_ERROR=0x%X - %s
[11:32:26] [error] vge: %s(%d) : GL_CORE_ERROR=0x%X - %s
[11:32:26] [error] vge: %s(%d) : GL_CORE_ERROR=0x%X - %s
[11:32:26] [error] vge: %s(%d) : GL_CORE_ERROR=0x%X - %s
[11:32:26] [error] vge: %s(%d) : GL_CORE_ERROR=0x%X - %s
[11:32:26] [error] vge: %s(%d) : GL_CORE_ERROR=0x%X - %s
[11:32:26] [error] vge: %s(%d) : GL_CORE_ERROR=0x%X - %s
[11:32:26] [error] vge: %s(%d) : GL_CORE_ERROR=0x%X - %s
[11:32:26] [error] vge: %s(%d) : GL_CORE_ERROR=0x%X - %s
[11:32:26] [error] vge: %s(%d) : GL_CORE_ERROR=0x%X - %s
[11:32:26] [error] vge: %s(%d) : GL_CORE_ERROR=0x%X - %s
[11:32:26] [error] vge: %s(%d) : GL_CORE_ERROR=0x%X - %s
[11:32:26] [error] vge: %s(%d) : GL_CORE_ERROR=0x%X - %s
[11:32:26] [error] vge: %s(%d) : GL_CORE_ERROR=0x%X - %s
[11:32:26] [error] vge: %s(%d) : GL_CORE_ERROR=0x%X - %s
[11:32:26] [error] vge: %s(%d) : GL_CORE_ERROR=0x%X - %s
[11:32:26] [error] vge: %s(%d) : GL_CORE_ERROR=0x%X - %s
[11:32:26] [error] vge: %s(%d) : GL_CORE_ERROR=0x%X - %s
[11:32:26] [error] vge: %s(%d) : GL_CORE_ERROR=0x%X - %s
[11:32:26] [error] vge: %s(%d) : GL_CORE_ERROR=0x%X - %s
[11:32:26] [error] vge: %s(%d) : GL_CORE_ERROR=0x%X - %s
[11:32:26] [error] vge: %s(%d) : GL_CORE_ERROR=0x%X - %s
[11:32:26] [error] vge: %s(%d) : GL_CORE_ERROR=0x%X - %s
[11:32:26] [error] vge: %s(%d) : GL_CORE_ERROR=0x%X - %s
[11:32:26] [error] vge: %s(%d) : GL_CORE_ERROR=0x%X - %s
[11:32:26] [error] vge: %s(%d) : GL_CORE_ERROR=0x%X - %s
[11:32:26] [error] vge: %s(%d) : GL_CORE_ERROR=0x%X - %s
[11:32:26] [error] vge: %s(%d) : GL_CORE_ERROR=0x%X - %s
[11:32:26] [error] vge: %s(%d) : GL_CORE_ERROR=0x%X - %s
[11:32:26] [error] vge: %s(%d) : GL_CORE_ERROR=0x%X - %s
[11:32:27] [error] vge: %s(%d) : GL_CORE_ERROR=0x%X - %s
[11:32:27] [error] vge: %s(%d) : GL_CORE_ERROR=0x%X - %s
[11:32:27] [error] vge: %s(%d) : GL_CORE_ERROR=0x%X - %s
[11:32:27] [error] vge: %s(%d) : GL_CORE_ERROR=0x%X - %s
[11:32:27] [error] vge: %s(%d) : GL_CORE_ERROR=0x%X - %s
[11:32:27] [error] vge: %s(%d) : GL_CORE_ERROR=0x%X - %s
[11:32:27] [error] vge: %s(%d) : GL_CORE_ERROR=0x%X - %s
[11:32:27] [error] vge: %s(%d) : GL_CORE_ERROR=0x%X - %s
[11:32:27] [error] vge: %s(%d) : GL_CORE_ERROR=0x%X - %s
[11:32:27] [error] vge: %s(%d) : GL_CORE_ERROR=0x%X - %s
[11:32:27] [error] vge: %s(%d) : GL_CORE_ERROR=0x%X - %s
[11:32:27] [error] vge: %s(%d) : GL_CORE_ERROR=0x%X - %s
[11:32:27] [error] vge: %s(%d) : GL_CORE_ERROR=0x%X - %s
[11:32:27] [error] vge: %s(%d) : GL_CORE_ERROR=0x%X - %s
[11:32:27] [error] vge: %s(%d) : GL_CORE_ERROR=0x%X - %s
[11:32:27] [error] vge: %s(%d) : GL_CORE_ERROR=0x%X - %s
[11:32:27] [error] vge: %s(%d) : GL_CORE_ERROR=0x%X - %s
[11:32:27] [error] vge: %s(%d) : GL_CORE_ERROR=0x%X - %s
[11:32:27] [error] vge: %s(%d) : GL_CORE_ERROR=0x%X - %s
[11:32:27] [error] vge: %s(%d) : GL_CORE_ERROR=0x%X - %s
[11:32:27] [error] vge: %s(%d) : GL_CORE_ERROR=0x%X - %s
[11:32:27] [error] vge: %s(%d) : GL_CORE_ERROR=0x%X - %s
[11:32:27] [error] vge: %s(%d) : GL_CORE_ERROR=0x%X - %s
[11:32:27] [error] vge: %s(%d) : GL_CORE_ERROR=0x%X - %s
[11:32:27] [error] vge: %s(%d) : GL_CORE_ERROR=0x%X - %s
[11:32:27] [error] vge: %s(%d) : GL_CORE_ERROR=0x%X - %s
[11:32:27] [error] vge: %s(%d) : GL_CORE_ERROR=0x%X - %s
[11:32:27] [error] vge: %s(%d) : GL_CORE_ERROR=0x%X - %s
[11:32:27] [error] vge: %s(%d) : GL_CORE_ERROR=0x%X - %s
[11:32:27] [error] vge: %s(%d) : GL_CORE_ERROR=0x%X - %s
[11:32:27] [error] vge: %s(%d) : GL_CORE_ERROR=0x%X - %s
[11:32:27] [error] vge: %s(%d) : GL_CORE_ERROR=0x%X - %s
[11:32:27] [error] vge: %s(%d) : GL_CORE_ERROR=0x%X - %s
[11:32:27] [error] vge: %s(%d) : GL_CORE_ERROR=0x%X - %s
[11:32:27] [error] vge: %s(%d) : GL_CORE_ERROR=0x%X - %s
[11:32:27] [error] vge: %s(%d) : GL_CORE_ERROR=0x%X - %s
[11:32:27] [error] vge: %s(%d) : GL_CORE_ERROR=0x%X - %s
[11:32:27] [error] vge: %s(%d) : GL_CORE_ERROR=0x%X - %s
[11:32:27] [error] vge: %s(%d) : GL_CORE_ERROR=0x%X - %s
[11:32:27] [error] vge: %s(%d) : GL_CORE_ERROR=0x%X - %s
[11:32:27] [error] vge: %s(%d) : GL_CORE_ERROR=0x%X - %s
[11:32:27] [error] vge: %s(%d) : GL_CORE_ERROR=0x%X - %s
[11:32:27] [error] vge: %s(%d) : GL_CORE_ERROR=0x%X - %s
[11:32:27] [error] vge: %s(%d) : GL_CORE_ERROR=0x%X - %s
[11:32:27] [error] vge: %s(%d) : GL_CORE_ERROR=0x%X - %s
[11:32:27] [error] vge: %s(%d) : GL_CORE_ERROR=0x%X - %s
[11:32:27] [error] vge: %s(%d) : GL_CORE_ERROR=0x%X - %s
[11:32:27] [error] vge: %s(%d) : GL_CORE_ERROR=0x%X - %s
[11:32:27] [error] vge: %s(%d) : GL_CORE_ERROR=0x%X - %s
[11:32:27] [error] vge: %s(%d) : GL_CORE_ERROR=0x%X - %s
[11:32:27] [error] vge: %s(%d) : GL_CORE_ERROR=0x%X - %s
[11:32:27] [error] vge: %s(%d) : GL_CORE_ERROR=0x%X - %s
[11:32:27] [error] vge: %s(%d) : GL_CORE_ERROR=0x%X - %s
[11:32:27] [error] vge: %s(%d) : GL_CORE_ERROR=0x%X - %s
[11:32:27] [error] vge: %s(%d) : GL_CORE_ERROR=0x%X - %s
[11:32:27] [error] vge: %s(%d) : GL_CORE_ERROR=0x%X - %s
[11:32:27] [error] vge: %s(%d) : GL_CORE_ERROR=0x%X - %s
[11:32:27] [error] vge: %s(%d) : GL_CORE_ERROR=0x%X - %s
[11:32:27] [error] vge: %s(%d) : GL_CORE_ERROR=0x%X - %s
[11:32:27] [error] vge: %s(%d) : GL_CORE_ERROR=0x%X - %s
[11:32:27] [error] vge: %s(%d) : GL_CORE_ERROR=0x%X - %s
[11:32:27] [error] vge: %s(%d) : GL_CORE_ERROR=0x%X - %s
[11:32:27] [error] vge: %s(%d) : GL_CORE_ERROR=0x%X - %s
[11:32:27] [error] vge: %s(%d) : GL_CORE_ERROR=0x%X - %s
[11:32:27] [error] vge: %s(%d) : GL_CORE_ERROR=0x%X - %s
[11:32:27] [error] vge: %s(%d) : GL_CORE_ERROR=0x%X - %s
[11:32:27] [error] vge: %s(%d) : GL_CORE_ERROR=0x%X - %s
[11:32:27] [error] vge: %s(%d) : GL_CORE_ERROR=0x%X - %s
[11:32:27] [error] vge: %s(%d) : GL_CORE_ERROR=0x%X - %s
[11:32:27] [error] vge: %s(%d) : GL_CORE_ERROR=0x%X - %s
[11:32:27] [error] vge: %s(%d) : GL_CORE_ERROR=0x%X - %s
[11:32:27] [error] vge: %s(%d) : GL_CORE_ERROR=0x%X - %s
[11:32:27] [error] vge: %s(%d) : GL_CORE_ERROR=0x%X - %s
[11:32:27] [error] vge: %s(%d) : GL_CORE_ERROR=0x%X - %s
[11:32:27] [error] vge: %s(%d) : GL_CORE_ERROR=0x%X - %s
[11:32:27] [error] vge: %s(%d) : GL_CORE_ERROR=0x%X - %s
[11:32:27] [error] vge: %s(%d) : GL_CORE_ERROR=0x%X - %s
[11:32:27] [error] vge: %s(%d) : GL_CORE_ERROR=0x%X - %s
[11:32:27] [error] vge: %s(%d) : GL_CORE_ERROR=0x%X - %s
[11:32:27] [error] vge: %s(%d) : GL_CORE_ERROR=0x%X - %s
[11:32:27] [error] vge: %s(%d) : GL_CORE_ERROR=0x%X - %s
[11:32:27] [error] vge: %s(%d) : GL_CORE_ERROR=0x%X - %s
[11:32:27] [error] vge: %s(%d) : GL_CORE_ERROR=0x%X - %s
[11:32:27] [error] vge: %s(%d) : GL_CORE_ERROR=0x%X - %s
[11:32:27] [error] vge: %s(%d) : GL_CORE_ERROR=0x%X - %s
[11:32:27] [error] vge: %s(%d) : GL_CORE_ERROR=0x%X - %s
[11:32:27] [error] vge: %s(%d) : GL_CORE_ERROR=0x%X - %s
[11:32:27] [error] vge: %s(%d) : GL_CORE_ERROR=0x%X - %s
[11:32:27] [error] vge: %s(%d) : GL_CORE_ERROR=0x%X - %s
[11:32:27] [error] vge: %s(%d) : GL_CORE_ERROR=0x%X - %s
[11:32:28] [error] vge: %s(%d) : GL_CORE_ERROR=0x%X - %s
[11:32:28] [error] vge: %s(%d) : GL_CORE_ERROR=0x%X - %s
[11:32:28] [error] vge: %s(%d) : GL_CORE_ERROR=0x%X - %s
[11:32:28] [error] vge: %s(%d) : GL_CORE_ERROR=0x%X - %s
[11:32:28] [error] vge: %s(%d) : GL_CORE_ERROR=0x%X - %s
[11:32:28] [error] vge: %s(%d) : GL_CORE_ERROR=0x%X - %s
[11:32:28] [error] vge: %s(%d) : GL_CORE_ERROR=0x%X - %s
[11:32:28] [error] vge: %s(%d) : GL_CORE_ERROR=0x%X - %s
[11:32:28] [error] vge: %s(%d) : GL_CORE_ERROR=0x%X - %s
[11:32:28] [error] vge: %s(%d) : GL_CORE_ERROR=0x%X - %s
[11:32:28] [error] vge: %s(%d) : GL_CORE_ERROR=0x%X - %s
[11:32:28] [error] vge: %s(%d) : GL_CORE_ERROR=0x%X - %s
[11:32:28] [error] vge: %s(%d) : GL_CORE_ERROR=0x%X - %s
[11:32:28] [error] vge: %s(%d) : GL_CORE_ERROR=0x%X - %s
[11:32:28] [error] vge: %s(%d) : GL_CORE_ERROR=0x%X - %s
[11:32:28] [error] vge: %s(%d) : GL_CORE_ERROR=0x%X - %s
[11:32:28] [error] vge: %s(%d) : GL_CORE_ERROR=0x%X - %s
[11:32:28] [error] vge: %s(%d) : GL_CORE_ERROR=0x%X - %s
[11:32:28] [error] vge: %s(%d) : GL_CORE_ERROR=0x%X - %s
[11:32:28] [error] vge: %s(%d) : GL_CORE_ERROR=0x%X - %s
[11:32:28] [error] vge: %s(%d) : GL_CORE_ERROR=0x%X - %s
[11:32:28] [error] vge: %s(%d) : GL_CORE_ERROR=0x%X - %s
[11:32:28] [error] vge: %s(%d) : GL_CORE_ERROR=0x%X - %s
[11:32:28] [error] vge: %s(%d) : GL_CORE_ERROR=0x%X - %s
[11:32:28] [error] vge: %s(%d) : GL_CORE_ERROR=0x%X - %s
[11:32:28] [error] vge: %s(%d) : GL_CORE_ERROR=0x%X - %s
[11:32:28] [error] vge: %s(%d) : GL_CORE_ERROR=0x%X - %s
[11:32:28] [error] vge: %s(%d) : GL_CORE_ERROR=0x%X - %s
[11:32:28] [error] vge: %s(%d) : GL_CORE_ERROR=0x%X - %s
[11:32:28] [error] vge: %s(%d) : GL_CORE_ERROR=0x%X - %s
[11:32:28] [error] vge: %s(%d) : GL_CORE_ERROR=0x%X - %s
[11:32:28] [error] vge: %s(%d) : GL_CORE_ERROR=0x%X - %s
[11:32:28] [error] vge: %s(%d) : GL_CORE_ERROR=0x%X - %s
[11:32:28] [error] vge: %s(%d) : GL_CORE_ERROR=0x%X - %s
[11:32:28] [error] vge: %s(%d) : GL_CORE_ERROR=0x%X - %s
[11:32:28] [error] vge: %s(%d) : GL_CORE_ERROR=0x%X - %s
[11:32:28] [error] vge: %s(%d) : GL_CORE_ERROR=0x%X - %s
[11:32:28] [error] vge: %s(%d) : GL_CORE_ERROR=0x%X - %s
[11:32:28] [error] vge: %s(%d) : GL_CORE_ERROR=0x%X - %s
[11:32:28] [error] vge: %s(%d) : GL_CORE_ERROR=0x%X - %s
[11:32:28] [error] vge: %s(%d) : GL_CORE_ERROR=0x%X - %s
[11:32:28] [error] vge: %s(%d) : GL_CORE_ERROR=0x%X - %s
[11:32:28] [error] vge: %s(%d) : GL_CORE_ERROR=0x%X - %s
[11:32:28] [error] vge: %s(%d) : GL_CORE_ERROR=0x%X - %s
[11:32:28] [error] vge: %s(%d) : GL_CORE_ERROR=0x%X - %s
[11:32:28] [error] vge: %s(%d) : GL_CORE_ERROR=0x%X - %s
[11:32:28] [error] vge: %s(%d) : GL_CORE_ERROR=0x%X - %s
[11:32:28] [error] vge: %s(%d) : GL_CORE_ERROR=0x%X - %s
[11:32:28] [error] vge: %s(%d) : GL_CORE_ERROR=0x%X - %s
[11:32:28] [error] vge: %s(%d) : GL_CORE_ERROR=0x%X - %s
[11:32:28] [error] vge: %s(%d) : GL_CORE_ERROR=0x%X - %s
[11:32:28] [error] vge: %s(%d) : GL_CORE_ERROR=0x%X - %s
[11:32:28] [error] vge: %s(%d) : GL_CORE_ERROR=0x%X - %s
[11:32:28] [error] vge: %s(%d) : GL_CORE_ERROR=0x%X - %s
[11:32:28] [error] vge: %s(%d) : GL_CORE_ERROR=0x%X - %s
[11:32:28] [error] vge: %s(%d) : GL_CORE_ERROR=0x%X - %s
[11:32:28] [error] vge: %s(%d) : GL_CORE_ERROR=0x%X - %s
[11:32:28] [error] vge: %s(%d) : GL_CORE_ERROR=0x%X - %s
[11:32:28] [error] vge: %s(%d) : GL_CORE_ERROR=0x%X - %s
[11:32:28] [error] vge: %s(%d) : GL_CORE_ERROR=0x%X - %s
[11:32:28] [error] vge: %s(%d) : GL_CORE_ERROR=0x%X - %s
[11:32:28] [error] vge: %s(%d) : GL_CORE_ERROR=0x%X - %s
[11:32:28] [error] vge: %s(%d) : GL_CORE_ERROR=0x%X - %s
[11:32:28] [error] vge: %s(%d) : GL_CORE_ERROR=0x%X - %s
[11:32:28] [error] vge: %s(%d) : GL_CORE_ERROR=0x%X - %s
[11:32:28] [error] vge: %s(%d) : GL_CORE_ERROR=0x%X - %s
[11:32:28] [error] vge: %s(%d) : GL_CORE_ERROR=0x%X - %s
[11:32:28] [error] vge: %s(%d) : GL_CORE_ERROR=0x%X - %s
[11:32:28] [error] vge: %s(%d) : GL_CORE_ERROR=0x%X - %s
[11:32:28] [error] vge: %s(%d) : GL_CORE_ERROR=0x%X - %s
[11:32:28] [error] vge: %s(%d) : GL_CORE_ERROR=0x%X - %s
[11:32:28] [error] vge: %s(%d) : GL_CORE_ERROR=0x%X - %s
[11:32:28] [error] vge: %s(%d) : GL_CORE_ERROR=0x%X - %s
[11:32:28] [error] vge: %s(%d) : GL_CORE_ERROR=0x%X - %s
[11:32:28] [error] vge: %s(%d) : GL_CORE_ERROR=0x%X - %s
[11:32:28] [error] vge: %s(%d) : GL_CORE_ERROR=0x%X - %s
[11:32:28] [error] vge: %s(%d) : GL_CORE_ERROR=0x%X - %s
[11:32:28] [error] vge: %s(%d) : GL_CORE_ERROR=0x%X - %s
[11:32:28] [error] vge: %s(%d) : GL_CORE_ERROR=0x%X - %s
[11:32:28] [error] vge: %s(%d) : GL_CORE_ERROR=0x%X - %s
[11:32:28] [error] vge: %s(%d) : GL_CORE_ERROR=0x%X - %s
[11:32:28] [error] vge: %s(%d) : GL_CORE_ERROR=0x%X - %s
[11:32:28] [error] vge: %s(%d) : GL_CORE_ERROR=0x%X - %s
[11:32:28] [error] vge: %s(%d) : GL_CORE_ERROR=0x%X - %s
[11:32:28] [error] vge: %s(%d) : GL_CORE_ERROR=0x%X - %s
[11:32:28] [error] vge: %s(%d) : GL_CORE_ERROR=0x%X - %s
[11:32:28] [error] vge: %s(%d) : GL_CORE_ERROR=0x%X - %s
[11:32:28] [error] vge: %s(%d) : GL_CORE_ERROR=0x%X - %s
[11:32:28] [error] vge: %s(%d) : GL_CORE_ERROR=0x%X - %s
[11:32:28] [error] vge: %s(%d) : GL_CORE_ERROR=0x%X - %s
[11:32:29] [error] vge: %s(%d) : GL_CORE_ERROR=0x%X - %s
[11:32:29] [error] vge: %s(%d) : GL_CORE_ERROR=0x%X - %s
[11:32:29] [error] vge: %s(%d) : GL_CORE_ERROR=0x%X - %s
[11:32:29] [error] vge: %s(%d) : GL_CORE_ERROR=0x%X - %s
[11:32:29] [error] vge: %s(%d) : GL_CORE_ERROR=0x%X - %s
[11:32:29] [error] vge: %s(%d) : GL_CORE_ERROR=0x%X - %s
[11:32:29] [error] vge: %s(%d) : GL_CORE_ERROR=0x%X - %s
[11:32:29] [error] vge: %s(%d) : GL_CORE_ERROR=0x%X - %s
[11:32:29] [error] vge: %s(%d) : GL_CORE_ERROR=0x%X - %s
[11:32:29] [error] vge: %s(%d) : GL_CORE_ERROR=0x%X - %s
[11:32:29] [error] vge: %s(%d) : GL_CORE_ERROR=0x%X - %s
[11:32:29] [error] vge: %s(%d) : GL_CORE_ERROR=0x%X - %s
[11:32:29] [error] vge: %s(%d) : GL_CORE_ERROR=0x%X - %s
[11:32:29] [error] vge: %s(%d) : GL_CORE_ERROR=0x%X - %s
[11:32:29] [error] vge: %s(%d) : GL_CORE_ERROR=0x%X - %s
[11:32:29] [error] vge: %s(%d) : GL_CORE_ERROR=0x%X - %s
[11:32:29] [error] vge: %s(%d) : GL_CORE_ERROR=0x%X - %s
[11:32:29] [error] vge: %s(%d) : GL_CORE_ERROR=0x%X - %s
[11:32:29] [error] vge: %s(%d) : GL_CORE_ERROR=0x%X - %s
[11:32:29] [error] vge: %s(%d) : GL_CORE_ERROR=0x%X - %s
[11:32:29] [error] vge: %s(%d) : GL_CORE_ERROR=0x%X - %s
[11:32:29] [error] vge: %s(%d) : GL_CORE_ERROR=0x%X - %s
[11:32:29] [error] vge: %s(%d) : GL_CORE_ERROR=0x%X - %s
[11:32:29] [error] vge: %s(%d) : GL_CORE_ERROR=0x%X - %s
[11:32:29] [error] vge: %s(%d) : GL_CORE_ERROR=0x%X - %s
[11:32:29] [error] vge: %s(%d) : GL_CORE_ERROR=0x%X - %s
[11:32:29] [error] vge: %s(%d) : GL_CORE_ERROR=0x%X - %s
[11:32:29] [error] vge: %s(%d) : GL_CORE_ERROR=0x%X - %s
[11:32:29] [error] vge: %s(%d) : GL_CORE_ERROR=0x%X - %s
[11:32:29] [error] vge: %s(%d) : GL_CORE_ERROR=0x%X - %s
[11:32:29] [error] vge: %s(%d) : GL_CORE_ERROR=0x%X - %s
[11:32:29] [error] vge: %s(%d) : GL_CORE_ERROR=0x%X - %s
[11:32:29] [error] vge: %s(%d) : GL_CORE_ERROR=0x%X - %s
[11:32:29] [error] vge: %s(%d) : GL_CORE_ERROR=0x%X - %s
[11:32:29] [error] vge: %s(%d) : GL_CORE_ERROR=0x%X - %s
[11:32:29] [error] vge: %s(%d) : GL_CORE_ERROR=0x%X - %s
[11:32:29] [error] vge: %s(%d) : GL_CORE_ERROR=0x%X - %s
[11:32:29] [error] vge: %s(%d) : GL_CORE_ERROR=0x%X - %s
[11:32:29] [error] vge: %s(%d) : GL_CORE_ERROR=0x%X - %s
[11:32:29] [error] vge: %s(%d) : GL_CORE_ERROR=0x%X - %s
[11:32:29] [error] vge: %s(%d) : GL_CORE_ERROR=0x%X - %s
[11:32:29] [error] vge: %s(%d) : GL_CORE_ERROR=0x%X - %s
[11:32:29] [error] vge: %s(%d) : GL_CORE_ERROR=0x%X - %s
[11:32:29] [error] vge: %s(%d) : GL_CORE_ERROR=0x%X - %s
[11:32:29] [error] vge: %s(%d) : GL_CORE_ERROR=0x%X - %s
[11:32:29] [error] vge: %s(%d) : GL_CORE_ERROR=0x%X - %s
[11:32:29] [error] vge: %s(%d) : GL_CORE_ERROR=0x%X - %s
[11:32:29] [error] vge: %s(%d) : GL_CORE_ERROR=0x%X - %s
[11:32:29] [error] vge: %s(%d) : GL_CORE_ERROR=0x%X - %s
[11:32:29] [error] vge: %s(%d) : GL_CORE_ERROR=0x%X - %s
[11:32:29] [error] vge: %s(%d) : GL_CORE_ERROR=0x%X - %s
[11:32:29] [error] vge: %s(%d) : GL_CORE_ERROR=0x%X - %s
[11:32:29] [error] vge: %s(%d) : GL_CORE_ERROR=0x%X - %s
[11:32:29] [error] vge: %s(%d) : GL_CORE_ERROR=0x%X - %s
[11:32:29] [error] vge: %s(%d) : GL_CORE_ERROR=0x%X - %s
[11:32:29] [error] vge: %s(%d) : GL_CORE_ERROR=0x%X - %s
[11:32:29] [error] vge: %s(%d) : GL_CORE_ERROR=0x%X - %s
[11:32:29] [error] vge: %s(%d) : GL_CORE_ERROR=0x%X - %s
[11:32:29] [error] vge: %s(%d) : GL_CORE_ERROR=0x%X - %s
[11:32:29] [error] vge: %s(%d) : GL_CORE_ERROR=0x%X - %s
[11:32:29] [error] vge: %s(%d) : GL_CORE_ERROR=0x%X - %s
[11:32:29] [error] vge: %s(%d) : GL_CORE_ERROR=0x%X - %s
[11:32:29] [error] vge: %s(%d) : GL_CORE_ERROR=0x%X - %s
[11:32:29] [error] vge: %s(%d) : GL_CORE_ERROR=0x%X - %s
[11:32:29] [error] vge: %s(%d) : GL_CORE_ERROR=0x%X - %s
[11:32:29] [error] vge: %s(%d) : GL_CORE_ERROR=0x%X - %s
[11:32:29] [error] vge: %s(%d) : GL_CORE_ERROR=0x%X - %s
[11:32:29] [error] vge: %s(%d) : GL_CORE_ERROR=0x%X - %s
[11:32:29] [error] vge: %s(%d) : GL_CORE_ERROR=0x%X - %s
[11:32:29] [error] vge: %s(%d) : GL_CORE_ERROR=0x%X - %s
[11:32:29] [error] vge: %s(%d) : GL_CORE_ERROR=0x%X - %s
[11:32:29] [error] vge: %s(%d) : GL_CORE_ERROR=0x%X - %s
[11:32:29] [error] vge: %s(%d) : GL_CORE_ERROR=0x%X - %s
[11:32:29] [error] vge: %s(%d) : GL_CORE_ERROR=0x%X - %s
[11:32:29] [error] vge: %s(%d) : GL_CORE_ERROR=0x%X - %s
[11:32:29] [error] vge: %s(%d) : GL_CORE_ERROR=0x%X - %s
[11:32:29] [error] vge: %s(%d) : GL_CORE_ERROR=0x%X - %s
[11:32:29] [error] vge: %s(%d) : GL_CORE_ERROR=0x%X - %s
[11:32:29] [error] vge: %s(%d) : GL_CORE_ERROR=0x%X - %s
[11:32:29] [error] vge: %s(%d) : GL_CORE_ERROR=0x%X - %s
[11:32:29] [error] vge: %s(%d) : GL_CORE_ERROR=0x%X - %s
[11:32:29] [error] vge: %s(%d) : GL_CORE_ERROR=0x%X - %s
[11:32:29] [error] vge: %s(%d) : GL_CORE_ERROR=0x%X - %s
[11:32:29] [error] vge: %s(%d) : GL_CORE_ERROR=0x%X - %s
[11:32:29] [error] vge: %s(%d) : GL_CORE_ERROR=0x%X - %s
[11:32:29] [error] vge: %s(%d) : GL_CORE_ERROR=0x%X - %s
[11:32:29] [error] vge: %s(%d) : GL_CORE_ERROR=0x%X - %s
[11:32:29] [error] vge: %s(%d) : GL_CORE_ERROR=0x%X - %s
[11:32:29] [error] vge: %s(%d) : GL_CORE_ERROR=0x%X - %s
[11:32:30] [error] vge: %s(%d) : GL_CORE_ERROR=0x%X - %s
[11:32:30] [error] vge: %s(%d) : GL_CORE_ERROR=0x%X - %s
[11:32:30] [error] vge: %s(%d) : GL_CORE_ERROR=0x%X - %s
[11:32:30] [error] vge: %s(%d) : GL_CORE_ERROR=0x%X - %s
[11:32:30] [error] vge: %s(%d) : GL_CORE_ERROR=0x%X - %s
[11:32:30] [error] vge: %s(%d) : GL_CORE_ERROR=0x%X - %s
[11:32:30] [error] vge: %s(%d) : GL_CORE_ERROR=0x%X - %s
[11:32:30] [error] vge: %s(%d) : GL_CORE_ERROR=0x%X - %s
[11:32:30] [error] vge: %s(%d) : GL_CORE_ERROR=0x%X - %s
[11:32:30] [error] vge: %s(%d) : GL_CORE_ERROR=0x%X - %s
[11:32:30] [error] vge: %s(%d) : GL_CORE_ERROR=0x%X - %s
[11:32:30] [error] vge: %s(%d) : GL_CORE_ERROR=0x%X - %s
[11:32:30] [error] vge: %s(%d) : GL_CORE_ERROR=0x%X - %s
[11:32:30] [error] vge: %s(%d) : GL_CORE_ERROR=0x%X - %s
[11:32:30] [error] vge: %s(%d) : GL_CORE_ERROR=0x%X - %s
[11:32:30] [error] vge: %s(%d) : GL_CORE_ERROR=0x%X - %s
[11:32:30] [error] vge: %s(%d) : GL_CORE_ERROR=0x%X - %s
[11:32:30] [error] vge: %s(%d) : GL_CORE_ERROR=0x%X - %s
[11:32:30] [error] vge: %s(%d) : GL_CORE_ERROR=0x%X - %s
[11:32:30] [error] vge: %s(%d) : GL_CORE_ERROR=0x%X - %s
[11:32:30] [error] vge: %s(%d) : GL_CORE_ERROR=0x%X - %s
[11:32:30] [error] vge: %s(%d) : GL_CORE_ERROR=0x%X - %s
[11:32:30] [error] vge: %s(%d) : GL_CORE_ERROR=0x%X - %s
[11:32:30] [error] vge: %s(%d) : GL_CORE_ERROR=0x%X - %s
[11:32:30] [error] vge: %s(%d) : GL_CORE_ERROR=0x%X - %s
[11:32:30] [error] vge: %s(%d) : GL_CORE_ERROR=0x%X - %s
[11:32:30] [error] vge: %s(%d) : GL_CORE_ERROR=0x%X - %s
[11:32:30] [error] vge: %s(%d) : GL_CORE_ERROR=0x%X - %s
[11:32:30] [error] vge: %s(%d) : GL_CORE_ERROR=0x%X - %s
[11:32:30] [error] vge: %s(%d) : GL_CORE_ERROR=0x%X - %s
[11:32:30] [error] vge: %s(%d) : GL_CORE_ERROR=0x%X - %s
[11:32:30] [error] vge: %s(%d) : GL_CORE_ERROR=0x%X - %s
[11:32:30] [error] vge: %s(%d) : GL_CORE_ERROR=0x%X - %s
[11:32:30] [error] vge: %s(%d) : GL_CORE_ERROR=0x%X - %s
[11:32:30] [error] vge: %s(%d) : GL_CORE_ERROR=0x%X - %s
[11:32:30] [error] vge: %s(%d) : GL_CORE_ERROR=0x%X - %s
[11:32:30] [error] vge: %s(%d) : GL_CORE_ERROR=0x%X - %s
[11:32:30] [error] vge: %s(%d) : GL_CORE_ERROR=0x%X - %s
[11:32:30] [error] vge: %s(%d) : GL_CORE_ERROR=0x%X - %s
[11:32:30] [error] vge: %s(%d) : GL_CORE_ERROR=0x%X - %s
[11:32:30] [error] vge: %s(%d) : GL_CORE_ERROR=0x%X - %s
[11:32:30] [error] vge: %s(%d) : GL_CORE_ERROR=0x%X - %s
[11:32:30] [error] vge: %s(%d) : GL_CORE_ERROR=0x%X - %s
[11:32:30] [error] vge: %s(%d) : GL_CORE_ERROR=0x%X - %s
[11:32:30] [error] vge: %s(%d) : GL_CORE_ERROR=0x%X - %s
[11:32:30] [error] vge: %s(%d) : GL_CORE_ERROR=0x%X - %s
[11:32:30] [error] vge: %s(%d) : GL_CORE_ERROR=0x%X - %s
[11:32:30] [error] vge: %s(%d) : GL_CORE_ERROR=0x%X - %s
[11:32:30] [error] vge: %s(%d) : GL_CORE_ERROR=0x%X - %s
[11:32:30] [error] vge: %s(%d) : GL_CORE_ERROR=0x%X - %s
[11:32:30] [error] vge: %s(%d) : GL_CORE_ERROR=0x%X - %s
[11:32:30] [error] vge: %s(%d) : GL_CORE_ERROR=0x%X - %s
[11:32:30] [error] vge: %s(%d) : GL_CORE_ERROR=0x%X - %s
[11:32:30] [error] vge: %s(%d) : GL_CORE_ERROR=0x%X - %s
[11:32:30] [error] vge: %s(%d) : GL_CORE_ERROR=0x%X - %s
[11:32:30] [error] vge: %s(%d) : GL_CORE_ERROR=0x%X - %s
[11:32:30] [error] vge: %s(%d) : GL_CORE_ERROR=0x%X - %s
[11:32:30] [error] vge: %s(%d) : GL_CORE_ERROR=0x%X - %s
[11:32:30] [error] vge: %s(%d) : GL_CORE_ERROR=0x%X - %s
[11:32:30] [error] vge: %s(%d) : GL_CORE_ERROR=0x%X - %s
[11:32:30] [error] vge: %s(%d) : GL_CORE_ERROR=0x%X - %s
[11:32:30] [error] vge: %s(%d) : GL_CORE_ERROR=0x%X - %s
[11:32:30] [error] vge: %s(%d) : GL_CORE_ERROR=0x%X - %s
[11:32:30] [error] vge: %s(%d) : GL_CORE_ERROR=0x%X - %s
[11:32:30] [error] vge: %s(%d) : GL_CORE_ERROR=0x%X - %s
[11:32:30] [error] vge: %s(%d) : GL_CORE_ERROR=0x%X - %s
[11:32:30] [error] vge: %s(%d) : GL_CORE_ERROR=0x%X - %s
[11:32:30] [error] vge: %s(%d) : GL_CORE_ERROR=0x%X - %s
[11:32:30] [error] vge: %s(%d) : GL_CORE_ERROR=0x%X - %s
[11:32:30] [error] vge: %s(%d) : GL_CORE_ERROR=0x%X - %s
[11:32:30] [error] vge: %s(%d) : GL_CORE_ERROR=0x%X - %s
[11:32:30] [error] vge: %s(%d) : GL_CORE_ERROR=0x%X - %s
[11:32:30] [error] vge: %s(%d) : GL_CORE_ERROR=0x%X - %s
[11:32:30] [error] vge: %s(%d) : GL_CORE_ERROR=0x%X - %s
[11:32:30] [error] vge: %s(%d) : GL_CORE_ERROR=0x%X - %s
[11:32:30] [error] vge: %s(%d) : GL_CORE_ERROR=0x%X - %s
[11:32:30] [error] vge: %s(%d) : GL_CORE_ERROR=0x%X - %s
[11:32:30] [error] vge: %s(%d) : GL_CORE_ERROR=0x%X - %s
[11:32:30] [error] vge: %s(%d) : GL_CORE_ERROR=0x%X - %s
[11:32:30] [error] vge: %s(%d) : GL_CORE_ERROR=0x%X - %s
[11:32:30] [error] vge: %s(%d) : GL_CORE_ERROR=0x%X - %s
[11:32:30] [error] vge: %s(%d) : GL_CORE_ERROR=0x%X - %s
[11:32:30] [error] vge: %s(%d) : GL_CORE_ERROR=0x%X - %s
[11:32:30] [error] vge: %s(%d) : GL_CORE_ERROR=0x%X - %s
[11:32:30] [error] vge: %s(%d) : GL_CORE_ERROR=0x%X - %s
[11:32:30] [error] vge: %s(%d) : GL_CORE_ERROR=0x%X - %s
[11:32:30] [error] vge: %s(%d) : GL_CORE_ERROR=0x%X - %s
[11:32:30] [error] vge: %s(%d) : GL_CORE_ERROR=0x%X - %s
[11:32:30] [error] vge: %s(%d) : GL_CORE_ERROR=0x%X - %s
[11:32:30] [error] vge: %s(%d) : GL_CORE_ERROR=0x%X - %s
[11:32:31] [error] vge: %s(%d) : GL_CORE_ERROR=0x%X - %s
[11:32:31] [error] vge: %s(%d) : GL_CORE_ERROR=0x%X - %s
[11:32:31] [error] vge: %s(%d) : GL_CORE_ERROR=0x%X - %s
[11:32:31] [error] vge: %s(%d) : GL_CORE_ERROR=0x%X - %s
[11:32:31] [error] vge: %s(%d) : GL_CORE_ERROR=0x%X - %s
[11:32:31] [error] vge: %s(%d) : GL_CORE_ERROR=0x%X - %s
[11:32:31] [error] vge: %s(%d) : GL_CORE_ERROR=0x%X - %s
[11:32:31] [error] vge: %s(%d) : GL_CORE_ERROR=0x%X - %s
[11:32:31] [error] vge: %s(%d) : GL_CORE_ERROR=0x%X - %s
[11:32:31] [error] vge: %s(%d) : GL_CORE_ERROR=0x%X - %s
[11:32:31] [error] vge: %s(%d) : GL_CORE_ERROR=0x%X - %s
[11:32:31] [error] vge: %s(%d) : GL_CORE_ERROR=0x%X - %s
[11:32:31] [error] vge: %s(%d) : GL_CORE_ERROR=0x%X - %s
[11:32:31] [error] vge: %s(%d) : GL_CORE_ERROR=0x%X - %s
[11:32:31] [error] vge: %s(%d) : GL_CORE_ERROR=0x%X - %s
[11:32:31] [error] vge: %s(%d) : GL_CORE_ERROR=0x%X - %s
[11:32:31] [error] vge: %s(%d) : GL_CORE_ERROR=0x%X - %s
[11:32:31] [error] vge: %s(%d) : GL_CORE_ERROR=0x%X - %s
[11:32:31] [error] vge: %s(%d) : GL_CORE_ERROR=0x%X - %s
[11:32:31] [error] vge: %s(%d) : GL_CORE_ERROR=0x%X - %s
[11:32:31] [error] vge: %s(%d) : GL_CORE_ERROR=0x%X - %s
[11:32:31] [error] vge: %s(%d) : GL_CORE_ERROR=0x%X - %s
[11:32:31] [error] vge: %s(%d) : GL_CORE_ERROR=0x%X - %s
[11:32:31] [error] vge: %s(%d) : GL_CORE_ERROR=0x%X - %s
[11:32:31] [error] vge: %s(%d) : GL_CORE_ERROR=0x%X - %s
[11:32:31] [error] vge: %s(%d) : GL_CORE_ERROR=0x%X - %s
[11:32:31] [error] vge: %s(%d) : GL_CORE_ERROR=0x%X - %s
[11:32:31] [error] vge: %s(%d) : GL_CORE_ERROR=0x%X - %s
[11:32:31] [error] vge: %s(%d) : GL_CORE_ERROR=0x%X - %s
[11:32:31] [error] vge: %s(%d) : GL_CORE_ERROR=0x%X - %s
[11:32:31] [error] vge: %s(%d) : GL_CORE_ERROR=0x%X - %s
[11:32:31] [error] vge: %s(%d) : GL_CORE_ERROR=0x%X - %s
[11:32:31] [error] vge: %s(%d) : GL_CORE_ERROR=0x%X - %s
[11:32:31] [error] vge: %s(%d) : GL_CORE_ERROR=0x%X - %s
[11:32:31] [error] vge: %s(%d) : GL_CORE_ERROR=0x%X - %s
[11:32:31] [error] vge: %s(%d) : GL_CORE_ERROR=0x%X - %s
[11:32:31] [error] vge: %s(%d) : GL_CORE_ERROR=0x%X - %s
[11:32:31] [error] vge: %s(%d) : GL_CORE_ERROR=0x%X - %s
[11:32:31] [error] vge: %s(%d) : GL_CORE_ERROR=0x%X - %s
[11:32:31] [error] vge: %s(%d) : GL_CORE_ERROR=0x%X - %s
[11:32:31] [error] vge: %s(%d) : GL_CORE_ERROR=0x%X - %s
[11:32:31] [error] vge: %s(%d) : GL_CORE_ERROR=0x%X - %s
[11:32:31] [error] vge: %s(%d) : GL_CORE_ERROR=0x%X - %s
[11:32:31] [error] vge: %s(%d) : GL_CORE_ERROR=0x%X - %s
[11:32:31] [error] vge: %s(%d) : GL_CORE_ERROR=0x%X - %s
[11:32:31] [error] vge: %s(%d) : GL_CORE_ERROR=0x%X - %s
[11:32:31] [error] vge: %s(%d) : GL_CORE_ERROR=0x%X - %s
[11:32:31] [error] vge: %s(%d) : GL_CORE_ERROR=0x%X - %s
[11:32:31] [error] vge: %s(%d) : GL_CORE_ERROR=0x%X - %s
[11:32:31] [error] vge: %s(%d) : GL_CORE_ERROR=0x%X - %s
[11:32:31] [error] vge: %s(%d) : GL_CORE_ERROR=0x%X - %s
[11:32:31] [error] vge: %s(%d) : GL_CORE_ERROR=0x%X - %s
[11:32:31] [error] vge: %s(%d) : GL_CORE_ERROR=0x%X - %s
[11:32:31] [error] vge: %s(%d) : GL_CORE_ERROR=0x%X - %s
[11:32:31] [error] vge: %s(%d) : GL_CORE_ERROR=0x%X - %s
[11:32:31] [error] vge: %s(%d) : GL_CORE_ERROR=0x%X - %s
[11:32:31] [error] vge: %s(%d) : GL_CORE_ERROR=0x%X - %s
[11:32:31] [error] vge: %s(%d) : GL_CORE_ERROR=0x%X - %s
[11:32:31] [error] vge: %s(%d) : GL_CORE_ERROR=0x%X - %s
[11:32:31] [error] vge: %s(%d) : GL_CORE_ERROR=0x%X - %s
[11:32:31] [error] vge: %s(%d) : GL_CORE_ERROR=0x%X - %s
[11:32:31] [error] vge: %s(%d) : GL_CORE_ERROR=0x%X - %s
[11:32:31] [error] vge: %s(%d) : GL_CORE_ERROR=0x%X - %s
[11:32:31] [error] vge: %s(%d) : GL_CORE_ERROR=0x%X - %s
[11:32:31] [error] vge: %s(%d) : GL_CORE_ERROR=0x%X - %s
[11:32:31] [error] vge: %s(%d) : GL_CORE_ERROR=0x%X - %s
[11:32:31] [error] vge: %s(%d) : GL_CORE_ERROR=0x%X - %s
[11:32:31] [error] vge: %s(%d) : GL_CORE_ERROR=0x%X - %s
[11:32:31] [error] vge: %s(%d) : GL_CORE_ERROR=0x%X - %s
[11:32:31] [error] vge: %s(%d) : GL_CORE_ERROR=0x%X - %s
[11:32:31] [error] vge: %s(%d) : GL_CORE_ERROR=0x%X - %s
[11:32:31] [error] vge: %s(%d) : GL_CORE_ERROR=0x%X - %s
[11:32:31] [error] vge: %s(%d) : GL_CORE_ERROR=0x%X - %s
[11:32:31] [error] vge: %s(%d) : GL_CORE_ERROR=0x%X - %s
[11:32:31] [error] vge: %s(%d) : GL_CORE_ERROR=0x%X - %s
[11:32:31] [error] vge: %s(%d) : GL_CORE_ERROR=0x%X - %s
[11:32:31] [error] vge: %s(%d) : GL_CORE_ERROR=0x%X - %s
[11:32:31] [error] vge: %s(%d) : GL_CORE_ERROR=0x%X - %s
[11:32:31] [error] vge: %s(%d) : GL_CORE_ERROR=0x%X - %s
[11:32:31] [error] vge: %s(%d) : GL_CORE_ERROR=0x%X - %s
[11:32:31] [error] vge: %s(%d) : GL_CORE_ERROR=0x%X - %s
[11:32:31] [error] vge: %s(%d) : GL_CORE_ERROR=0x%X - %s
[11:32:31] [error] vge: %s(%d) : GL_CORE_ERROR=0x%X - %s
[11:32:31] [error] vge: %s(%d) : GL_CORE_ERROR=0x%X - %s
[11:32:31] [error] vge: %s(%d) : GL_CORE_ERROR=0x%X - %s
[11:32:31] [error] vge: %s(%d) : GL_CORE_ERROR=0x%X - %s
[11:32:31] [error] vge: %s(%d) : GL_CORE_ERROR=0x%X - %s
[11:32:31] [error] vge: %s(%d) : GL_CORE_ERROR=0x%X - %s
[11:32:31] [error] vge: %s(%d) : GL_CORE_ERROR=0x%X - %s
[11:32:31] [error] vge: %s(%d) : GL_CORE_ERROR=0x%X - %s
[11:32:32] [error] vge: %s(%d) : GL_CORE_ERROR=0x%X - %s
[11:32:32] [error] vge: %s(%d) : GL_CORE_ERROR=0x%X - %s
[11:32:32] [error] vge: %s(%d) : GL_CORE_ERROR=0x%X - %s
[11:32:32] [error] vge: %s(%d) : GL_CORE_ERROR=0x%X - %s
[11:32:32] [error] vge: %s(%d) : GL_CORE_ERROR=0x%X - %s
[11:32:32] [error] vge: %s(%d) : GL_CORE_ERROR=0x%X - %s
[11:32:32] [error] vge: %s(%d) : GL_CORE_ERROR=0x%X - %s
[11:32:32] [error] vge: %s(%d) : GL_CORE_ERROR=0x%X - %s
[11:32:32] [error] vge: %s(%d) : GL_CORE_ERROR=0x%X - %s
[11:32:32] [error] vge: %s(%d) : GL_CORE_ERROR=0x%X - %s
[11:32:32] [error] vge: %s(%d) : GL_CORE_ERROR=0x%X - %s
[11:32:32] [error] vge: %s(%d) : GL_CORE_ERROR=0x%X - %s
[11:32:32] [error] vge: %s(%d) : GL_CORE_ERROR=0x%X - %s
[11:32:32] [error] vge: %s(%d) : GL_CORE_ERROR=0x%X - %s
[11:32:32] [error] vge: %s(%d) : GL_CORE_ERROR=0x%X - %s
[11:32:32] [error] vge: %s(%d) : GL_CORE_ERROR=0x%X - %s
[11:32:32] [error] vge: %s(%d) : GL_CORE_ERROR=0x%X - %s
[11:32:32] [error] vge: %s(%d) : GL_CORE_ERROR=0x%X - %s
[11:32:32] [error] vge: %s(%d) : GL_CORE_ERROR=0x%X - %s
[11:32:32] [error] vge: %s(%d) : GL_CORE_ERROR=0x%X - %s
[11:32:32] [error] vge: %s(%d) : GL_CORE_ERROR=0x%X - %s
[11:32:32] [error] vge: %s(%d) : GL_CORE_ERROR=0x%X - %s
[11:32:32] [error] vge: %s(%d) : GL_CORE_ERROR=0x%X - %s
[11:32:32] [error] vge: %s(%d) : GL_CORE_ERROR=0x%X - %s
[11:32:32] [error] vge: %s(%d) : GL_CORE_ERROR=0x%X - %s
[11:32:32] [error] vge: %s(%d) : GL_CORE_ERROR=0x%X - %s
[11:32:32] [error] vge: %s(%d) : GL_CORE_ERROR=0x%X - %s
[11:32:32] [error] vge: %s(%d) : GL_CORE_ERROR=0x%X - %s
[11:32:32] [error] vge: %s(%d) : GL_CORE_ERROR=0x%X - %s
[11:32:32] [error] vge: %s(%d) : GL_CORE_ERROR=0x%X - %s
[11:32:32] [error] vge: %s(%d) : GL_CORE_ERROR=0x%X - %s
[11:32:32] [error] vge: %s(%d) : GL_CORE_ERROR=0x%X - %s
[11:32:32] [error] vge: %s(%d) : GL_CORE_ERROR=0x%X - %s
[11:32:32] [error] vge: %s(%d) : GL_CORE_ERROR=0x%X - %s
[11:32:32] [error] vge: %s(%d) : GL_CORE_ERROR=0x%X - %s
[11:32:32] [error] vge: %s(%d) : GL_CORE_ERROR=0x%X - %s
[11:32:32] [error] vge: %s(%d) : GL_CORE_ERROR=0x%X - %s
[11:32:32] [error] vge: %s(%d) : GL_CORE_ERROR=0x%X - %s
[11:32:32] [error] vge: %s(%d) : GL_CORE_ERROR=0x%X - %s
[11:32:32] [error] vge: %s(%d) : GL_CORE_ERROR=0x%X - %s
[11:32:32] [error] vge: %s(%d) : GL_CORE_ERROR=0x%X - %s
[11:32:32] [error] vge: %s(%d) : GL_CORE_ERROR=0x%X - %s
[11:32:32] [error] vge: %s(%d) : GL_CORE_ERROR=0x%X - %s
[11:32:32] [error] vge: %s(%d) : GL_CORE_ERROR=0x%X - %s
[11:32:32] [error] vge: %s(%d) : GL_CORE_ERROR=0x%X - %s
[11:32:32] [error] vge: %s(%d) : GL_CORE_ERROR=0x%X - %s
[11:32:32] [error] vge: %s(%d) : GL_CORE_ERROR=0x%X - %s
[11:32:32] [error] vge: %s(%d) : GL_CORE_ERROR=0x%X - %s
[11:32:32] [error] vge: %s(%d) : GL_CORE_ERROR=0x%X - %s
[11:32:32] [error] vge: %s(%d) : GL_CORE_ERROR=0x%X - %s
[11:32:32] [error] vge: %s(%d) : GL_CORE_ERROR=0x%X - %s
[11:32:32] [error] vge: %s(%d) : GL_CORE_ERROR=0x%X - %s
[11:32:32] [error] vge: %s(%d) : GL_CORE_ERROR=0x%X - %s
[11:32:32] [error] vge: %s(%d) : GL_CORE_ERROR=0x%X - %s
[11:32:32] [error] vge: %s(%d) : GL_CORE_ERROR=0x%X - %s
[11:32:32] [error] vge: %s(%d) : GL_CORE_ERROR=0x%X - %s
[11:32:32] [error] vge: %s(%d) : GL_CORE_ERROR=0x%X - %s
[11:32:32] [error] vge: %s(%d) : GL_CORE_ERROR=0x%X - %s
[11:32:32] [error] vge: %s(%d) : GL_CORE_ERROR=0x%X - %s
[11:32:32] [error] vge: %s(%d) : GL_CORE_ERROR=0x%X - %s
[11:32:32] [error] vge: %s(%d) : GL_CORE_ERROR=0x%X - %s
[11:32:32] [error] vge: %s(%d) : GL_CORE_ERROR=0x%X - %s
[11:32:32] [error] vge: %s(%d) : GL_CORE_ERROR=0x%X - %s
[11:32:32] [error] vge: %s(%d) : GL_CORE_ERROR=0x%X - %s
[11:32:32] [error] vge: %s(%d) : GL_CORE_ERROR=0x%X - %s
[11:32:32] [error] vge: %s(%d) : GL_CORE_ERROR=0x%X - %s
[11:32:32] [error] vge: %s(%d) : GL_CORE_ERROR=0x%X - %s
[11:32:32] [error] vge: %s(%d) : GL_CORE_ERROR=0x%X - %s
[11:32:32] [error] vge: %s(%d) : GL_CORE_ERROR=0x%X - %s
[11:32:32] [error] vge: %s(%d) : GL_CORE_ERROR=0x%X - %s
[11:32:32] [error] vge: %s(%d) : GL_CORE_ERROR=0x%X - %s
[11:32:32] [error] vge: %s(%d) : GL_CORE_ERROR=0x%X - %s
[11:32:32] [error] vge: %s(%d) : GL_CORE_ERROR=0x%X - %s
[11:32:32] [error] vge: %s(%d) : GL_CORE_ERROR=0x%X - %s
[11:32:32] [error] vge: %s(%d) : GL_CORE_ERROR=0x%X - %s
[11:32:32] [error] vge: %s(%d) : GL_CORE_ERROR=0x%X - %s
[11:32:32] [error] vge: %s(%d) : GL_CORE_ERROR=0x%X - %s
[11:32:32] [error] vge: %s(%d) : GL_CORE_ERROR=0x%X - %s
[11:32:32] [error] vge: %s(%d) : GL_CORE_ERROR=0x%X - %s
[11:32:32] [error] vge: %s(%d) : GL_CORE_ERROR=0x%X - %s
[11:32:32] [error] vge: %s(%d) : GL_CORE_ERROR=0x%X - %s
[11:32:32] [error] vge: %s(%d) : GL_CORE_ERROR=0x%X - %s
[11:32:32] [error] vge: %s(%d) : GL_CORE_ERROR=0x%X - %s
[11:32:32] [error] vge: %s(%d) : GL_CORE_ERROR=0x%X - %s
[11:32:32] [error] vge: %s(%d) : GL_CORE_ERROR=0x%X - %s
[11:32:32] [error] vge: %s(%d) : GL_CORE_ERROR=0x%X - %s
[11:32:32] [error] vge: %s(%d) : GL_CORE_ERROR=0x%X - %s
[11:32:32] [error] vge: %s(%d) : GL_CORE_ERROR=0x%X - %s
[11:32:32] [error] vge: %s(%d) : GL_CORE_ERROR=0x%X - %s
[11:32:33] [error] vge: %s(%d) : GL_CORE_ERROR=0x%X - %s
[11:32:33] [error] vge: %s(%d) : GL_CORE_ERROR=0x%X - %s
[11:32:33] [error] vge: %s(%d) : GL_CORE_ERROR=0x%X - %s
[11:32:33] [error] vge: %s(%d) : GL_CORE_ERROR=0x%X - %s
[11:32:33] [error] vge: %s(%d) : GL_CORE_ERROR=0x%X - %s
[11:32:33] [error] vge: %s(%d) : GL_CORE_ERROR=0x%X - %s
[11:32:33] [error] vge: %s(%d) : GL_CORE_ERROR=0x%X - %s
[11:32:33] [error] vge: %s(%d) : GL_CORE_ERROR=0x%X - %s
[11:32:33] [error] vge: %s(%d) : GL_CORE_ERROR=0x%X - %s
[11:32:33] [error] vge: %s(%d) : GL_CORE_ERROR=0x%X - %s
[11:32:33] [error] vge: %s(%d) : GL_CORE_ERROR=0x%X - %s
[11:32:33] [error] vge: %s(%d) : GL_CORE_ERROR=0x%X - %s
[11:32:33] [error] vge: %s(%d) : GL_CORE_ERROR=0x%X - %s
[11:32:33] [error] vge: %s(%d) : GL_CORE_ERROR=0x%X - %s
[11:32:33] [error] vge: %s(%d) : GL_CORE_ERROR=0x%X - %s
[11:32:33] [error] vge: %s(%d) : GL_CORE_ERROR=0x%X - %s
[11:32:33] [error] vge: %s(%d) : GL_CORE_ERROR=0x%X - %s
[11:32:33] [error] vge: %s(%d) : GL_CORE_ERROR=0x%X - %s
[11:32:33] [error] vge: %s(%d) : GL_CORE_ERROR=0x%X - %s
[11:32:33] [error] vge: %s(%d) : GL_CORE_ERROR=0x%X - %s
[11:32:33] [error] vge: %s(%d) : GL_CORE_ERROR=0x%X - %s
[11:32:33] [error] vge: %s(%d) : GL_CORE_ERROR=0x%X - %s
[11:32:33] [error] vge: %s(%d) : GL_CORE_ERROR=0x%X - %s
[11:32:33] [error] vge: %s(%d) : GL_CORE_ERROR=0x%X - %s
[11:32:33] [error] vge: %s(%d) : GL_CORE_ERROR=0x%X - %s
[11:32:33] [error] vge: %s(%d) : GL_CORE_ERROR=0x%X - %s
[11:32:33] [error] vge: %s(%d) : GL_CORE_ERROR=0x%X - %s
[11:32:33] [error] vge: %s(%d) : GL_CORE_ERROR=0x%X - %s
[11:32:33] [error] vge: %s(%d) : GL_CORE_ERROR=0x%X - %s
[11:32:33] [error] vge: %s(%d) : GL_CORE_ERROR=0x%X - %s
[11:32:33] [error] vge: %s(%d) : GL_CORE_ERROR=0x%X - %s
[11:32:33] [error] vge: %s(%d) : GL_CORE_ERROR=0x%X - %s
[11:32:33] [error] vge: %s(%d) : GL_CORE_ERROR=0x%X - %s
[11:32:33] [error] vge: %s(%d) : GL_CORE_ERROR=0x%X - %s
[11:32:33] [error] vge: %s(%d) : GL_CORE_ERROR=0x%X - %s
[11:32:33] [error] vge: %s(%d) : GL_CORE_ERROR=0x%X - %s
[11:32:33] [error] vge: %s(%d) : GL_CORE_ERROR=0x%X - %s
[11:32:33] [error] vge: %s(%d) : GL_CORE_ERROR=0x%X - %s
[11:32:33] [error] vge: %s(%d) : GL_CORE_ERROR=0x%X - %s
[11:32:33] [error] vge: %s(%d) : GL_CORE_ERROR=0x%X - %s
[11:32:33] [error] vge: %s(%d) : GL_CORE_ERROR=0x%X - %s
[11:32:33] [error] vge: %s(%d) : GL_CORE_ERROR=0x%X - %s
[11:32:33] [error] vge: %s(%d) : GL_CORE_ERROR=0x%X - %s
[11:32:33] [error] vge: %s(%d) : GL_CORE_ERROR=0x%X - %s
[11:32:33] [error] vge: %s(%d) : GL_CORE_ERROR=0x%X - %s
[11:32:33] [error] vge: %s(%d) : GL_CORE_ERROR=0x%X - %s
[11:32:33] [error] vge: %s(%d) : GL_CORE_ERROR=0x%X - %s
[11:32:33] [error] vge: %s(%d) : GL_CORE_ERROR=0x%X - %s
[11:32:33] [error] vge: %s(%d) : GL_CORE_ERROR=0x%X - %s
[11:32:33] [error] vge: %s(%d) : GL_CORE_ERROR=0x%X - %s
[11:32:33] [error] vge: %s(%d) : GL_CORE_ERROR=0x%X - %s
[11:32:33] [error] vge: %s(%d) : GL_CORE_ERROR=0x%X - %s
[11:32:33] [error] vge: %s(%d) : GL_CORE_ERROR=0x%X - %s
[11:32:33] [error] vge: %s(%d) : GL_CORE_ERROR=0x%X - %s
[11:32:33] [error] vge: %s(%d) : GL_CORE_ERROR=0x%X - %s
[11:32:33] [error] vge: %s(%d) : GL_CORE_ERROR=0x%X - %s
[11:32:33] [error] vge: %s(%d) : GL_CORE_ERROR=0x%X - %s
[11:32:33] [error] vge: %s(%d) : GL_CORE_ERROR=0x%X - %s
[11:32:33] [error] vge: %s(%d) : GL_CORE_ERROR=0x%X - %s
[11:32:33] [error] vge: %s(%d) : GL_CORE_ERROR=0x%X - %s
[11:32:33] [error] vge: %s(%d) : GL_CORE_ERROR=0x%X - %s
[11:32:33] [error] vge: %s(%d) : GL_CORE_ERROR=0x%X - %s
[11:32:33] [error] vge: %s(%d) : GL_CORE_ERROR=0x%X - %s
[11:32:33] [error] vge: %s(%d) : GL_CORE_ERROR=0x%X - %s
[11:32:33] [error] vge: %s(%d) : GL_CORE_ERROR=0x%X - %s
[11:32:33] [error] vge: %s(%d) : GL_CORE_ERROR=0x%X - %s
[11:32:33] [error] vge: %s(%d) : GL_CORE_ERROR=0x%X - %s
[11:32:33] [error] vge: %s(%d) : GL_CORE_ERROR=0x%X - %s
[11:32:33] [error] vge: %s(%d) : GL_CORE_ERROR=0x%X - %s
[11:32:33] [error] vge: %s(%d) : GL_CORE_ERROR=0x%X - %s
[11:32:33] [error] vge: %s(%d) : GL_CORE_ERROR=0x%X - %s
[11:32:33] [error] vge: %s(%d) : GL_CORE_ERROR=0x%X - %s
[11:32:33] [error] vge: %s(%d) : GL_CORE_ERROR=0x%X - %s
[11:32:33] [error] vge: %s(%d) : GL_CORE_ERROR=0x%X - %s
[11:32:33] [error] vge: %s(%d) : GL_CORE_ERROR=0x%X - %s
[11:32:33] [error] vge: %s(%d) : GL_CORE_ERROR=0x%X - %s
[11:32:33] [error] vge: %s(%d) : GL_CORE_ERROR=0x%X - %s
[11:32:33] [error] vge: %s(%d) : GL_CORE_ERROR=0x%X - %s
[11:32:33] [error] vge: %s(%d) : GL_CORE_ERROR=0x%X - %s
[11:32:33] [error] vge: %s(%d) : GL_CORE_ERROR=0x%X - %s
[11:32:33] [error] vge: %s(%d) : GL_CORE_ERROR=0x%X - %s
[11:32:33] [error] vge: %s(%d) : GL_CORE_ERROR=0x%X - %s
[11:32:33] [error] vge: %s(%d) : GL_CORE_ERROR=0x%X - %s
[11:32:33] [error] vge: %s(%d) : GL_CORE_ERROR=0x%X - %s
[11:32:33] [error] vge: %s(%d) : GL_CORE_ERROR=0x%X - %s
[11:32:33] [error] vge: %s(%d) : GL_CORE_ERROR=0x%X - %s
[11:32:33] [error] vge: %s(%d) : GL_CORE_ERROR=0x%X - %s
[11:32:33] [error] vge: %s(%d) : GL_CORE_ERROR=0x%X - %s
[11:32:33] [error] vge: %s(%d) : GL_CORE_ERROR=0x%X - %s
[11:32:33] [error] vge: %s(%d) : GL_CORE_ERROR=0x%X - %s
[11:32:34] [error] vge: %s(%d) : GL_CORE_ERROR=0x%X - %s
[11:32:34] [error] vge: %s(%d) : GL_CORE_ERROR=0x%X - %s
[11:32:34] [error] vge: %s(%d) : GL_CORE_ERROR=0x%X - %s
[11:32:34] [error] vge: %s(%d) : GL_CORE_ERROR=0x%X - %s
[11:32:34] [error] vge: %s(%d) : GL_CORE_ERROR=0x%X - %s
[11:32:34] [error] vge: %s(%d) : GL_CORE_ERROR=0x%X - %s
[11:32:34] [error] vge: %s(%d) : GL_CORE_ERROR=0x%X - %s
[11:32:34] [error] vge: %s(%d) : GL_CORE_ERROR=0x%X - %s
[11:32:34] [error] vge: %s(%d) : GL_CORE_ERROR=0x%X - %s
[11:32:34] [error] vge: %s(%d) : GL_CORE_ERROR=0x%X - %s
[11:32:34] [error] vge: %s(%d) : GL_CORE_ERROR=0x%X - %s
[11:32:34] [error] vge: %s(%d) : GL_CORE_ERROR=0x%X - %s
[11:32:34] [error] vge: %s(%d) : GL_CORE_ERROR=0x%X - %s
[11:32:34] [error] vge: %s(%d) : GL_CORE_ERROR=0x%X - %s
[11:32:34] [error] vge: %s(%d) : GL_CORE_ERROR=0x%X - %s
[11:32:34] [error] vge: %s(%d) : GL_CORE_ERROR=0x%X - %s
[11:32:34] [error] vge: %s(%d) : GL_CORE_ERROR=0x%X - %s
[11:32:34] [error] vge: %s(%d) : GL_CORE_ERROR=0x%X - %s
[11:32:34] [error] vge: %s(%d) : GL_CORE_ERROR=0x%X - %s
[11:32:34] [error] vge: %s(%d) : GL_CORE_ERROR=0x%X - %s
[11:32:34] [error] vge: %s(%d) : GL_CORE_ERROR=0x%X - %s
[11:32:34] [error] vge: %s(%d) : GL_CORE_ERROR=0x%X - %s
[11:32:34] [error] vge: %s(%d) : GL_CORE_ERROR=0x%X - %s
[11:32:34] [error] vge: %s(%d) : GL_CORE_ERROR=0x%X - %s
[11:32:34] [error] vge: %s(%d) : GL_CORE_ERROR=0x%X - %s
[11:32:34] [error] vge: %s(%d) : GL_CORE_ERROR=0x%X - %s
[11:32:34] [error] vge: %s(%d) : GL_CORE_ERROR=0x%X - %s
[11:32:34] [error] vge: %s(%d) : GL_CORE_ERROR=0x%X - %s
[11:32:34] [error] vge: %s(%d) : GL_CORE_ERROR=0x%X - %s
[11:32:34] [error] vge: %s(%d) : GL_CORE_ERROR=0x%X - %s
[11:32:34] [error] vge: %s(%d) : GL_CORE_ERROR=0x%X - %s
[11:32:34] [error] vge: %s(%d) : GL_CORE_ERROR=0x%X - %s
[11:32:34] [error] vge: %s(%d) : GL_CORE_ERROR=0x%X - %s
[11:32:34] [error] vge: %s(%d) : GL_CORE_ERROR=0x%X - %s
[11:32:34] [error] vge: %s(%d) : GL_CORE_ERROR=0x%X - %s
[11:32:34] [error] vge: %s(%d) : GL_CORE_ERROR=0x%X - %s
[11:32:34] [error] vge: %s(%d) : GL_CORE_ERROR=0x%X - %s
[11:32:34] [error] vge: %s(%d) : GL_CORE_ERROR=0x%X - %s
[11:32:34] [error] vge: %s(%d) : GL_CORE_ERROR=0x%X - %s
[11:32:34] [error] vge: %s(%d) : GL_CORE_ERROR=0x%X - %s
[11:32:34] [error] vge: %s(%d) : GL_CORE_ERROR=0x%X - %s
[11:32:34] [error] vge: %s(%d) : GL_CORE_ERROR=0x%X - %s
[11:32:34] [error] vge: %s(%d) : GL_CORE_ERROR=0x%X - %s
[11:32:34] [error] vge: %s(%d) : GL_CORE_ERROR=0x%X - %s
[11:32:34] [error] vge: %s(%d) : GL_CORE_ERROR=0x%X - %s
[11:32:34] [error] vge: %s(%d) : GL_CORE_ERROR=0x%X - %s
[11:32:34] [error] vge: %s(%d) : GL_CORE_ERROR=0x%X - %s
[11:32:34] [error] vge: %s(%d) : GL_CORE_ERROR=0x%X - %s
[11:32:34] [error] vge: %s(%d) : GL_CORE_ERROR=0x%X - %s
[11:32:34] [error] vge: %s(%d) : GL_CORE_ERROR=0x%X - %s
[11:32:34] [error] vge: %s(%d) : GL_CORE_ERROR=0x%X - %s
[11:32:34] [error] vge: %s(%d) : GL_CORE_ERROR=0x%X - %s
[11:32:34] [error] vge: %s(%d) : GL_CORE_ERROR=0x%X - %s
[11:32:34] [error] vge: %s(%d) : GL_CORE_ERROR=0x%X - %s
[11:32:34] [error] vge: %s(%d) : GL_CORE_ERROR=0x%X - %s
[11:32:34] [error] vge: %s(%d) : GL_CORE_ERROR=0x%X - %s
[11:32:34] [error] vge: %s(%d) : GL_CORE_ERROR=0x%X - %s
[11:32:34] [error] vge: %s(%d) : GL_CORE_ERROR=0x%X - %s
[11:32:34] [error] vge: %s(%d) : GL_CORE_ERROR=0x%X - %s
[11:32:34] [error] vge: %s(%d) : GL_CORE_ERROR=0x%X - %s
[11:32:34] [error] vge: %s(%d) : GL_CORE_ERROR=0x%X - %s
[11:32:34] [error] vge: %s(%d) : GL_CORE_ERROR=0x%X - %s
[11:32:34] [error] vge: %s(%d) : GL_CORE_ERROR=0x%X - %s
[11:32:34] [error] vge: %s(%d) : GL_CORE_ERROR=0x%X - %s
[11:32:34] [error] vge: %s(%d) : GL_CORE_ERROR=0x%X - %s
[11:32:34] [error] vge: %s(%d) : GL_CORE_ERROR=0x%X - %s
[11:32:34] [error] vge: %s(%d) : GL_CORE_ERROR=0x%X - %s
[11:32:34] [error] vge: %s(%d) : GL_CORE_ERROR=0x%X - %s
[11:32:34] [error] vge: %s(%d) : GL_CORE_ERROR=0x%X - %s
[11:32:34] [error] vge: %s(%d) : GL_CORE_ERROR=0x%X - %s
[11:32:34] [error] vge: %s(%d) : GL_CORE_ERROR=0x%X - %s
[11:32:34] [error] vge: %s(%d) : GL_CORE_ERROR=0x%X - %s
[11:32:34] [error] vge: %s(%d) : GL_CORE_ERROR=0x%X - %s
[11:32:34] [error] vge: %s(%d) : GL_CORE_ERROR=0x%X - %s
[11:32:34] [error] vge: %s(%d) : GL_CORE_ERROR=0x%X - %s
[11:32:34] [error] vge: %s(%d) : GL_CORE_ERROR=0x%X - %s
[11:32:34] [error] vge: %s(%d) : GL_CORE_ERROR=0x%X - %s
[11:32:34] [error] vge: %s(%d) : GL_CORE_ERROR=0x%X - %s
[11:32:35] [error] vge: %s(%d) : GL_CORE_ERROR=0x%X - %s
[11:32:35] [error] vge: %s(%d) : GL_CORE_ERROR=0x%X - %s
